
<entities xmlns:xsd="http://www.w3.org/2001/XMLSchema" xmlns:xsi="http://www.w3.org/2001/XMLSchema-instance">
  <entity name="tc_killerquestions" displayname="Killer Question">
    <records>
      <record id="3817347d-9761-e711-8122-e0071b662011">
        <field name="tc_killerquestionsid" value="3817347d-9761-e711-8122-e0071b662011" />
        <field name="tc_name" value="What do you like to do on holiday?" />
      </record>
      <record id="0b13d589-9761-e711-8122-e0071b662011">
        <field name="tc_killerquestionsid" value="0b13d589-9761-e711-8122-e0071b662011" />
        <field name="tc_name" value="What kind of destination/resort are you looking for?" />
      </record>
      <record id="74826f98-9761-e711-8122-e0071b662011">
        <field name="tc_killerquestionsid" value="74826f98-9761-e711-8122-e0071b662011" />
        <field name="tc_name" value="What&amp;#39;s important about your accommodation?" />
      </record>
      <record id="f985e0a7-9761-e711-8122-e0071b662011">
        <field name="tc_killerquestionsid" value="f985e0a7-9761-e711-8122-e0071b662011" />
        <field name="tc_name" value="What&amp;#39;s the hotel got to have?" />
      </record>
      <record id="964a29b4-9761-e711-8122-e0071b662011">
        <field name="tc_killerquestionsid" value="964a29b4-9761-e711-8122-e0071b662011" />
        <field name="tc_name" value="What do the kids like to do on holiday?" />
      </record>
      <record id="525beec5-9761-e711-8122-e0071b662011">
        <field name="tc_killerquestionsid" value="525beec5-9761-e711-8122-e0071b662011" />
        <field name="tc_name" value="Describe to me your dream day on holiday?" />
      </record>
      <record id="932a04d3-9761-e711-8122-e0071b662011">
        <field name="tc_killerquestionsid" value="932a04d3-9761-e711-8122-e0071b662011" />
        <field name="tc_name" value="What&amp;#39;s most important to you?" />
      </record>
      <record id="dca592d9-9761-e711-8122-e0071b662011">
        <field name="tc_killerquestionsid" value="dca592d9-9761-e711-8122-e0071b662011" />
        <field name="tc_name" value="What&amp;#39;s your price range?" />
      </record>
      <record id="49ae11ec-9761-e711-8122-e0071b662011">
        <field name="tc_killerquestionsid" value="49ae11ec-9761-e711-8122-e0071b662011" />
        <field name="tc_name" value="Is there anything I&amp;#39;ve missed that would make this holiday perfect?" />
      </record>
    </records>
    <m2mrelationships />
  </entity>
</entities>