
<entities xmlns:xsd="http://www.w3.org/2001/XMLSchema" xmlns:xsi="http://www.w3.org/2001/XMLSchema-instance">
  <entity name="tc_casetype" displayname="Case Type">
    <records>
      <record id="478c99e9-93e4-e611-8109-1458d041f8e8">
        <field name="tc_name" value="Complaint" />
        <field name="tc_casetypeid" value="478c99e9-93e4-e611-8109-1458d041f8e8" />
      </record>
      <record id="d264c3f0-93e4-e611-8109-1458d041f8e8">
        <field name="tc_name" value="Incident" />
        <field name="tc_casetypeid" value="d264c3f0-93e4-e611-8109-1458d041f8e8" />
      </record>
      <record id="8f3df81c-ae25-e711-810d-3863bb340dd8">
        <field name="tc_name" value="Enquiry" />
        <field name="tc_casetypeid" value="8f3df81c-ae25-e711-810d-3863bb340dd8" />
      </record>
    </records>
    <m2mrelationships />
  </entity>
</entities>