<Components xmlns:xsd="http://www.w3.org/2001/XMLSchema" xmlns:xsi="http://www.w3.org/2001/XMLSchema-instance" xmlns="http://schemas.microsoft.com/crm/2009/"><Component><Id>8ebc6022-2cc2-445e-a660-f9f1e4e86c86</Id><Name>Last On Hold Time</Name><ComponentType>2</ComponentType><TypeName>Attribute</TypeName><ParentEntity>Appointment</ParentEntity><Action>Remove</Action><Comments><Comment>The Attribute Last On Hold Time hasn't been added to the solution because it's a new Attribute, or it contains components that won't work in earlier versions of CRM. 
    </Comment></Comments></Component><Component><Id>257d72dc-124b-4e2a-81b7-f4830c6632fe</Id><Name>SLA</Name><ComponentType>2</ComponentType><TypeName>Attribute</TypeName><ParentEntity>Appointment</ParentEntity><Action>Remove</Action><Comments><Comment>The Attribute SLA hasn't been added to the solution because it's a new Attribute, or it contains components that won't work in earlier versions of CRM. 
    </Comment></Comments></Component><Component><Id>d178e3d7-201f-45dd-94ec-099287d4a210</Id><Name>Sort Date</Name><ComponentType>2</ComponentType><TypeName>Attribute</TypeName><ParentEntity>Appointment</ParentEntity><Action>Remove</Action><Comments><Comment>The Attribute Sort Date hasn't been added to the solution because it's a new Attribute, or it contains components that won't work in earlier versions of CRM. 
    </Comment></Comments></Component><Component><Id>196472bb-e63d-488e-8ca9-321a15b4fa21</Id><Name>Last SLA applied</Name><ComponentType>2</ComponentType><TypeName>Attribute</TypeName><ParentEntity>Appointment</ParentEntity><Action>Remove</Action><Comments><Comment>The Attribute Last SLA applied hasn't been added to the solution because it's a new Attribute, or it contains components that won't work in earlier versions of CRM. 
    </Comment></Comments></Component><Component><Id>14340c77-c0d8-4011-9603-7e3c596b62fe</Id><Name>On Hold Time (Minutes)</Name><ComponentType>2</ComponentType><TypeName>Attribute</TypeName><ParentEntity>Appointment</ParentEntity><Action>Remove</Action><Comments><Comment>The Attribute On Hold Time (Minutes) hasn't been added to the solution because it's a new Attribute, or it contains components that won't work in earlier versions of CRM. 
    </Comment></Comments></Component><Component><Id>2e330c29-851c-4641-b569-2bebad865ac4</Id><Name>Email Reminder Expiry Time</Name><ComponentType>2</ComponentType><TypeName>Attribute</TypeName><ParentEntity>Email</ParentEntity><Action>Remove</Action><Comments><Comment>The Attribute Email Reminder Expiry Time hasn't been added to the solution because it's a new Attribute, or it contains components that won't work in earlier versions of CRM. 
    </Comment></Comments></Component><Component><Id>6b3c7cbe-35fa-4c3b-b4bd-207d6b3afce7</Id><Name>Open Count</Name><ComponentType>2</ComponentType><TypeName>Attribute</TypeName><ParentEntity>Email</ParentEntity><Action>Remove</Action><Comments><Comment>The Attribute Open Count hasn't been added to the solution because it's a new Attribute, or it contains components that won't work in earlier versions of CRM. 
    </Comment></Comments></Component><Component><Id>64d7e206-242d-4f5f-8338-b03d4c17a770</Id><Name>Sort Date</Name><ComponentType>2</ComponentType><TypeName>Attribute</TypeName><ParentEntity>Email</ParentEntity><Action>Remove</Action><Comments><Comment>The Attribute Sort Date hasn't been added to the solution because it's a new Attribute, or it contains components that won't work in earlier versions of CRM. 
    </Comment></Comments></Component><Component><Id>5fa4e6f2-a401-4b7f-a0e7-ce2acde1c434</Id><Name>Followed</Name><ComponentType>2</ComponentType><TypeName>Attribute</TypeName><ParentEntity>Email</ParentEntity><Action>Remove</Action><Comments><Comment>The Attribute Followed hasn't been added to the solution because it's a new Attribute, or it contains components that won't work in earlier versions of CRM. 
    </Comment></Comments></Component><Component><Id>736e23b8-b2a0-49db-8099-8d25667aff7e</Id><Name>Last SLA applied</Name><ComponentType>2</ComponentType><TypeName>Attribute</TypeName><ParentEntity>Email</ParentEntity><Action>Remove</Action><Comments><Comment>The Attribute Last SLA applied hasn't been added to the solution because it's a new Attribute, or it contains components that won't work in earlier versions of CRM. 
    </Comment></Comments></Component><Component><Id>a05504bc-7fb5-422e-9db8-76e559bf8b0e</Id><Name>ID for template used.</Name><ComponentType>2</ComponentType><TypeName>Attribute</TypeName><ParentEntity>Email</ParentEntity><Action>Remove</Action><Comments><Comment>The Attribute ID for template used. hasn't been added to the solution because it's a new Attribute, or it contains components that won't work in earlier versions of CRM. 
    </Comment></Comments></Component><Component><Id>c6ae504b-9c42-4454-a7c3-6809ab407311</Id><Name>Last On Hold Time</Name><ComponentType>2</ComponentType><TypeName>Attribute</TypeName><ParentEntity>Email</ParentEntity><Action>Remove</Action><Comments><Comment>The Attribute Last On Hold Time hasn't been added to the solution because it's a new Attribute, or it contains components that won't work in earlier versions of CRM. 
    </Comment></Comments></Component><Component><Id>0103ac8e-993d-47e5-99e1-96eb89400444</Id><Name>Reply Count</Name><ComponentType>2</ComponentType><TypeName>Attribute</TypeName><ParentEntity>Email</ParentEntity><Action>Remove</Action><Comments><Comment>The Attribute Reply Count hasn't been added to the solution because it's a new Attribute, or it contains components that won't work in earlier versions of CRM. 
    </Comment></Comments></Component><Component><Id>7065cb1b-02cf-4db4-85f6-a278b21240f0</Id><Name>Attachment View Count</Name><ComponentType>2</ComponentType><TypeName>Attribute</TypeName><ParentEntity>Email</ParentEntity><Action>Remove</Action><Comments><Comment>The Attribute Attachment View Count hasn't been added to the solution because it's a new Attribute, or it contains components that won't work in earlier versions of CRM. 
    </Comment></Comments></Component><Component><Id>f44008eb-cef4-4d48-92aa-8a3d9bc52f05</Id><Name>Reminder Action Card Id.</Name><ComponentType>2</ComponentType><TypeName>Attribute</TypeName><ParentEntity>Email</ParentEntity><Action>Remove</Action><Comments><Comment>The Attribute Reminder Action Card Id. hasn't been added to the solution because it's a new Attribute, or it contains components that won't work in earlier versions of CRM. 
    </Comment></Comments></Component><Component><Id>90fe89c7-20f1-497f-b991-7885a604882f</Id><Name>Conversation Tracking Id</Name><ComponentType>2</ComponentType><TypeName>Attribute</TypeName><ParentEntity>Email</ParentEntity><Action>Remove</Action><Comments><Comment>The Attribute Conversation Tracking Id hasn't been added to the solution because it's a new Attribute, or it contains components that won't work in earlier versions of CRM. 
    </Comment></Comments></Component><Component><Id>01c65640-352d-493d-ab96-6a5300842b58</Id><Name>Email Tracking Id</Name><ComponentType>2</ComponentType><TypeName>Attribute</TypeName><ParentEntity>Email</ParentEntity><Action>Remove</Action><Comments><Comment>The Attribute Email Tracking Id hasn't been added to the solution because it's a new Attribute, or it contains components that won't work in earlier versions of CRM. 
    </Comment></Comments></Component><Component><Id>51098e71-7299-4853-96ef-be1270b384eb</Id><Name>Last Opened Time</Name><ComponentType>2</ComponentType><TypeName>Attribute</TypeName><ParentEntity>Email</ParentEntity><Action>Remove</Action><Comments><Comment>The Attribute Last Opened Time hasn't been added to the solution because it's a new Attribute, or it contains components that won't work in earlier versions of CRM. 
    </Comment></Comments></Component><Component><Id>7b185452-1e23-4675-8527-1ee19fe49306</Id><Name>Email Reminder Text</Name><ComponentType>2</ComponentType><TypeName>Attribute</TypeName><ParentEntity>Email</ParentEntity><Action>Remove</Action><Comments><Comment>The Attribute Email Reminder Text hasn't been added to the solution because it's a new Attribute, or it contains components that won't work in earlier versions of CRM. 
    </Comment></Comments></Component><Component><Id>9969c4db-28b0-4d6e-868c-aa94ea636191</Id><Name>Following</Name><ComponentType>2</ComponentType><TypeName>Attribute</TypeName><ParentEntity>Email</ParentEntity><Action>Remove</Action><Comments><Comment>The Attribute Following hasn't been added to the solution because it's a new Attribute, or it contains components that won't work in earlier versions of CRM. 
    </Comment></Comments></Component><Component><Id>728cc1b2-01f0-4694-be2d-ac2bf980fb04</Id><Name>Email Reminder Status</Name><ComponentType>2</ComponentType><TypeName>Attribute</TypeName><ParentEntity>Email</ParentEntity><Action>Remove</Action><Comments><Comment>The Attribute Email Reminder Status hasn't been added to the solution because it's a new Attribute, or it contains components that won't work in earlier versions of CRM. 
    </Comment></Comments></Component><Component><Id>1fe76536-f9c4-4962-b508-4c58d54ae9b1</Id><Name>On Hold Time (Minutes)</Name><ComponentType>2</ComponentType><TypeName>Attribute</TypeName><ParentEntity>Email</ParentEntity><Action>Remove</Action><Comments><Comment>The Attribute On Hold Time (Minutes) hasn't been added to the solution because it's a new Attribute, or it contains components that won't work in earlier versions of CRM. 
    </Comment></Comments></Component><Component><Id>5464e83a-131d-4fc9-be68-88fc0b53efc3</Id><Name>Email Reminder Type</Name><ComponentType>2</ComponentType><TypeName>Attribute</TypeName><ParentEntity>Email</ParentEntity><Action>Remove</Action><Comments><Comment>The Attribute Email Reminder Type hasn't been added to the solution because it's a new Attribute, or it contains components that won't work in earlier versions of CRM. 
    </Comment></Comments></Component><Component><Id>550a093f-92f2-4fa9-9faf-87b2a4d7220d</Id><Name>Link Click Count</Name><ComponentType>2</ComponentType><TypeName>Attribute</TypeName><ParentEntity>Email</ParentEntity><Action>Remove</Action><Comments><Comment>The Attribute Link Click Count hasn't been added to the solution because it's a new Attribute, or it contains components that won't work in earlier versions of CRM. 
    </Comment></Comments></Component><Component><Id>33de37be-02c0-4ce2-a306-1a0e08b8eacb</Id><Name>SLA</Name><ComponentType>2</ComponentType><TypeName>Attribute</TypeName><ParentEntity>Email</ParentEntity><Action>Remove</Action><Comments><Comment>The Attribute SLA hasn't been added to the solution because it's a new Attribute, or it contains components that won't work in earlier versions of CRM. 
    </Comment></Comments></Component><Component><Id>b8ebe27c-0d63-4954-a0e4-f46f538dd2aa</Id><Name>Delay Send</Name><ComponentType>2</ComponentType><TypeName>Attribute</TypeName><ParentEntity>Email</ParentEntity><Action>Remove</Action><Comments><Comment>The Attribute Delay Send hasn't been added to the solution because it's a new Attribute, or it contains components that won't work in earlier versions of CRM. 
    </Comment></Comments></Component><Component><Id>6fef1242-d3e2-4358-912d-27c268abd323</Id><Name>All Followed Emails</Name><ComponentType>26</ComponentType><TypeName>Saved Query</TypeName><ParentEntity>Email</ParentEntity><Action>Remove</Action><Comments><Comment>The Saved Query All Followed Emails hasn't been added to the solution because it's a new Saved Query, or it contains components that won't work in earlier versions of CRM. 
    </Comment></Comments></Component><Component><Id>5f3c0954-9208-4555-9145-9f36c02b2582</Id><Name>Quick Find All Email</Name><ComponentType>26</ComponentType><TypeName>Saved Query</TypeName><ParentEntity>Email</ParentEntity><Action>Edit</Action><Comments><Comment>The View Quick Find All Email has been modified to remove the reference to Attribute Open Count because this component won’t work in earlier versions of CRM.</Comment><Comment>The View Quick Find All Email has been modified to remove the reference to Attribute Attachment View Count because this component won’t work in earlier versions of CRM.</Comment><Comment>The View Quick Find All Email has been modified to remove the reference to Attribute Link Click Count because this component won’t work in earlier versions of CRM.</Comment><Comment>The View Quick Find All Email has been modified to remove the reference to Attribute Reply Count because this component won’t work in earlier versions of CRM.</Comment></Comments></Component><Component><Id>49f705d0-bab8-e511-80d8-00155dbdd410</Id><Name>bookableresourcebooking_Appointments</Name><ComponentType>10</ComponentType><TypeName>EntityRelationship</TypeName><ParentEntity>Appointment</ParentEntity><Action>Remove</Action><Comments><Comment>The EntityRelationship bookableresourcebooking_Appointments hasn't been added to the solution because it's a new EntityRelationship, or it contains components that won't work in earlier versions of CRM. 
    </Comment></Comments></Component><Component><Id>4df705d0-bab8-e511-80d8-00155dbdd410</Id><Name>bookableresourcebooking_Emails</Name><ComponentType>10</ComponentType><TypeName>EntityRelationship</TypeName><ParentEntity>Email</ParentEntity><Action>Remove</Action><Comments><Comment>The EntityRelationship bookableresourcebooking_Emails hasn't been added to the solution because it's a new EntityRelationship, or it contains components that won't work in earlier versions of CRM. 
    </Comment></Comments></Component><Component><Id>01437cd6-bab8-e511-80d8-00155dbdd410</Id><Name>bookableresourcebookingheader_Appointments</Name><ComponentType>10</ComponentType><TypeName>EntityRelationship</TypeName><ParentEntity>Appointment</ParentEntity><Action>Remove</Action><Comments><Comment>The EntityRelationship bookableresourcebookingheader_Appointments hasn't been added to the solution because it's a new EntityRelationship, or it contains components that won't work in earlier versions of CRM. 
    </Comment></Comments></Component><Component><Id>05437cd6-bab8-e511-80d8-00155dbdd410</Id><Name>bookableresourcebookingheader_Emails</Name><ComponentType>10</ComponentType><TypeName>EntityRelationship</TypeName><ParentEntity>Email</ParentEntity><Action>Remove</Action><Comments><Comment>The EntityRelationship bookableresourcebookingheader_Emails hasn't been added to the solution because it's a new EntityRelationship, or it contains components that won't work in earlier versions of CRM. 
    </Comment></Comments></Component><Component><Id>37134d4c-c6a0-4cdc-8ba4-272e25300cba</Id><Name>manualsla_email</Name><ComponentType>10</ComponentType><TypeName>EntityRelationship</TypeName><ParentEntity>Email</ParentEntity><Action>Remove</Action><Comments><Comment>The EntityRelationship manualsla_email hasn't been added to the solution because it's a new EntityRelationship, or it contains components that won't work in earlier versions of CRM. 
    </Comment></Comments></Component><Component><Id>a192bda8-1c0d-4d9c-906b-899825a50115</Id><Name>sla_email</Name><ComponentType>10</ComponentType><TypeName>EntityRelationship</TypeName><ParentEntity>SLA</ParentEntity><Action>Remove</Action><Comments><Comment>The EntityRelationship sla_email hasn't been added to the solution because it's a new EntityRelationship, or it contains components that won't work in earlier versions of CRM. 
    </Comment></Comments></Component><Component><Id>174b5bd7-7f31-4361-a78e-b416e2d91fce</Id><Name>manualsla_appointment</Name><ComponentType>10</ComponentType><TypeName>EntityRelationship</TypeName><ParentEntity>SLA</ParentEntity><Action>Remove</Action><Comments><Comment>The EntityRelationship manualsla_appointment hasn't been added to the solution because it's a new EntityRelationship, or it contains components that won't work in earlier versions of CRM. 
    </Comment></Comments></Component><Component><Id>2b6d179f-cda5-4f92-a610-cd8350281216</Id><Name>sla_appointment</Name><ComponentType>10</ComponentType><TypeName>EntityRelationship</TypeName><ParentEntity>Appointment</ParentEntity><Action>Remove</Action><Comments><Comment>The EntityRelationship sla_appointment hasn't been added to the solution because it's a new EntityRelationship, or it contains components that won't work in earlier versions of CRM. 
    </Comment></Comments></Component><Component><Id>760df4d9-e26a-4d72-a1f5-e8da979e61c6</Id><Name>Email_EmailTemplate</Name><ComponentType>10</ComponentType><TypeName>EntityRelationship</TypeName><ParentEntity>Email</ParentEntity><Action>Remove</Action><Comments><Comment>The EntityRelationship Email_EmailTemplate hasn't been added to the solution because it's a new EntityRelationship, or it contains components that won't work in earlier versions of CRM. 
    </Comment></Comments></Component></Components>