
<entities xmlns:xsd="http://www.w3.org/2001/XMLSchema" xmlns:xsi="http://www.w3.org/2001/XMLSchema-instance">
  <entity name="tc_brand" displayname="Brand">
    <records>
      <record id="809a1626-9514-e711-8104-3863bb349770">
        <field name="tc_brandcode" value="AIR" />
        <field name="tc_brandid" value="809a1626-9514-e711-8104-3863bb349770" />
        <field name="tc_name" value="airmarin" />
        <field name="tc_countryid" value="e6255c25-8a14-e711-810c-3863bb34fa70" lookupentity="tc_country" lookupentityname="Germany" />
      </record>
      <record id="829a1626-9514-e711-8104-3863bb349770">
        <field name="tc_brandcode" value="AIR1" />
        <field name="tc_brandid" value="829a1626-9514-e711-8104-3863bb349770" />
        <field name="tc_name" value="Airtours" />
        <field name="tc_countryid" value="fa255c25-8a14-e711-810c-3863bb34fa70" lookupentity="tc_country" lookupentityname="United Kingdom" />
      </record>
      <record id="849a1626-9514-e711-8104-3863bb349770">
        <field name="tc_brandcode" value="AQT" />
        <field name="tc_brandid" value="849a1626-9514-e711-8104-3863bb349770" />
        <field name="tc_name" value="Aquatour" />
        <field name="tc_countryid" value="f8255c25-8a14-e711-810c-3863bb34fa70" lookupentity="tc_country" lookupentityname="France" />
      </record>
      <record id="869a1626-9514-e711-8104-3863bb349770">
        <field name="tc_brandcode" value="BUC" />
        <field name="tc_brandid" value="869a1626-9514-e711-8104-3863bb349770" />
        <field name="tc_name" value="Bucher Last Minute" />
        <field name="tc_countryid" value="e6255c25-8a14-e711-810c-3863bb34fa70" lookupentity="tc_country" lookupentityname="Germany" />
      </record>
      <record id="889a1626-9514-e711-8104-3863bb349770">
        <field name="tc_brandcode" value="CLU1" />
        <field name="tc_brandid" value="889a1626-9514-e711-8104-3863bb349770" />
        <field name="tc_name" value="Club18-30" />
        <field name="tc_countryid" value="fa255c25-8a14-e711-810c-3863bb34fa70" lookupentity="tc_country" lookupentityname="United Kingdom" />
      </record>
      <record id="8a9a1626-9514-e711-8104-3863bb349770">
        <field name="tc_brandcode" value="CRS" />
        <field name="tc_brandid" value="8a9a1626-9514-e711-8104-3863bb349770" />
        <field name="tc_name" value="Cresta" />
        <field name="tc_countryid" value="fa255c25-8a14-e711-810c-3863bb34fa70" lookupentity="tc_country" lookupentityname="United Kingdom" />
      </record>
      <record id="8c9a1626-9514-e711-8104-3863bb349770">
        <field name="tc_brandcode" value="CZE" />
        <field name="tc_brandid" value="8c9a1626-9514-e711-8104-3863bb349770" />
        <field name="tc_name" value="Neckermann Cestovn&amp;#237; kancel&amp;#225;ř" />
        <field name="tc_countryid" value="e4255c25-8a14-e711-810c-3863bb34fa70" lookupentity="tc_country" lookupentityname="Czech Republic" />
      </record>
      <record id="8e9a1626-9514-e711-8104-3863bb349770">
        <field name="tc_brandcode" value="ESC" />
        <field name="tc_brandid" value="8e9a1626-9514-e711-8104-3863bb349770" />
        <field name="tc_name" value="Thomas Cook City Escapes (TCCE)" />
        <field name="tc_countryid" value="fa255c25-8a14-e711-810c-3863bb34fa70" lookupentity="tc_country" lookupentityname="United Kingdom" />
      </record>
      <record id="909a1626-9514-e711-8104-3863bb349770">
        <field name="tc_brandcode" value="FLO" />
        <field name="tc_brandid" value="909a1626-9514-e711-8104-3863bb349770" />
        <field name="tc_name" value="ThomasCookAirlines (Flight Only)" />
        <field name="tc_countryid" value="fa255c25-8a14-e711-810c-3863bb34fa70" lookupentity="tc_country" lookupentityname="United Kingdom" />
      </record>
      <record id="939a1626-9514-e711-8104-3863bb349770">
        <field name="tc_brandcode" value="FLX" />
        <field name="tc_brandid" value="939a1626-9514-e711-8104-3863bb349770" />
        <field name="tc_name" value="FlexibleTrips" />
        <field name="tc_countryid" value="fa255c25-8a14-e711-810c-3863bb34fa70" lookupentity="tc_country" lookupentityname="United Kingdom" />
      </record>
      <record id="959a1626-9514-e711-8104-3863bb349770">
        <field name="tc_brandcode" value="H4U" />
        <field name="tc_brandid" value="959a1626-9514-e711-8104-3863bb349770" />
        <field name="tc_name" value="Hotels4u" />
        <field name="tc_countryid" value="fa255c25-8a14-e711-810c-3863bb34fa70" lookupentity="tc_country" lookupentityname="United Kingdom" />
      </record>
      <record id="979a1626-9514-e711-8104-3863bb349770">
        <field name="tc_brandcode" value="HUN" />
        <field name="tc_brandid" value="979a1626-9514-e711-8104-3863bb349770" />
        <field name="tc_name" value="Neckermann-Utaz&amp;#225;s Kft. Hungary" />
        <field name="tc_countryid" value="0a265c25-8a14-e711-810c-3863bb34fa70" lookupentity="tc_country" lookupentityname="Hungary" />
      </record>
      <record id="999a1626-9514-e711-8104-3863bb349770">
        <field name="tc_brandcode" value="MEDH" />
        <field name="tc_brandid" value="999a1626-9514-e711-8104-3863bb349770" />
        <field name="tc_name" value="Med Hotels" />
        <field name="tc_countryid" value="fa255c25-8a14-e711-810c-3863bb34fa70" lookupentity="tc_country" lookupentityname="United Kingdom" />
      </record>
      <record id="9b9a1626-9514-e711-8104-3863bb349770">
        <field name="tc_brandcode" value="NEC" />
        <field name="tc_brandid" value="9b9a1626-9514-e711-8104-3863bb349770" />
        <field name="tc_name" value="Neckermann Reisen" />
        <field name="tc_countryid" value="e6255c25-8a14-e711-810c-3863bb34fa70" lookupentity="tc_country" lookupentityname="Germany" />
      </record>
      <record id="9d9a1626-9514-e711-8104-3863bb349770">
        <field name="tc_brandcode" value="NEF" />
        <field name="tc_brandid" value="9d9a1626-9514-e711-8104-3863bb349770" />
        <field name="tc_name" value="Jet Tours" />
        <field name="tc_countryid" value="f8255c25-8a14-e711-810c-3863bb34fa70" lookupentity="tc_country" lookupentityname="France" />
      </record>
      <record id="9f9a1626-9514-e711-8104-3863bb349770">
        <field name="tc_brandcode" value="NNS" />
        <field name="tc_brandid" value="9f9a1626-9514-e711-8104-3863bb349770" />
        <field name="tc_name" value="Neckermann International NL" />
        <field name="tc_countryid" value="58265c25-8a14-e711-810c-3863bb34fa70" lookupentity="tc_country" lookupentityname="Netherlands" />
      </record>
      <record id="a19a1626-9514-e711-8104-3863bb349770">
        <field name="tc_brandcode" value="NPL" />
        <field name="tc_brandid" value="a19a1626-9514-e711-8104-3863bb349770" />
        <field name="tc_name" value="Neckermann Polska BP" />
        <field name="tc_countryid" value="68265c25-8a14-e711-810c-3863bb34fa70" lookupentity="tc_country" lookupentityname="Poland" />
      </record>
      <record id="a39a1626-9514-e711-8104-3863bb349770">
        <field name="tc_brandcode" value="NVB" />
        <field name="tc_brandid" value="a39a1626-9514-e711-8104-3863bb349770" />
        <field name="tc_name" value="Neckermann (Belgium)" />
        <field name="tc_countryid" value="c0255c25-8a14-e711-810c-3863bb34fa70" lookupentity="tc_country" lookupentityname="Belgium" />
      </record>
      <record id="a59a1626-9514-e711-8104-3863bb349770">
        <field name="tc_brandcode" value="NVN" />
        <field name="tc_brandid" value="a59a1626-9514-e711-8104-3863bb349770" />
        <field name="tc_name" value="Neckermann (Netherland)" />
        <field name="tc_countryid" value="58265c25-8a14-e711-810c-3863bb34fa70" lookupentity="tc_country" lookupentityname="Netherlands" />
      </record>
      <record id="a79a1626-9514-e711-8104-3863bb349770">
        <field name="tc_brandcode" value="OES" />
        <field name="tc_brandid" value="a79a1626-9514-e711-8104-3863bb349770" />
        <field name="tc_name" value="Thomas Cook Austria AG" />
        <field name="tc_countryid" value="b6255c25-8a14-e711-810c-3863bb34fa70" lookupentity="tc_country" lookupentityname="Austria" />
      </record>
      <record id="a99a1626-9514-e711-8104-3863bb349770">
        <field name="tc_brandcode" value="OGE" />
        <field name="tc_brandid" value="a99a1626-9514-e711-8104-3863bb349770" />
        <field name="tc_name" value="Oegertours" />
        <field name="tc_countryid" value="e6255c25-8a14-e711-810c-3863bb34fa70" lookupentity="tc_country" lookupentityname="Germany" />
      </record>
      <record id="ab9a1626-9514-e711-8104-3863bb349770">
        <field name="tc_brandcode" value="OTO" />
        <field name="tc_brandid" value="ab9a1626-9514-e711-8104-3863bb349770" />
        <field name="tc_name" value="&amp;#214;GER TOURS Austria" />
        <field name="tc_countryid" value="b6255c25-8a14-e711-810c-3863bb34fa70" lookupentity="tc_country" lookupentityname="Austria" />
      </record>
      <record id="ad9a1626-9514-e711-8104-3863bb349770">
        <field name="tc_brandcode" value="PEG" />
        <field name="tc_brandid" value="ad9a1626-9514-e711-8104-3863bb349770" />
        <field name="tc_name" value="Pegase" />
        <field name="tc_countryid" value="c0255c25-8a14-e711-810c-3863bb34fa70" lookupentity="tc_country" lookupentityname="Belgium" />
      </record>
      <record id="af9a1626-9514-e711-8104-3863bb349770">
        <field name="tc_brandcode" value="SIG1" />
        <field name="tc_brandid" value="af9a1626-9514-e711-8104-3863bb349770" />
        <field name="tc_name" value="Thomas Cook Signature (TCS)" />
        <field name="tc_countryid" value="fa255c25-8a14-e711-810c-3863bb34fa70" lookupentity="tc_country" lookupentityname="United Kingdom" />
      </record>
      <record id="b19a1626-9514-e711-8104-3863bb349770">
        <field name="tc_brandcode" value="TCS" />
        <field name="tc_brandid" value="b19a1626-9514-e711-8104-3863bb349770" />
        <field name="tc_name" value="Thomas Cook International (Belgium)" />
        <field name="tc_countryid" value="c0255c25-8a14-e711-810c-3863bb34fa70" lookupentity="tc_country" lookupentityname="Belgium" />
      </record>
      <record id="b39a1626-9514-e711-8104-3863bb349770">
        <field name="tc_brandcode" value="TCU1" />
        <field name="tc_brandid" value="b39a1626-9514-e711-8104-3863bb349770" />
        <field name="tc_name" value="Thomas Cook UK" />
        <field name="tc_countryid" value="fa255c25-8a14-e711-810c-3863bb34fa70" lookupentity="tc_country" lookupentityname="United Kingdom" />
      </record>
      <record id="b59a1626-9514-e711-8104-3863bb349770">
        <field name="tc_brandcode" value="TOC" />
        <field name="tc_brandid" value="b59a1626-9514-e711-8104-3863bb349770" />
        <field name="tc_name" value="Thomas Cook DE" />
        <field name="tc_countryid" value="e6255c25-8a14-e711-810c-3863bb34fa70" lookupentity="tc_country" lookupentityname="Germany" />
      </record>
      <record id="b79a1626-9514-e711-8104-3863bb349770">
        <field name="tc_brandcode" value="VUN" />
        <field name="tc_brandid" value="b79a1626-9514-e711-8104-3863bb349770" />
        <field name="tc_name" value="Vrij Uit" />
        <field name="tc_countryid" value="58265c25-8a14-e711-810c-3863bb34fa70" lookupentity="tc_country" lookupentityname="Netherlands" />
      </record>
      <record id="b99a1626-9514-e711-8104-3863bb349770">
        <field name="tc_brandcode" value="SNS" />
        <field name="tc_brandid" value="b99a1626-9514-e711-8104-3863bb349770" />
        <field name="tc_name" value="Thomas Cook BE" />
        <field name="tc_countryid" value="c0255c25-8a14-e711-810c-3863bb34fa70" lookupentity="tc_country" lookupentityname="Belgium" />
      </record>
      <record id="bb9a1626-9514-e711-8104-3863bb349770">
        <field name="tc_brandcode" value="ALD" />
        <field name="tc_brandid" value="bb9a1626-9514-e711-8104-3863bb349770" />
        <field name="tc_name" value="Aldiana" />
        <field name="tc_countryid" value="e6255c25-8a14-e711-810c-3863bb34fa70" lookupentity="tc_country" lookupentityname="Germany" />
      </record>
      <record id="bd9a1626-9514-e711-8104-3863bb349770">
        <field name="tc_brandcode" value="ALF" />
        <field name="tc_brandid" value="bd9a1626-9514-e711-8104-3863bb349770" />
        <field name="tc_name" value="Aldiana Flugmarkt" />
        <field name="tc_countryid" value="e6255c25-8a14-e711-810c-3863bb34fa70" lookupentity="tc_country" lookupentityname="Germany" />
      </record>
      <record id="bf9a1626-9514-e711-8104-3863bb349770">
        <field name="tc_brandcode" value="CUN" />
        <field name="tc_brandid" value="bf9a1626-9514-e711-8104-3863bb349770" />
        <field name="tc_name" value="Neckermann Reisen" />
        <field name="tc_countryid" value="e6255c25-8a14-e711-810c-3863bb34fa70" lookupentity="tc_country" lookupentityname="Germany" />
      </record>
      <record id="c19a1626-9514-e711-8104-3863bb349770">
        <field name="tc_brandcode" value="C28" />
        <field name="tc_brandid" value="c19a1626-9514-e711-8104-3863bb349770" />
        <field name="tc_name" value="Neckermann Reisen" />
        <field name="tc_countryid" value="e6255c25-8a14-e711-810c-3863bb34fa70" lookupentity="tc_country" lookupentityname="Germany" />
      </record>
      <record id="c39a1626-9514-e711-8104-3863bb349770">
        <field name="tc_brandcode" value="EWP" />
        <field name="tc_brandid" value="c39a1626-9514-e711-8104-3863bb349770" />
        <field name="tc_name" value="Easy Way PEP" />
        <field name="tc_countryid" value="e6255c25-8a14-e711-810c-3863bb34fa70" lookupentity="tc_country" lookupentityname="Germany" />
      </record>
      <record id="c59a1626-9514-e711-8104-3863bb349770">
        <field name="tc_brandcode" value="GUT" />
        <field name="tc_brandid" value="c59a1626-9514-e711-8104-3863bb349770" />
        <field name="tc_name" value="Gut Reisen" />
        <field name="tc_countryid" value="e6255c25-8a14-e711-810c-3863bb34fa70" lookupentity="tc_country" lookupentityname="Germany" />
      </record>
      <record id="c79a1626-9514-e711-8104-3863bb349770">
        <field name="tc_brandcode" value="PER" />
        <field name="tc_brandid" value="c79a1626-9514-e711-8104-3863bb349770" />
        <field name="tc_name" value="Paneuropa Reisen" />
        <field name="tc_countryid" value="e6255c25-8a14-e711-810c-3863bb34fa70" lookupentity="tc_country" lookupentityname="Germany" />
      </record>
      <record id="c99a1626-9514-e711-8104-3863bb349770">
        <field name="tc_brandcode" value="POL" />
        <field name="tc_brandid" value="c99a1626-9514-e711-8104-3863bb349770" />
        <field name="tc_name" value="Neckermann Reisen" />
        <field name="tc_countryid" value="e6255c25-8a14-e711-810c-3863bb34fa70" lookupentity="tc_country" lookupentityname="Germany" />
      </record>
      <record id="cb9a1626-9514-e711-8104-3863bb349770">
        <field name="tc_brandcode" value="RUN" />
        <field name="tc_brandid" value="cb9a1626-9514-e711-8104-3863bb349770" />
        <field name="tc_name" value="Testmarke QS" />
        <field name="tc_countryid" value="e6255c25-8a14-e711-810c-3863bb34fa70" lookupentity="tc_country" lookupentityname="Germany" />
      </record>
      <record id="cd9a1626-9514-e711-8104-3863bb349770">
        <field name="tc_brandcode" value="TAG" />
        <field name="tc_brandid" value="cd9a1626-9514-e711-8104-3863bb349770" />
        <field name="tc_name" value="Terramar-Aldiana-Gold" />
        <field name="tc_countryid" value="e6255c25-8a14-e711-810c-3863bb34fa70" lookupentity="tc_country" lookupentityname="Germany" />
      </record>
      <record id="cf9a1626-9514-e711-8104-3863bb349770">
        <field name="tc_brandcode" value="TER" />
        <field name="tc_brandid" value="cf9a1626-9514-e711-8104-3863bb349770" />
        <field name="tc_name" value="Terramar Reisen" />
        <field name="tc_countryid" value="e6255c25-8a14-e711-810c-3863bb34fa70" lookupentity="tc_country" lookupentityname="Germany" />
      </record>
      <record id="d19a1626-9514-e711-8104-3863bb349770">
        <field name="tc_brandcode" value="TIP" />
        <field name="tc_brandid" value="d19a1626-9514-e711-8104-3863bb349770" />
        <field name="tc_name" value="Neckermann Reisen" />
        <field name="tc_countryid" value="e6255c25-8a14-e711-810c-3863bb34fa70" lookupentity="tc_country" lookupentityname="Germany" />
      </record>
      <record id="d39a1626-9514-e711-8104-3863bb349770">
        <field name="tc_brandcode" value="VIR" />
        <field name="tc_brandid" value="d39a1626-9514-e711-8104-3863bb349770" />
        <field name="tc_name" value="Pro. Virt. Veranstalter" />
        <field name="tc_countryid" value="e6255c25-8a14-e711-810c-3863bb34fa70" lookupentity="tc_country" lookupentityname="Germany" />
      </record>
      <record id="d59a1626-9514-e711-8104-3863bb349770">
        <field name="tc_brandcode" value="CAM" />
        <field name="tc_brandid" value="d59a1626-9514-e711-8104-3863bb349770" />
        <field name="tc_name" value="Neckermann Reizen" />
        <field name="tc_countryid" value="58265c25-8a14-e711-810c-3863bb34fa70" lookupentity="tc_country" lookupentityname="Netherlands" />
      </record>
      <record id="d79a1626-9514-e711-8104-3863bb349770">
        <field name="tc_brandcode" value="HEM" />
        <field name="tc_brandid" value="d79a1626-9514-e711-8104-3863bb349770" />
        <field name="tc_name" value="Neckermann Reizen" />
        <field name="tc_countryid" value="58265c25-8a14-e711-810c-3863bb34fa70" lookupentity="tc_country" lookupentityname="Netherlands" />
      </record>
      <record id="d99a1626-9514-e711-8104-3863bb349770">
        <field name="tc_brandcode" value="HVS" />
        <field name="tc_brandid" value="d99a1626-9514-e711-8104-3863bb349770" />
        <field name="tc_name" value="Neckermann Reizen" />
        <field name="tc_countryid" value="58265c25-8a14-e711-810c-3863bb34fa70" lookupentity="tc_country" lookupentityname="Netherlands" />
      </record>
      <record id="db9a1626-9514-e711-8104-3863bb349770">
        <field name="tc_brandcode" value="TCN" />
        <field name="tc_brandid" value="db9a1626-9514-e711-8104-3863bb349770" />
        <field name="tc_name" value="Thomas Cook" />
        <field name="tc_countryid" value="58265c25-8a14-e711-810c-3863bb34fa70" lookupentity="tc_country" lookupentityname="Netherlands" />
      </record>
      <record id="dd9a1626-9514-e711-8104-3863bb349770">
        <field name="tc_brandcode" value="IWP" />
        <field name="tc_brandid" value="dd9a1626-9514-e711-8104-3863bb349770" />
        <field name="tc_name" value="Neckermann Reizen Belgi&amp;#235;" />
        <field name="tc_countryid" value="c0255c25-8a14-e711-810c-3863bb34fa70" lookupentity="tc_country" lookupentityname="Belgium" />
      </record>
      <record id="df9a1626-9514-e711-8104-3863bb349770">
        <field name="tc_brandcode" value="LMS" />
        <field name="tc_brandid" value="df9a1626-9514-e711-8104-3863bb349770" />
        <field name="tc_name" value="Thomas Cook" />
        <field name="tc_countryid" value="c0255c25-8a14-e711-810c-3863bb34fa70" lookupentity="tc_country" lookupentityname="Belgium" />
      </record>
      <record id="e19a1626-9514-e711-8104-3863bb349770">
        <field name="tc_brandcode" value="NLA" />
        <field name="tc_brandid" value="e19a1626-9514-e711-8104-3863bb349770" />
        <field name="tc_name" value="Neckermann Reizen Belgi&amp;#235;" />
        <field name="tc_countryid" value="c0255c25-8a14-e711-810c-3863bb34fa70" lookupentity="tc_country" lookupentityname="Belgium" />
      </record>
      <record id="e39a1626-9514-e711-8104-3863bb349770">
        <field name="tc_brandcode" value="PAG" />
        <field name="tc_brandid" value="e39a1626-9514-e711-8104-3863bb349770" />
        <field name="tc_name" value="Thomas Cook" />
        <field name="tc_countryid" value="c0255c25-8a14-e711-810c-3863bb34fa70" lookupentity="tc_country" lookupentityname="Belgium" />
      </record>
      <record id="e59a1626-9514-e711-8104-3863bb349770">
        <field name="tc_brandcode" value="SEA" />
        <field name="tc_brandid" value="e59a1626-9514-e711-8104-3863bb349770" />
        <field name="tc_name" value="Thomas Cook" />
        <field name="tc_countryid" value="c0255c25-8a14-e711-810c-3863bb34fa70" lookupentity="tc_country" lookupentityname="Belgium" />
      </record>
      <record id="e79a1626-9514-e711-8104-3863bb349770">
        <field name="tc_brandcode" value="SGF" />
        <field name="tc_brandid" value="e79a1626-9514-e711-8104-3863bb349770" />
        <field name="tc_name" value="Thomas Cook Reizen (dummy)" />
        <field name="tc_countryid" value="c0255c25-8a14-e711-810c-3863bb34fa70" lookupentity="tc_country" lookupentityname="Belgium" />
      </record>
      <record id="e99a1626-9514-e711-8104-3863bb349770">
        <field name="tc_brandcode" value="SLA" />
        <field name="tc_brandid" value="e99a1626-9514-e711-8104-3863bb349770" />
        <field name="tc_name" value="Thomas Cook" />
        <field name="tc_countryid" value="c0255c25-8a14-e711-810c-3863bb34fa70" lookupentity="tc_country" lookupentityname="Belgium" />
      </record>
      <record id="eb9a1626-9514-e711-8104-3863bb349770">
        <field name="tc_brandcode" value="STV" />
        <field name="tc_brandid" value="eb9a1626-9514-e711-8104-3863bb349770" />
        <field name="tc_name" value="Neckermann Reizen Belgi&amp;#235;" />
        <field name="tc_countryid" value="c0255c25-8a14-e711-810c-3863bb34fa70" lookupentity="tc_country" lookupentityname="Belgium" />
      </record>
      <record id="ed9a1626-9514-e711-8104-3863bb349770">
        <field name="tc_brandcode" value="TCB" />
        <field name="tc_brandid" value="ed9a1626-9514-e711-8104-3863bb349770" />
        <field name="tc_name" value="Thomas Cook" />
        <field name="tc_countryid" value="c0255c25-8a14-e711-810c-3863bb34fa70" lookupentity="tc_country" lookupentityname="Belgium" />
      </record>
      <record id="ef9a1626-9514-e711-8104-3863bb349770">
        <field name="tc_brandcode" value="TCL" />
        <field name="tc_brandid" value="ef9a1626-9514-e711-8104-3863bb349770" />
        <field name="tc_name" value="TC Airline Belgium" />
        <field name="tc_countryid" value="c0255c25-8a14-e711-810c-3863bb34fa70" lookupentity="tc_country" lookupentityname="Belgium" />
      </record>
      <record id="f19a1626-9514-e711-8104-3863bb349770">
        <field name="tc_brandcode" value="AIM" />
        <field name="tc_brandid" value="f19a1626-9514-e711-8104-3863bb349770" />
        <field name="tc_name" value="Air Marin Flugreisen GmbH" />
        <field name="tc_countryid" value="e6255c25-8a14-e711-810c-3863bb34fa70" lookupentity="tc_country" lookupentityname="Germany" />
      </record>
      <record id="f39a1626-9514-e711-8104-3863bb349770">
        <field name="tc_brandcode" value="BTS" />
        <field name="tc_brandid" value="f39a1626-9514-e711-8104-3863bb349770" />
        <field name="tc_name" value="Bratislava Reisen" />
        <field name="tc_countryid" value="b6255c25-8a14-e711-810c-3863bb34fa70" lookupentity="tc_country" lookupentityname="Austria" />
      </record>
      <record id="f59a1626-9514-e711-8104-3863bb349770">
        <field name="tc_brandcode" value="BUD" />
        <field name="tc_brandid" value="f59a1626-9514-e711-8104-3863bb349770" />
        <field name="tc_name" value="Neckermann Utaz&amp;#39;as Szolg.kft" />
        <field name="tc_countryid" value="b6255c25-8a14-e711-810c-3863bb34fa70" lookupentity="tc_country" lookupentityname="Austria" />
      </record>
      <record id="f79a1626-9514-e711-8104-3863bb349770">
        <field name="tc_brandcode" value="KUO" />
        <field name="tc_brandid" value="f79a1626-9514-e711-8104-3863bb349770" />
        <field name="tc_name" value="Kuoni Reisen" />
        <field name="tc_countryid" value="b6255c25-8a14-e711-810c-3863bb34fa70" lookupentity="tc_country" lookupentityname="Austria" />
      </record>
      <record id="f99a1626-9514-e711-8104-3863bb349770">
        <field name="tc_brandcode" value="OGO" />
        <field name="tc_brandid" value="f99a1626-9514-e711-8104-3863bb349770" />
        <field name="tc_name" value="Thomas Cook Austria AG" />
        <field name="tc_countryid" value="b6255c25-8a14-e711-810c-3863bb34fa70" lookupentity="tc_country" lookupentityname="Austria" />
      </record>
      <record id="fb9a1626-9514-e711-8104-3863bb349770">
        <field name="tc_brandcode" value="PRG" />
        <field name="tc_brandid" value="fb9a1626-9514-e711-8104-3863bb349770" />
        <field name="tc_name" value="Nur Neckermann Reisen AG" />
        <field name="tc_countryid" value="b6255c25-8a14-e711-810c-3863bb34fa70" lookupentity="tc_country" lookupentityname="Austria" />
      </record>
      <record id="fd9a1626-9514-e711-8104-3863bb349770">
        <field name="tc_brandcode" value="SLO" />
        <field name="tc_brandid" value="fd9a1626-9514-e711-8104-3863bb349770" />
        <field name="tc_name" value="Neckermann Reisen Slowenien" />
        <field name="tc_countryid" value="b6255c25-8a14-e711-810c-3863bb34fa70" lookupentity="tc_country" lookupentityname="Austria" />
      </record>
      <record id="ff9a1626-9514-e711-8104-3863bb349770">
        <field name="tc_brandcode" value="CFI" />
        <field name="tc_brandid" value="ff9a1626-9514-e711-8104-3863bb349770" />
        <field name="tc_name" value="Condor (Intern)" />
        <field name="tc_countryid" value="e6255c25-8a14-e711-810c-3863bb34fa70" lookupentity="tc_country" lookupentityname="Germany" />
      </record>
      <record id="019b1626-9514-e711-8104-3863bb349770">
        <field name="tc_brandcode" value="BUH" />
        <field name="tc_brandid" value="019b1626-9514-e711-8104-3863bb349770" />
        <field name="tc_name" value="Bucher (Intern)" />
        <field name="tc_countryid" value="e6255c25-8a14-e711-810c-3863bb34fa70" lookupentity="tc_country" lookupentityname="Germany" />
      </record>
      <record id="039b1626-9514-e711-8104-3863bb349770">
        <field name="tc_brandcode" value="JBO" />
        <field name="tc_brandid" value="039b1626-9514-e711-8104-3863bb349770" />
        <field name="tc_name" value="JT exclu web" />
        <field name="tc_countryid" value="f8255c25-8a14-e711-810c-3863bb34fa70" lookupentity="tc_country" lookupentityname="France" />
      </record>
      <record id="059b1626-9514-e711-8104-3863bb349770">
        <field name="tc_brandcode" value="TCF" />
        <field name="tc_brandid" value="059b1626-9514-e711-8104-3863bb349770" />
        <field name="tc_name" value="JT co prod TC" />
        <field name="tc_countryid" value="f8255c25-8a14-e711-810c-3863bb34fa70" lookupentity="tc_country" lookupentityname="France" />
      </record>
      <record id="079b1626-9514-e711-8104-3863bb349770">
        <field name="tc_brandcode" value="HTP" />
        <field name="tc_brandid" value="079b1626-9514-e711-8104-3863bb349770" />
        <field name="tc_name" value="Hotelplan" />
        <field name="tc_countryid" value="e6255c25-8a14-e711-810c-3863bb34fa70" lookupentity="tc_country" lookupentityname="Germany" />
      </record>
      <record id="099b1626-9514-e711-8104-3863bb349770">
        <field name="tc_brandcode" value="TVR" />
        <field name="tc_brandid" value="099b1626-9514-e711-8104-3863bb349770" />
        <field name="tc_name" value="Tour Vital" />
        <field name="tc_countryid" value="e6255c25-8a14-e711-810c-3863bb34fa70" lookupentity="tc_country" lookupentityname="Germany" />
      </record>
      <record id="0b9b1626-9514-e711-8104-3863bb349770">
        <field name="tc_brandcode" value="URS" />
        <field name="tc_brandid" value="0b9b1626-9514-e711-8104-3863bb349770" />
        <field name="tc_name" value="Urlaubshop" />
        <field name="tc_countryid" value="e6255c25-8a14-e711-810c-3863bb34fa70" lookupentity="tc_country" lookupentityname="Germany" />
      </record>
      <record id="0d9b1626-9514-e711-8104-3863bb349770">
        <field name="tc_brandcode" value="VUS" />
        <field name="tc_brandid" value="0d9b1626-9514-e711-8104-3863bb349770" />
        <field name="tc_name" value="Vrij Uit Swiss" />
        <field name="tc_countryid" value="58265c25-8a14-e711-810c-3863bb34fa70" lookupentity="tc_country" lookupentityname="Netherlands" />
      </record>
      <record id="0f9b1626-9514-e711-8104-3863bb349770">
        <field name="tc_brandcode" value="NBS" />
        <field name="tc_brandid" value="0f9b1626-9514-e711-8104-3863bb349770" />
        <field name="tc_name" value="Neckermann BE Swiss" />
        <field name="tc_countryid" value="c0255c25-8a14-e711-810c-3863bb34fa70" lookupentity="tc_country" lookupentityname="Belgium" />
      </record>
      <record id="119b1626-9514-e711-8104-3863bb349770">
        <field name="tc_brandcode" value="PGS" />
        <field name="tc_brandid" value="119b1626-9514-e711-8104-3863bb349770" />
        <field name="tc_name" value="Pegase Swiss" />
        <field name="tc_countryid" value="c0255c25-8a14-e711-810c-3863bb34fa70" lookupentity="tc_country" lookupentityname="Belgium" />
      </record>
      <record id="139b1626-9514-e711-8104-3863bb349770">
        <field name="tc_brandcode" value="NER" />
        <field name="tc_brandid" value="139b1626-9514-e711-8104-3863bb349770" />
        <field name="tc_name" value="Neckermann Reisen" />
        <field name="tc_countryid" value="e6255c25-8a14-e711-810c-3863bb34fa70" lookupentity="tc_country" lookupentityname="Germany" />
      </record>
      <record id="159b1626-9514-e711-8104-3863bb349770">
        <field name="tc_brandcode" value="TOR" />
        <field name="tc_brandid" value="159b1626-9514-e711-8104-3863bb349770" />
        <field name="tc_name" value="Thomas Cook Reisen" />
        <field name="tc_countryid" value="e6255c25-8a14-e711-810c-3863bb34fa70" lookupentity="tc_country" lookupentityname="Germany" />
      </record>
      <record id="179b1626-9514-e711-8104-3863bb349770">
        <field name="tc_brandcode" value="TCA" />
        <field name="tc_brandid" value="179b1626-9514-e711-8104-3863bb349770" />
        <field name="tc_name" value="TC Airlines UK" />
        <field name="tc_countryid" value="fa255c25-8a14-e711-810c-3863bb34fa70" lookupentity="tc_country" lookupentityname="United Kingdom" />
      </record>
      <record id="199b1626-9514-e711-8104-3863bb349770">
        <field name="tc_brandcode" value="CRU" />
        <field name="tc_brandid" value="199b1626-9514-e711-8104-3863bb349770" />
        <field name="tc_name" value="Cruise" />
        <field name="tc_countryid" value="fa255c25-8a14-e711-810c-3863bb34fa70" lookupentity="tc_country" lookupentityname="United Kingdom" />
      </record>
      <record id="e13fb084-3150-e711-8127-e0071b659e11">
        <field name="tc_brandcode" value="SPC1" />
        <field name="tc_brandid" value="e13fb084-3150-e711-8127-e0071b659e11" />
        <field name="tc_name" value="Specialist UK &amp;amp; Ireland" />
        <field name="tc_countryid" value="fa255c25-8a14-e711-810c-3863bb34fa70" lookupentity="tc_country" lookupentityname="United Kingdom" />
      </record>
      <record id="474a238f-3150-e711-8127-e0071b659e11">
        <field name="tc_brandcode" value="UKI1" />
        <field name="tc_brandid" value="474a238f-3150-e711-8127-e0071b659e11" />
        <field name="tc_name" value="Specialist UK &amp;amp; Ireland" />
        <field name="tc_countryid" value="fa255c25-8a14-e711-810c-3863bb34fa70" lookupentity="tc_country" lookupentityname="United Kingdom" />
      </record>
      <record id="f50a2b99-3150-e711-8127-e0071b659e11">
        <field name="tc_brandcode" value="ACO1" />
        <field name="tc_brandid" value="f50a2b99-3150-e711-8127-e0071b659e11" />
        <field name="tc_name" value="Accommodation Only" />
        <field name="tc_countryid" value="fa255c25-8a14-e711-810c-3863bb34fa70" lookupentity="tc_country" lookupentityname="United Kingdom" />
      </record>
      <record id="91ec2eaa-3150-e711-8127-e0071b659e11">
        <field name="tc_brandcode" value="MAN1" />
        <field name="tc_brandid" value="91ec2eaa-3150-e711-8127-e0071b659e11" />
        <field name="tc_name" value="Manos" />
        <field name="tc_countryid" value="fa255c25-8a14-e711-810c-3863bb34fa70" lookupentity="tc_country" lookupentityname="United Kingdom" />
      </record>
    </records>
    <m2mrelationships />
  </entity>
</entities>