<Components xmlns:xsd="http://www.w3.org/2001/XMLSchema" xmlns:xsi="http://www.w3.org/2001/XMLSchema-instance" xmlns="http://schemas.microsoft.com/crm/2009/"><Component><Id>e7969998-a71c-e411-9417-00155dcfc126</Id><Name>Social Channel</Name><ComponentType>2</ComponentType><TypeName>Attribute</TypeName><ParentEntity>SMS Message</ParentEntity><Action>Remove</Action><Comments><Comment>The Attribute Social Channel hasn't been added to the solution because it contains at least one OptionSet that won't work in earlier versions of CRM. 
    </Comment></Comments></Component><Component><Id>e53c8121-62f1-474f-a5b3-71373ba1079d</Id><Name>service_socialactivities</Name><ComponentType>10</ComponentType><TypeName>EntityRelationship</TypeName><ParentEntity>Social Activity</ParentEntity><Action>Remove</Action><Comments><Comment>The EntityRelationship service_socialactivities hasn't been added to the solution because it's a new EntityRelationship, or it contains components that won't work in earlier versions of CRM. 
    </Comment></Comments></Component></Components>