
<entities xmlns:xsd="http://www.w3.org/2001/XMLSchema" xmlns:xsi="http://www.w3.org/2001/XMLSchema-instance">
  <entity name="tc_boardbasis" displayname="Board Basis">
    <records>
      <record id="d0885900-ed57-e711-8127-e0071b659e11">
        <field name="tc_name" value="Catered Chalet" />
        <field name="tc_code" value="CC" />
        <field name="tc_boardbasisid" value="d0885900-ed57-e711-8127-e0071b659e11" />
      </record>
      <record id="908574a0-5d61-e711-8122-e0071b662011">
        <field name="tc_name" value="Club Board" />
        <field name="tc_code" value="CL" />
        <field name="tc_boardbasisid" value="908574a0-5d61-e711-8122-e0071b662011" />
      </record>
      <record id="cdfd05a9-5d61-e711-8122-e0071b662011">
        <field name="tc_name" value="Full Board +" />
        <field name="tc_code" value="FP" />
        <field name="tc_boardbasisid" value="cdfd05a9-5d61-e711-8122-e0071b662011" />
      </record>
      <record id="95e5edb3-5d61-e711-8122-e0071b662011">
        <field name="tc_name" value="All Inclusive +" />
        <field name="tc_code" value="AP" />
        <field name="tc_boardbasisid" value="95e5edb3-5d61-e711-8122-e0071b662011" />
      </record>
      <record id="5c836abe-5d61-e711-8122-e0071b662011">
        <field name="tc_name" value="Continental Bfast" />
        <field name="tc_code" value="CB" />
        <field name="tc_boardbasisid" value="5c836abe-5d61-e711-8122-e0071b662011" />
      </record>
      <record id="56709bca-5d61-e711-8122-e0071b662011">
        <field name="tc_name" value="Deluxe Half Board" />
        <field name="tc_code" value="DH" />
        <field name="tc_boardbasisid" value="56709bca-5d61-e711-8122-e0071b662011" />
      </record>
      <record id="c8f072d2-5d61-e711-8122-e0071b662011">
        <field name="tc_name" value="Drinks Inclusive" />
        <field name="tc_code" value="DI" />
        <field name="tc_boardbasisid" value="c8f072d2-5d61-e711-8122-e0071b662011" />
      </record>
      <record id="b3570dd9-5d61-e711-8122-e0071b662011">
        <field name="tc_name" value="Dine Out" />
        <field name="tc_code" value="DO" />
        <field name="tc_boardbasisid" value="b3570dd9-5d61-e711-8122-e0071b662011" />
      </record>
      <record id="9997a0df-5d61-e711-8122-e0071b662011">
        <field name="tc_name" value="Bed English Bfast" />
        <field name="tc_code" value="EB" />
        <field name="tc_boardbasisid" value="9997a0df-5d61-e711-8122-e0071b662011" />
      </record>
      <record id="f2dcb7e5-5d61-e711-8122-e0071b662011">
        <field name="tc_name" value="Evening Meal" />
        <field name="tc_code" value="EM" />
        <field name="tc_boardbasisid" value="f2dcb7e5-5d61-e711-8122-e0071b662011" />
      </record>
      <record id="4b22cfeb-5d61-e711-8122-e0071b662011">
        <field name="tc_name" value="Half Board +" />
        <field name="tc_code" value="HP" />
        <field name="tc_boardbasisid" value="4b22cfeb-5d61-e711-8122-e0071b662011" />
      </record>
      <record id="8b48eaf2-5d61-e711-8122-e0071b662011">
        <field name="tc_name" value="Half Board Upgrade" />
        <field name="tc_code" value="HU" />
        <field name="tc_boardbasisid" value="8b48eaf2-5d61-e711-8122-e0071b662011" />
      </record>
      <record id="aecd94ff-5d61-e711-8122-e0071b662011">
        <field name="tc_name" value="Meal Plan" />
        <field name="tc_code" value="MP" />
        <field name="tc_boardbasisid" value="aecd94ff-5d61-e711-8122-e0071b662011" />
      </record>
      <record id="c0768f05-5e61-e711-8122-e0071b662011">
        <field name="tc_name" value="Not Applicable" />
        <field name="tc_code" value="NA" />
        <field name="tc_boardbasisid" value="c0768f05-5e61-e711-8122-e0071b662011" />
      </record>
      <record id="f22fdb0b-5e61-e711-8122-e0071b662011">
        <field name="tc_name" value="Value Dining Plan" />
        <field name="tc_code" value="VD" />
        <field name="tc_boardbasisid" value="f22fdb0b-5e61-e711-8122-e0071b662011" />
      </record>
      <record id="eb646613-5e61-e711-8122-e0071b662011">
        <field name="tc_name" value="Fly Drive" />
        <field name="tc_code" value="FD" />
        <field name="tc_boardbasisid" value="eb646613-5e61-e711-8122-e0071b662011" />
      </record>
      <record id="48b62b1a-5e61-e711-8122-e0071b662011">
        <field name="tc_name" value="Cruise Board" />
        <field name="tc_code" value="CR" />
        <field name="tc_boardbasisid" value="48b62b1a-5e61-e711-8122-e0071b662011" />
      </record>
      <record id="e0bac320-5e61-e711-8122-e0071b662011">
        <field name="tc_name" value="American Breakfast" />
        <field name="tc_code" value="AB" />
        <field name="tc_boardbasisid" value="e0bac320-5e61-e711-8122-e0071b662011" />
      </record>
      <record id="1f711229-5e61-e711-8122-e0071b662011">
        <field name="tc_name" value="All Inclusive" />
        <field name="tc_code" value="AI" />
        <field name="tc_boardbasisid" value="1f711229-5e61-e711-8122-e0071b662011" />
      </record>
      <record id="17166a2f-5e61-e711-8122-e0071b662011">
        <field name="tc_name" value="Bed &amp;amp; Breakfast" />
        <field name="tc_code" value="BB" />
        <field name="tc_boardbasisid" value="17166a2f-5e61-e711-8122-e0071b662011" />
      </record>
      <record id="cebd8335-5e61-e711-8122-e0071b662011">
        <field name="tc_name" value="Variable Meals" />
        <field name="tc_code" value="BV" />
        <field name="tc_boardbasisid" value="cebd8335-5e61-e711-8122-e0071b662011" />
      </record>
      <record id="e3bd8335-5e61-e711-8122-e0071b662011">
        <field name="tc_name" value="Full Board" />
        <field name="tc_code" value="FB" />
        <field name="tc_boardbasisid" value="e3bd8335-5e61-e711-8122-e0071b662011" />
      </record>
      <record id="68ef9b42-5e61-e711-8122-e0071b662011">
        <field name="tc_name" value="Fully Inclusive" />
        <field name="tc_code" value="FI" />
        <field name="tc_boardbasisid" value="68ef9b42-5e61-e711-8122-e0071b662011" />
      </record>
      <record id="6f88bf95-9861-e711-8122-e0071b662011">
        <field name="tc_name" value="Half Board" />
        <field name="tc_code" value="HB" />
        <field name="tc_boardbasisid" value="6f88bf95-9861-e711-8122-e0071b662011" />
      </record>
      <record id="0f1d8b9d-9861-e711-8122-e0071b662011">
        <field name="tc_name" value="Room Only" />
        <field name="tc_code" value="RO" />
        <field name="tc_boardbasisid" value="0f1d8b9d-9861-e711-8122-e0071b662011" />
      </record>
      <record id="b40a6da4-9861-e711-8122-e0071b662011">
        <field name="tc_name" value="Self Catering" />
        <field name="tc_code" value="SC" />
        <field name="tc_boardbasisid" value="b40a6da4-9861-e711-8122-e0071b662011" />
      </record>
      <record id="c5f20eb8-9861-e711-8122-e0071b662011">
        <field name="tc_name" value="Variable Board" />
        <field name="tc_code" value="VB" />
        <field name="tc_boardbasisid" value="c5f20eb8-9861-e711-8122-e0071b662011" />
      </record>
    </records>
    <m2mrelationships />
  </entity>
</entities>