<entities xmlns:xsi="http://www.w3.org/2001/XMLSchema-instance">
  <entity name="tc_cluster" displayname="Cluster" etc="10178" primaryidfield="tc_clusterid" primarynamefield="tc_name" disableplugins="false">
    <fields>
      <field displayname="Cluster" name="tc_clusterid" type="guid" primaryKey="true" />
      <field displayname="Created By" name="createdby" type="entityreference" lookupType="systemuser" />
      <field displayname="Created By (Delegate)" name="createdonbehalfby" type="entityreference" lookupType="systemuser" />
      <field displayname="Created On" name="createdon" type="datetime" />
      <field displayname="Import Sequence Number" name="importsequencenumber" type="number" />
      <field displayname="Modified By" name="modifiedby" type="entityreference" lookupType="systemuser" />
      <field displayname="Modified By (Delegate)" name="modifiedonbehalfby" type="entityreference" lookupType="systemuser" />
      <field displayname="Modified On" name="modifiedon" type="datetime" />
      <field displayname="Name" name="tc_name" type="string" customfield="true" />
      <field displayname="Owner" name="ownerid" type="owner" />
      <field displayname="Owning Business Unit" name="owningbusinessunit" type="entityreference" lookupType="businessunit" />
      <field displayname="Owning Team" name="owningteam" type="entityreference" lookupType="team" />
      <field displayname="Owning User" name="owninguser" type="entityreference" lookupType="systemuser" />
      <field displayname="Record Created On" name="overriddencreatedon" type="datetime" />
      <field displayname="Status" name="statecode" type="state" />
      <field displayname="Status Reason" name="statuscode" type="status" />
      <field displayname="Time Zone Rule Version Number" name="timezoneruleversionnumber" type="number" />
      <field displayname="UK Region" name="tc_ukregionid" type="entityreference" lookupType="tc_ukregion" customfield="true" />
      <field displayname="UTC Conversion Time Zone Code" name="utcconversiontimezonecode" type="number" />
      <field displayname="Version Number" name="versionnumber" type="bigint" />
    </fields>
  </entity>
</entities>