
<entities xmlns:xsd="http://www.w3.org/2001/XMLSchema" xmlns:xsi="http://www.w3.org/2001/XMLSchema-instance">
  <entity name="tc_configuration" displayname="Configuration">
    <records>
      <record id="37318a3b-fa2f-e711-8112-1458d041f8e8">
        <field name="tc_configurationid" value="37318a3b-fa2f-e711-8112-1458d041f8e8" />
        <field name="tc_longvalue" value="&amp;lt;html&amp;gt;&amp;lt;head&amp;gt;&amp;lt;/head&amp;gt;&amp;lt;body&amp;gt;&amp;lt;img width=&amp;quot;450&amp;quot; height=&amp;quot;75&amp;quot; src=&amp;quot;http://cdn.thomascook.com/images/uploads/icons/new/AIRTOURS_P7468C_web.png&amp;quot; &amp;lt;br/&amp;gt;&amp;lt;font size=&amp;quot;2&amp;quot; face=&amp;quot;Calibri&amp;quot;&amp;gt; Airtours Customer Relations&amp;lt;br/&amp;gt;Tel No: 01733 224 814&amp;lt;br/&amp;gt;Opening Hours: 9am-8pm Mon-Fri, 9am-5pm Sat.&amp;lt;br/&amp;gt;&amp;lt;br/&amp;gt;Airtours is a trading name of Thomas Cook Tour Operations Limited.&amp;lt;br/&amp;gt;Registered Office: The Westpoint, Peterborough Business Park, Lynch Wood, Peterborough, PE2 6FZ&amp;lt;br/&amp;gt;Registered in England No. 3772199&amp;lt;/font&amp;gt;&amp;lt;/body&amp;gt;&amp;lt;/html&amp;gt;" />
        <field name="tc_name" value="Tc.Footer.Airtours.UK" />
        <field name="statecode" value="0" />
        <field name="statuscode" value="1" />
      </record>
      <record id="0fd22cc7-fd2f-e711-8112-1458d041f8e8">
        <field name="tc_configurationid" value="0fd22cc7-fd2f-e711-8112-1458d041f8e8" />
        <field name="tc_longvalue" value="&amp;lt;html&amp;gt;&amp;lt;head&amp;gt;&amp;lt;/head&amp;gt;&#xA;&amp;lt;body&amp;gt;&#xA;&amp;lt;img width=&amp;quot;450&amp;quot; height=&amp;quot;75&amp;quot; src=&amp;quot;http://cdn.thomascook.com/images/uploads/icons/thomas_cook_logo_450px.png&amp;quot;&amp;lt;br/&amp;gt;&#xA;&amp;lt;font size=&amp;quot;2&amp;quot; face=&amp;quot;Calibri&amp;quot;&amp;gt;Thomas Cook Customer Relations &amp;lt;br/&amp;gt;&#xA;Tel No: 01733 224 814&amp;lt;br/&amp;gt;&#xA;Opening Hours: 9am-8pm Mon-Fri, 9am-5pm Sat.&amp;lt;br/&amp;gt;&amp;lt;br/&amp;gt;&#xA;&#xA;Thomas Cook is a trading name of Thomas Cook Tour Operations Limited.&amp;lt;br/&amp;gt;&#xA;Registered Office: The Westpoint, Peterborough Business Park, Lynch Wood, Peterborough, PE2 6FZ&amp;lt;br/&amp;gt;&#xA;Registered in England No. 3772199&amp;lt;/body&amp;gt;&amp;lt;/html&amp;gt;" />
        <field name="tc_name" value="Tc.Footer.Default.UK" />
        <field name="statecode" value="0" />
        <field name="statuscode" value="1" />
      </record>
      <record id="b3128fe5-fd2f-e711-8112-1458d041f8e8">
        <field name="tc_configurationid" value="b3128fe5-fd2f-e711-8112-1458d041f8e8" />
        <field name="tc_longvalue" value="&amp;lt;html&amp;gt;&amp;lt;head&amp;gt;&amp;lt;/head&amp;gt;&amp;lt;body&amp;gt;&amp;lt;img width=&amp;quot;477&amp;quot; height=&amp;quot;156&amp;quot; src=&amp;quot;http://cdn.thomascook.com/images/uploads/icons/new/ThomasCook_FlexibleTrips_hori_srgb.png&amp;quot;&amp;lt;br/&amp;gt;&amp;lt;font size=&amp;quot;2&amp;quot; face=&amp;quot;Calibri&amp;quot;&amp;gt;Flexible Trips Customer Relations&amp;lt;br/&amp;gt;&#xA;Tel No: 01733 224 814&amp;lt;br/&amp;gt;&#xA;Opening Hours: 9am-8pm Mon-Fri, 9am-5pm Sat.&amp;lt;br/&amp;gt;&amp;lt;br/&amp;gt;&#xA;&#xA;Flexible Trips is a trading name of Thomas Cook Tour Operations Limited.&amp;lt;br/&amp;gt;&#xA;Registered Office: The Westpoint, Peterborough Business Park, Lynch Wood, Peterborough, PE2 6FZ&amp;lt;br/&amp;gt;&#xA;Registered in England No. 3772199 &amp;lt;/font&amp;gt;&amp;lt;/body&amp;gt;&amp;lt;/html&amp;gt;" />
        <field name="tc_name" value="Tc.Footer.FlexibleTrips.UK" />
        <field name="statecode" value="0" />
        <field name="statuscode" value="1" />
      </record>
      <record id="5153a7f2-fd2f-e711-8112-1458d041f8e8">
        <field name="tc_configurationid" value="5153a7f2-fd2f-e711-8112-1458d041f8e8" />
        <field name="tc_longvalue" value="&amp;lt;html&amp;gt;&amp;lt;head&amp;gt;&amp;lt;/head&amp;gt;&amp;lt;body&amp;gt;&amp;lt;img width=&amp;quot;450&amp;quot; height=&amp;quot;75&amp;quot; src=&amp;quot;http://cdn.thomascook.com/images/uploads/icons/thomas_cook_logo_450px.png&amp;quot;&amp;lt;br/&amp;gt;&amp;lt;font size=&amp;quot;2&amp;quot; face=&amp;quot;Calibri&amp;quot;&amp;gt;Thomas Cook Customer Relations&amp;lt;br/&amp;gt;&#xA;Tel No: 01733 224 814&amp;lt;br/&amp;gt;&#xA;Opening Hours: 9am-8pm Mon-Fri, 9am-5pm Sat.&amp;lt;br/&amp;gt;&amp;lt;br/&amp;gt;&#xA;&#xA;Thomas Cook is a trading name of Thomas Cook Tour Operations Limited.&amp;lt;br/&amp;gt;&#xA;Registered Office:  The Westpoint, Peterborough Business Park, Lynch Wood, Peterborough, PE2 6FZ&amp;lt;br/&amp;gt;&#xA;Registered in England No. 3772199&amp;lt;/font&amp;gt;&amp;lt;/body&amp;gt;&amp;lt;/html&amp;gt;" />
        <field name="tc_name" value="Tc.Footer.ThomasCook.UK" />
        <field name="statecode" value="0" />
        <field name="statuscode" value="1" />
      </record>
      <record id="ebb89d0d-fe2f-e711-8112-1458d041f8e8">
        <field name="tc_configurationid" value="ebb89d0d-fe2f-e711-8112-1458d041f8e8" />
        <field name="tc_longvalue" value="&amp;lt;html&amp;gt;&amp;lt;head&amp;gt;&amp;lt;/head&amp;gt;&amp;lt;body&amp;gt;&amp;lt;img width=&amp;quot;450&amp;quot; height=&amp;quot;75&amp;quot; src=&amp;quot;http://cdn.thomascook.com/images/uploads/icons/thomas_cook_logo_450px.png&amp;quot;&amp;lt;br/&amp;gt;&amp;lt;font size=&amp;quot;2&amp;quot; face=&amp;quot;Calibri&amp;quot;&amp;gt; Thomas Cook City Escape Customer Relations&amp;lt;br/&amp;gt;&#xA;Tel No: 01733 224 814&amp;lt;br/&amp;gt;&#xA;Opening Hours: 9am-8pm Mon-Fri, 9am-5pm Sat.&amp;lt;br/&amp;gt;&amp;lt;br/&amp;gt;&#xA;&#xA;Thomas Cook City Escapes (TCCE) is a trading name of Thomas Cook Tour Operations Limited.&amp;lt;br/&amp;gt;&#xA;Registered Office: The Westpoint, Peterborough Business Park, Lynch Wood, Peterborough, PE2 6FZ&amp;lt;br/&amp;gt;Registered in England No. 3772199 &#xA;&amp;lt;br/&amp;gt;&amp;lt;/font&amp;gt;&amp;lt;/body&amp;gt;&amp;lt;/html&amp;gt;" />
        <field name="tc_name" value="Tc.Footer.TCCityEscape.UK" />
        <field name="statecode" value="0" />
        <field name="statuscode" value="1" />
      </record>
      <record id="3bcfd620-fe2f-e711-8112-1458d041f8e8">
        <field name="tc_configurationid" value="3bcfd620-fe2f-e711-8112-1458d041f8e8" />
        <field name="tc_longvalue" value="&amp;lt;html&amp;gt;&amp;lt;head&amp;gt;&amp;lt;/head&amp;gt;&amp;lt;body&amp;gt;&amp;lt;img width=&amp;quot;450&amp;quot; height=&amp;quot;75&amp;quot; src=&amp;quot;http://cdn.thomascook.com/images/uploads/icons/thomas_cook_logo_450px.png&amp;quot;&amp;lt;br/&amp;gt;&amp;lt;font size=&amp;quot;2&amp;quot; face=&amp;quot;Calibri&amp;quot;&amp;gt;&#xA;Thomas Cook Signature Customer Relations&amp;lt;br/&amp;gt;&#xA;Tel No: 01733 224 814&amp;lt;br/&amp;gt;&#xA;Opening Hours: 9am-8pm Mon-Fri, 9am-5pm Sat.&amp;lt;br/&amp;gt;&amp;lt;br/&amp;gt;&#xA;Thomas Cook Signature (TCS) is a trading name of Thomas Cook Tour Operations Limited.&amp;lt;br/&amp;gt;&#xA;Registered Office: The Westpoint, Peterborough Business Park, Lynch Wood, Peterborough, PE2 6FZ&amp;lt;br/&amp;gt;&#xA;Registered in England No. 3772199&amp;lt;/font&amp;gt;&amp;lt;/body&amp;gt;&amp;lt;/html&amp;gt;" />
        <field name="tc_name" value="Tc.Footer.TCSignature.UK" />
        <field name="statecode" value="0" />
        <field name="statuscode" value="1" />
      </record>
      <record id="ff4aa49d-0930-e711-8112-1458d041f8e8">
        <field name="tc_configurationid" value="ff4aa49d-0930-e711-8112-1458d041f8e8" />
        <field name="tc_longvalue" value="&amp;lt;html&amp;gt;&amp;lt;head&amp;gt;&amp;lt;/head&amp;gt;&amp;lt;body&amp;gt;&amp;lt;img width=&amp;quot;150&amp;quot; src=&amp;quot;http://cdn.thomascook.com/images/uploads/icons/new/CLUB1830.png&amp;quot; &amp;lt;br/&amp;gt;&amp;lt;font size=&amp;quot;2&amp;quot; face=&amp;quot;Calibri&amp;quot;&amp;gt; Club 18-30 Customer Relations&amp;lt;br/&amp;gt;&#xA;Tel No: 01733 224 814&amp;lt;br/&amp;gt;&#xA;Opening Hours: 9am-8pm Mon-Fri, 9am-5pm Sat.&amp;lt;br/&amp;gt;&amp;lt;br/&amp;gt;&#xA;&#xA;Club 18-30 is a trading name of Thomas Cook Tour Operations Limited.&amp;lt;br/&amp;gt;&#xA;Registered Office: The Westpoint, Peterborough Business Park, Lynch Wood, Peterborough, PE2 6FZ&amp;lt;br/&amp;gt;&#xA;Registered in England No. 3772199&amp;lt;/font&amp;gt;&amp;lt;/body&amp;gt;&amp;lt;/html&amp;gt;" />
        <field name="tc_name" value="Tc.Footer.Club18-30.UK" />
        <field name="statecode" value="0" />
        <field name="statuscode" value="1" />
      </record>
      <record id="1085afca-9230-e711-8112-1458d041f8e8">
        <field name="tc_configurationid" value="1085afca-9230-e711-8112-1458d041f8e8" />
        <field name="tc_longvalue" value="&amp;lt;html&amp;gt;&amp;lt;head&amp;gt;&amp;lt;/head&amp;gt;&amp;lt;body&amp;gt;&#xA;&amp;lt;img width=&amp;quot;300&amp;quot; src=&amp;quot;http://cdn.thomascook.com/images/uploads/icons/Thomas_Cook_Cruise.png&amp;quot; &amp;lt;br/&amp;gt;&#xA;&amp;lt;font size=&amp;quot;2&amp;quot; face=&amp;quot;Calibri&amp;quot;&amp;gt; Thomas Cook Cruise &amp;amp; Stay Customer Relations&amp;lt;br/&amp;gt;&#xA;Tel No: 01733 224 814&amp;lt;br/&amp;gt;&#xA;Opening Hours: 9am-8pm Mon-Fri, 9am-5pm Sat.&amp;lt;br/&amp;gt;&amp;lt;br/&amp;gt;&#xA;Thomas Cook Cruise &amp;amp; Stay is a trading name of Thomas Cook Tour Operations Limited.&amp;lt;br/&amp;gt;&#xA;Registered Office: The Westpoint, Peterborough Business Park, Lynch Wood, Peterborough, PE2 6FZ&amp;lt;br/&amp;gt;&#xA;Registered in England No. 3772199&amp;lt;/font&amp;gt;&amp;lt;/body&amp;gt;&amp;lt;/html&amp;gt;" />
        <field name="tc_name" value="Tc.Footer.TCCruiseAndStay.UK" />
        <field name="statecode" value="0" />
        <field name="statuscode" value="1" />
      </record>
      <record id="dec648f7-9330-e711-8112-1458d041f8e8">
        <field name="tc_configurationid" value="dec648f7-9330-e711-8112-1458d041f8e8" />
        <field name="tc_longvalue" value="&amp;lt;html&amp;gt;&amp;lt;head&amp;gt;&amp;lt;/head&amp;gt;&amp;lt;body&amp;gt;&#xA;&amp;lt;img width=&amp;quot;250&amp;quot; src=&amp;quot;http://cdn.thomascook.com/images/uploads/icons/Logo_Thomas_Cook_Airlines.png&amp;quot; &amp;lt;br/&amp;gt;&#xA;&amp;lt;font size=&amp;quot;2&amp;quot; face=&amp;quot;Calibri&amp;quot;&amp;gt; Thomas Cook Airlines Customer Relations&amp;lt;br/&amp;gt;&#xA;Tel No: 01733 224 814&amp;lt;br/&amp;gt;&#xA;Opening Hours: 9am-8pm Mon-Fri, 9am-5pm Sat.&amp;lt;br/&amp;gt;&amp;lt;br/&amp;gt;&#xA;Thomas Cook Airlines is a trading name of Thomas Cook Tour Operations Limited.&amp;lt;br/&amp;gt;&#xA;Registered Office: The Westpoint, Peterborough Business Park, Lynch Wood, Peterborough, PE2 6FZ&amp;lt;br/&amp;gt;&#xA;Registered in England No. 3772199&amp;lt;/font&amp;gt;&amp;lt;/body&amp;gt;&amp;lt;/html&amp;gt;" />
        <field name="tc_name" value="Tc.Footer.TCAirlines.UK" />
        <field name="statecode" value="0" />
        <field name="statuscode" value="1" />
      </record>
      <record id="b204737a-9530-e711-8112-1458d041f8e8">
        <field name="tc_configurationid" value="b204737a-9530-e711-8112-1458d041f8e8" />
        <field name="tc_longvalue" value="&amp;lt;html&amp;gt;&#xA;&amp;lt;head&amp;gt;&amp;lt;/head&amp;gt;&#xA;&amp;lt;body&amp;gt;&#xA;&amp;lt;img width=&amp;quot;230&amp;quot; src=&amp;quot;http://cdn.thomascook.com/images/uploads/icons/PL - Neckermann.png&amp;quot;&amp;lt;br/&amp;gt;&#xA;&amp;lt;font size=&amp;quot;2&amp;quot; face=&amp;quot;Calibri&amp;quot;&amp;gt;&#xA;Neckermann Polska Biuro Podr&amp;#243;ży Sp. z o.o. &amp;lt;br/&amp;gt;&#xA;Aleje Jerozolimskie 94&amp;lt;br/&amp;gt;&amp;lt;br/&amp;gt;&#xA;00-807 Warszawa&amp;lt;br/&amp;gt;&#xA;tel: +48 22 536 9872 &amp;lt;br/&amp;gt;&#xA;fax: +48 22 635 9694 &amp;lt;br/&amp;gt;&#xA;&amp;lt;a href=&amp;quot;http://www.neckermann.pl&amp;quot;target=&amp;quot;_blank&amp;quot;&amp;gt; www.neckermann.pl&amp;lt;/a&amp;gt; &amp;lt;br/&amp;gt;&#xA;&amp;lt;a href=&amp;quot;http://www.facebook.com/Neckermann.Biuro.Podrozy&amp;quot;target=&amp;quot;_blank&amp;quot;&amp;gt; www.facebook.com/Neckermann.Biuro.Podrozy&amp;lt;/a&amp;gt;&#xA;&amp;lt;/font&amp;gt;&amp;lt;/body&amp;gt;&amp;lt;/html&amp;gt;" />
        <field name="tc_name" value="Tc.Footer.Neckermann.PL" />
        <field name="statecode" value="0" />
        <field name="statuscode" value="1" />
      </record>
      <record id="f5f71e01-9a30-e711-8112-1458d041f8e8">
        <field name="tc_configurationid" value="f5f71e01-9a30-e711-8112-1458d041f8e8" />
        <field name="tc_longvalue" value="&amp;lt;html&amp;gt;&#xA;&amp;lt;head&amp;gt;&amp;lt;/head&amp;gt;&#xA;&amp;lt;body&amp;gt;&#xA;&amp;lt;img width=&amp;quot;230&amp;quot; src=&amp;quot;http://cdn.thomascook.com/images/uploads/icons/NL-Neckermann.jpeg&amp;quot;&amp;lt;br/&amp;gt;&#xA;&amp;lt;font size=&amp;quot;2&amp;quot; face=&amp;quot;Calibri&amp;quot;&amp;gt;&#xA;Tel.: +31 (0)23 513 55 33&amp;lt;br/&amp;gt;&#xA;ING Bank te Amsterdam IBAN: NL49 INGB 0656 5474 21&amp;lt;br/&amp;gt;&#xA;&amp;lt;a href=&amp;quot;http://www.neckermann.nl&amp;quot;target=&amp;quot;_blank&amp;quot;&amp;gt; www.neckermann.nl&amp;lt;/a&amp;gt; BTW nummer NL 001618179.B.01&amp;lt;br/&amp;gt;&#xA;Kamer van Koophandel Amsterdam no. 33127166&amp;lt;br/&amp;gt;&#xA;Neckermann is een activiteit van Thomas Cook Nederland&amp;lt;br/&amp;gt;&#xA;Voor Autovakanties, Stedentrips &amp;amp; Wintersport handelt Thomas Cook Nederland BV in naam en voor rekening van Thomas Cook International AG.&#xA;&#xA;&amp;lt;/font&amp;gt;&amp;lt;/body&amp;gt;&amp;lt;/html&amp;gt;" />
        <field name="tc_name" value="Tc.Footer.Neckermann.NL" />
        <field name="statecode" value="0" />
        <field name="statuscode" value="1" />
      </record>
      <record id="445d3fb5-9a30-e711-8112-1458d041f8e8">
        <field name="tc_configurationid" value="445d3fb5-9a30-e711-8112-1458d041f8e8" />
        <field name="tc_longvalue" value="&amp;lt;html&amp;gt;&#xA;&amp;lt;head&amp;gt;&amp;lt;/head&amp;gt;&#xA;&amp;lt;body&amp;gt;&#xA;&amp;lt;img width=&amp;quot;230&amp;quot; src=&amp;quot;http://cdn.thomascook.com/images/uploads/icons/Neckermann_Czech R..png&amp;quot;&amp;lt;br/&amp;gt;&#xA;&amp;lt;font size=&amp;quot;2&amp;quot; face=&amp;quot;Calibri&amp;quot;&amp;gt;&#xA;Tel.: +31 (0)23 513 55 33&amp;lt;br/&amp;gt;&#xA;ING Bank te Amsterdam IBAN: NL49 INGB 0656 5474 21&amp;lt;br/&amp;gt;&#xA;&amp;lt;a href=&amp;quot;http://www.neckermann.nl&amp;quot;target=&amp;quot;_blank&amp;quot;&amp;gt; www.neckermann.nl&amp;lt;/a&amp;gt; BTW nummer NL 001618179.B.01&amp;lt;br/&amp;gt;&#xA;Kamer van Koophandel Amsterdam no. 33127166&amp;lt;br/&amp;gt;&#xA;Neckermann is een activiteit van Thomas Cook Nederland&amp;lt;br/&amp;gt;&#xA;Voor Autovakanties, Stedentrips &amp;amp; Wintersport handelt Thomas Cook Nederland BV in naam en voor rekening van Thomas Cook International AG.&#xA;&#xA;&amp;lt;/font&amp;gt;&amp;lt;/body&amp;gt;&amp;lt;/html&amp;gt;" />
        <field name="tc_name" value="Tc.Footer.NeckermannInternational.NL" />
        <field name="statecode" value="0" />
        <field name="statuscode" value="1" />
      </record>
      <record id="506d311e-9b30-e711-8112-1458d041f8e8">
        <field name="tc_configurationid" value="506d311e-9b30-e711-8112-1458d041f8e8" />
        <field name="tc_longvalue" value="&amp;lt;html&amp;gt;&#xA;&amp;lt;head&amp;gt;&amp;lt;/head&amp;gt;&#xA;&amp;lt;body&amp;gt;&#xA;&amp;lt;img width=&amp;quot;230&amp;quot; src=&amp;quot;http://cdn.thomascook.com/images/uploads/icons/NL-Neckermann.jpeg&amp;quot;&amp;lt;br/&amp;gt;&#xA;&amp;lt;font size=&amp;quot;2&amp;quot; face=&amp;quot;Calibri&amp;quot;&amp;gt;&#xA;Tel.: +31 (0)23 513 55 33&amp;lt;br/&amp;gt;&#xA;ING Bank te Amsterdam IBAN: NL49 INGB 0656 5474 21&amp;lt;br/&amp;gt;&#xA;&amp;lt;a href=&amp;quot;http://www.neckermann.nl&amp;quot;target=&amp;quot;_blank&amp;quot;&amp;gt; www.neckermann.nl&amp;lt;/a&amp;gt; BTW nummer NL 001618179.B.01&amp;lt;br/&amp;gt;&#xA;Kamer van Koophandel Amsterdam no. 33127166&amp;lt;br/&amp;gt;&#xA;Neckermann is een activiteit van Thomas Cook Nederland&amp;lt;br/&amp;gt;&#xA;Voor Autovakanties, Stedentrips &amp;amp; Wintersport handelt Thomas Cook Nederland BV in naam en voor rekening van Thomas Cook International AG.&#xA;&#xA;&amp;lt;/font&amp;gt;&amp;lt;/body&amp;gt;&amp;lt;/html&amp;gt;" />
        <field name="tc_name" value="Tc.Footer.VrijUit.NL" />
        <field name="statecode" value="0" />
        <field name="statuscode" value="1" />
      </record>
      <record id="fb901832-9b30-e711-8112-1458d041f8e8">
        <field name="tc_configurationid" value="fb901832-9b30-e711-8112-1458d041f8e8" />
        <field name="tc_longvalue" value="&amp;lt;html&amp;gt;&#xA;&amp;lt;head&amp;gt;&amp;lt;/head&amp;gt;&#xA;&amp;lt;body&amp;gt;&#xA;&amp;lt;img width=&amp;quot;249&amp;quot; src=&amp;quot;http://cdn.thomascook.com/images/uploads/icons/new/HU - Neckermann_Utazas_hori_rgb.png&amp;quot;&amp;lt;br/&amp;gt;&#xA;&amp;lt;font size=&amp;quot;2&amp;quot; face=&amp;quot;Calibri&amp;quot;&amp;gt;&#xA;N-U-R Neckermann-utaz&amp;#225;s Szolg&amp;#225;ltat&amp;#243; Kft&amp;lt;br/&amp;gt;&#xA;H-1118 Budapest&amp;lt;br/&amp;gt;&#xA;Dayka G&amp;#225;bor utca 5.&amp;lt;br/&amp;gt;&#xA;&amp;lt;a href=&amp;quot;http://www.neckermann.hu&amp;quot;target=&amp;quot;_blank&amp;quot;&amp;gt; www.neckermann.hu&amp;lt;/a&amp;gt; &#xA;&#xA;&amp;lt;/font&amp;gt;&amp;lt;/body&amp;gt;&amp;lt;/html&amp;gt;" />
        <field name="tc_name" value="Tc.Footer.Neckermann-Utaz&amp;#225;s.HU" />
        <field name="statecode" value="0" />
        <field name="statuscode" value="1" />
      </record>
      <record id="c74147d0-9b30-e711-8112-1458d041f8e8">
        <field name="tc_configurationid" value="c74147d0-9b30-e711-8112-1458d041f8e8" />
        <field name="tc_longvalue" value="&amp;lt;html&amp;gt;&#xA;&amp;lt;head&amp;gt;&amp;lt;/head&amp;gt;&#xA;&amp;lt;body&amp;gt;&#xA;&amp;lt;img width=&amp;quot;450&amp;quot; src=&amp;quot;http://cdn.thomascook.com/images/uploads/icons/new/aquatour logo final - couleur.png&amp;quot;&amp;lt;br/&amp;gt;&#xA;&amp;lt;font size=&amp;quot;2&amp;quot; face=&amp;quot;Calibri&amp;quot;&amp;gt;&#xA;Thomas Cook SAS- Si&amp;#232;ge Social : 92/98 Boulevard Victor Hugo - 92 115 Clichy Cedex&amp;lt;br/&amp;gt;&#xA;S.A.S au capital de 10.000.000 euros - RCS Nanterre B 572 158 905&amp;lt;br/&amp;gt;&#xA;Num&amp;#233;ro d’immatriculation au Registre des Op&amp;#233;rateurs de Voyages et de S&amp;#233;jours : IM092100061&amp;lt;br/&amp;gt;&#xA;Garantie Financi&amp;#232;re : APST – 15 avenue Carnot – 75017 Paris&amp;lt;br/&amp;gt;&#xA;Assurances RCP : AXA Corporate Solutions Assurance - 4, rue Jules Lefebvre - 75426 Paris Cedex 09&amp;lt;br/&amp;gt;&#xA;N&amp;#176; de TVA intra-communautaire : FR 35 572 158 905&#xA;&#xA;&amp;lt;/font&amp;gt;&amp;lt;/body&amp;gt;&amp;lt;/html&amp;gt;" />
        <field name="tc_name" value="Tc.Footer.Aquatour.FR" />
        <field name="statecode" value="0" />
        <field name="statuscode" value="1" />
      </record>
      <record id="34939600-9c30-e711-8112-1458d041f8e8">
        <field name="tc_configurationid" value="34939600-9c30-e711-8112-1458d041f8e8" />
        <field name="tc_longvalue" value="&amp;lt;html&amp;gt;&#xA;&amp;lt;head&amp;gt;&amp;lt;/head&amp;gt;&#xA;&amp;lt;body&amp;gt;&#xA;&amp;lt;img width=&amp;quot;380&amp;quot; src=&amp;quot;http://cdn.thomascook.com/images/uploads/icons/new/FR - Jettours_pantone.jpg&amp;quot;&amp;lt;br/&amp;gt;&#xA;&amp;lt;font size=&amp;quot;2&amp;quot; face=&amp;quot;Calibri&amp;quot;&amp;gt;&#xA;Thomas Cook SAS- Si&amp;#232;ge Social : 92/98 Boulevard Victor Hugo - 92 115 Clichy Cedex&amp;lt;br/&amp;gt;&#xA;S.A.S au capital de 10.000.000 euros - RCS Nanterre B 572 158 905&amp;lt;br/&amp;gt;&#xA;Num&amp;#233;ro d’immatriculation au Registre des Op&amp;#233;rateurs de Voyages et de S&amp;#233;jours : IM092100061&amp;lt;br/&amp;gt;&#xA;Garantie Financi&amp;#232;re : APST – 15 avenue Carnot – 75017 Paris&amp;lt;br/&amp;gt;&#xA;Assurances RCP : AXA Corporate Solutions Assurance - 4, rue Jules Lefebvre - 75426 Paris Cedex 09&amp;lt;br/&amp;gt;&#xA;N&amp;#176; de TVA intra-communautaire : FR 35 572 158 905&#xA;&#xA;&amp;lt;/font&amp;gt;&amp;lt;/body&amp;gt;&amp;lt;/html&amp;gt;" />
        <field name="tc_name" value="Tc.Footer.JetTours.FR" />
        <field name="statecode" value="0" />
        <field name="statuscode" value="1" />
      </record>
      <record id="eda8d53a-9c30-e711-8112-1458d041f8e8">
        <field name="tc_configurationid" value="eda8d53a-9c30-e711-8112-1458d041f8e8" />
        <field name="tc_longvalue" value="&amp;lt;html&amp;gt;&#xA;&amp;lt;head&amp;gt;&amp;lt;/head&amp;gt;&#xA;&amp;lt;body&amp;gt;&#xA;&amp;lt;img width=&amp;quot;466&amp;quot; src=&amp;quot;http://cdn.thomascook.com/images/uploads/icons/new/BUC BUCHER.jpg&amp;quot;&amp;lt;br/&amp;gt;&#xA;&amp;lt;font size=&amp;quot;2&amp;quot; face=&amp;quot;Calibri&amp;quot;&amp;gt;&#xA;Bankverbindung: Deutsche Bank AG Meerbusch – BLZ 300 700 10 – Konto 5 342 050&amp;lt;br/&amp;gt;&#xA;IBAN: DE84 3007 0010 0534 2050 00 – BIC: DEUTDEDDXXX&amp;lt;br/&amp;gt;&#xA;Gesch&amp;#228;ftsf&amp;#252;hrer: Michael Gisbertz – Amtsgericht Neuss HRB 7534&#xA;&#xA;&amp;lt;/font&amp;gt;&amp;lt;/body&amp;gt;&amp;lt;/html&amp;gt;" />
        <field name="tc_name" value="Tc.Footer.BucherLastMinute.DE" />
        <field name="statecode" value="0" />
        <field name="statuscode" value="1" />
      </record>
      <record id="65a11574-9c30-e711-8112-1458d041f8e8">
        <field name="tc_configurationid" value="65a11574-9c30-e711-8112-1458d041f8e8" />
        <field name="tc_longvalue" value="&amp;lt;html&amp;gt;&#xA;&amp;lt;head&amp;gt;&amp;lt;/head&amp;gt;&#xA;&amp;lt;body&amp;gt;&#xA;&amp;lt;src=&amp;quot;http://cdn.thomascook.com/images/uploads/icons/new/AIM Air Marin.jpg&amp;quot;&amp;lt;br/&amp;gt;&#xA;&amp;lt;font size=&amp;quot;2&amp;quot; face=&amp;quot;Calibri&amp;quot;&amp;gt;&#xA;Thomas Cook Touristik GmbH,&amp;lt;br/&amp;gt;&#xA;Gesch&amp;#228;ftsf&amp;#252;hrung: Stefanie Berk (Vorsitzende), G&amp;#252;nter Geske, Dr. Carsten Seeliger, Ralf Teckentrup, Andreas W&amp;#252;rfel&amp;lt;br/&amp;gt;&#xA;Sitz: Oberursel; Registergericht und –nummer: Amtsgericht Bad Homburg v.d.H HRB 4617&#xA;&#xA;&amp;lt;/font&amp;gt;&amp;lt;/body&amp;gt;&amp;lt;/html&amp;gt;" />
        <field name="tc_name" value="Tc.Footer.Airmarin.DE" />
        <field name="statecode" value="0" />
        <field name="statuscode" value="1" />
      </record>
      <record id="559287bf-9c30-e711-8112-1458d041f8e8">
        <field name="tc_configurationid" value="559287bf-9c30-e711-8112-1458d041f8e8" />
        <field name="tc_longvalue" value="&amp;lt;html&amp;gt;&#xA;&amp;lt;head&amp;gt;&amp;lt;/head&amp;gt;&#xA;&amp;lt;body&amp;gt;&#xA;&amp;lt;img width=&amp;quot;250&amp;quot; src=&amp;quot;http://cdn.thomascook.com/images/uploads/icons/new/DE - NEC-OES.png&amp;quot;&amp;lt;br/&amp;gt;&#xA;&amp;lt;font size=&amp;quot;2&amp;quot; face=&amp;quot;Calibri&amp;quot;&amp;gt;&#xA;Thomas Cook Touristik GmbH,&amp;lt;br/&amp;gt;&#xA;Gesch&amp;#228;ftsf&amp;#252;hrung: Stefanie Berk (Vorsitzende), G&amp;#252;nter Geske, Dr. Carsten Seeliger, Ralf Teckentrup, Andreas W&amp;#252;rfel&amp;lt;br/&amp;gt;&#xA;Sitz: Oberursel; Registergericht und –nummer: Amtsgericht Bad Homburg v.d.H HRB 4617&#xA;&#xA;&amp;lt;/font&amp;gt;&amp;lt;/body&amp;gt;&amp;lt;/html&amp;gt;" />
        <field name="tc_name" value="Tc.Footer.Neckermann.DE" />
        <field name="statecode" value="0" />
        <field name="statuscode" value="1" />
      </record>
      <record id="41bb3605-9d30-e711-8112-1458d041f8e8">
        <field name="tc_configurationid" value="41bb3605-9d30-e711-8112-1458d041f8e8" />
        <field name="tc_longvalue" value="&amp;lt;html&amp;gt;&#xA;&amp;lt;head&amp;gt;&amp;lt;/head&amp;gt;&#xA;&amp;lt;body&amp;gt;&#xA;&amp;lt;img width=&amp;quot;320&amp;quot; src=&amp;quot;http://cdn.thomascook.com/images/uploads/icons/OGE Oeger.jpg&amp;quot;&amp;lt;br/&amp;gt;&#xA;&amp;lt;font size=&amp;quot;2&amp;quot; face=&amp;quot;Calibri&amp;quot;&amp;gt;&#xA;&amp;#214;GER TOURS GmbH,&amp;lt;br/&amp;gt;&#xA;Gesch&amp;#228;ftsf&amp;#252;hrung: Song&amp;#252;l G&amp;#246;ktas-Rosati, Bj&amp;#246;rn Walther&amp;lt;br/&amp;gt;&#xA;Sitz: Hamburg; Registergericht und -nummer: Amtsgericht Hamburg HRB 36151.&amp;lt;br/&amp;gt;&#xA;&amp;#214;GER TOURS GmbH,&amp;lt;br/&amp;gt;&#xA;CEO: Song&amp;#252;l G&amp;#246;ktas-Rosati, Bj&amp;#246;rn Walther Registered Office: Hamburg/Germany, Amtsgericht Hamburg HRB 36151.&#xA;&#xA;&amp;lt;/font&amp;gt;&amp;lt;/body&amp;gt;&amp;lt;/html&amp;gt;" />
        <field name="tc_name" value="Tc.Footer.&amp;#214;GERTOURS.DE" />
        <field name="statecode" value="0" />
        <field name="statuscode" value="1" />
      </record>
      <record id="31fd4b33-9d30-e711-8112-1458d041f8e8">
        <field name="tc_configurationid" value="31fd4b33-9d30-e711-8112-1458d041f8e8" />
        <field name="tc_longvalue" value="&amp;lt;html&amp;gt;&#xA;&amp;lt;head&amp;gt;&amp;lt;/head&amp;gt;&#xA;&amp;lt;body&amp;gt;&#xA;&amp;lt;img width=&amp;quot;320&amp;quot; src=&amp;quot;http://cdn.thomascook.com/images/uploads/icons/OGE Oeger.jpg&amp;quot;&amp;lt;br/&amp;gt;&#xA;&amp;lt;font size=&amp;quot;2&amp;quot; face=&amp;quot;Calibri&amp;quot;&amp;gt;&#xA;&amp;#214;GER TOURS GmbH,&amp;lt;br/&amp;gt;&#xA;Gesch&amp;#228;ftsf&amp;#252;hrung: Song&amp;#252;l G&amp;#246;ktas-Rosati, Bj&amp;#246;rn Walther&amp;lt;br/&amp;gt;&#xA;Sitz: Hamburg; Registergericht und -nummer: Amtsgericht Hamburg HRB 36151.&amp;lt;br/&amp;gt;&#xA;&amp;#214;GER TOURS GmbH,&amp;lt;br/&amp;gt;&#xA;CEO: Song&amp;#252;l G&amp;#246;ktas-Rosati, Bj&amp;#246;rn Walther Registered Office: Hamburg/Germany, Amtsgericht Hamburg HRB 36151.&#xA;&#xA;&amp;lt;/font&amp;gt;&amp;lt;/body&amp;gt;&amp;lt;/html&amp;gt;" />
        <field name="tc_name" value="Tc.Footer.&amp;#214;GERTOURS.AT" />
        <field name="statecode" value="0" />
        <field name="statuscode" value="1" />
      </record>
      <record id="17895668-9d30-e711-8112-1458d041f8e8">
        <field name="tc_configurationid" value="17895668-9d30-e711-8112-1458d041f8e8" />
        <field name="tc_longvalue" value="&amp;lt;html&amp;gt;&#xA;&amp;lt;head&amp;gt;&amp;lt;/head&amp;gt;&#xA;&amp;lt;body&amp;gt;&#xA;&amp;lt;img width=&amp;quot;450&amp;quot; src=&amp;quot;http://cdn.thomascook.com/images/uploads/icons/thomas_cook_logo_450px.png&amp;quot;&amp;lt;br/&amp;gt;&#xA;&amp;lt;font size=&amp;quot;2&amp;quot; face=&amp;quot;Calibri&amp;quot;&amp;gt;&#xA;Thomas Cook Touristik GmbH,&amp;lt;br/&amp;gt;&#xA;Gesch&amp;#228;ftsf&amp;#252;hrung: Stefanie Berk (Vorsitzende), G&amp;#252;nter Geske, Dr. Carsten Seeliger, Ralf Teckentrup, Andreas W&amp;#252;rfel&amp;lt;br/&amp;gt;&#xA;Sitz: Oberursel; Registergericht und –nummer: Amtsgericht Bad Homburg v.d.H HRB 4617&#xA;&#xA;&amp;lt;/font&amp;gt;&amp;lt;/body&amp;gt;&amp;lt;/html&amp;gt;" />
        <field name="tc_name" value="Tc.Footer.ThomasCook.DE" />
        <field name="statecode" value="0" />
        <field name="statuscode" value="1" />
      </record>
      <record id="3e1609ee-9d30-e711-8112-1458d041f8e8">
        <field name="tc_configurationid" value="3e1609ee-9d30-e711-8112-1458d041f8e8" />
        <field name="tc_longvalue" value="&amp;lt;html&amp;gt;&#xA;&amp;lt;head&amp;gt;&amp;lt;/head&amp;gt;&#xA;&amp;lt;body&amp;gt;&#xA;&amp;lt;img width=&amp;quot;251&amp;quot; src=&amp;quot;http://cdn.thomascook.com/images/uploads/icons/DE - NEC OES.png&amp;quot;&amp;lt;br/&amp;gt;&#xA;&amp;lt;font size=&amp;quot;2&amp;quot; face=&amp;quot;Calibri&amp;quot;&amp;gt;&#xA;Thomas Cook Austria AG&amp;lt;br/&amp;gt;&#xA;Rechtsform: Aktiengesellschaft, Sitz: Wien, &amp;lt;br/&amp;gt;&#xA;Firmenbuchnummer: 120288w/HG-Wien, &amp;lt;br/&amp;gt;&#xA;Firmenbuchgericht: Handelsgericht Wien&#xA;&#xA;&amp;lt;/font&amp;gt;&amp;lt;/body&amp;gt;&amp;lt;/html&amp;gt;" />
        <field name="tc_name" value="Tc.Footer.ThomasCook.AT" />
        <field name="statecode" value="0" />
        <field name="statuscode" value="1" />
      </record>
      <record id="c0890554-9e30-e711-8112-1458d041f8e8">
        <field name="tc_configurationid" value="c0890554-9e30-e711-8112-1458d041f8e8" />
        <field name="tc_longvalue" value="&amp;lt;html&amp;gt;&#xA;&amp;lt;head&amp;gt;&amp;lt;/head&amp;gt;&#xA;&amp;lt;body&amp;gt;&#xA;&amp;lt;img width=&amp;quot;450&amp;quot; src=&amp;quot;http://cdn.thomascook.com/images/uploads/icons/thomas_cook_logo_450px.png&amp;quot;&amp;lt;br/&amp;gt;&#xA;&amp;lt;font size=&amp;quot;2&amp;quot; face=&amp;quot;Calibri&amp;quot;&amp;gt;&#xA;Thomas Cook International AG&amp;lt;br/&amp;gt;&#xA;Gesch&amp;#228;ftsf&amp;#252;hrer: Beat Blaser (Vorsitzender), Patrik G&amp;#252;beli&amp;lt;br/&amp;gt;&#xA;Sitz: Pf&amp;#228;ffikon (SZ)&amp;lt;br/&amp;gt;&#xA;H.R. Kanton Schwyz, CH-130.3.017.044-0&amp;lt;br/&amp;gt;&#xA;MWST.Nr.: CH-278.995.865 MWST&amp;lt;br/&amp;gt;&#xA;Ein Unternehmen der Thomas Cook Gruppe&#xA;&amp;lt;/font&amp;gt;&amp;lt;/body&amp;gt;&amp;lt;/html&amp;gt;" />
        <field name="tc_name" value="Tc.Footer.TCInternational.DE" />
        <field name="statecode" value="0" />
        <field name="statuscode" value="1" />
      </record>
      <record id="52eb39c1-9e30-e711-8112-1458d041f8e8">
        <field name="tc_configurationid" value="52eb39c1-9e30-e711-8112-1458d041f8e8" />
        <field name="tc_longvalue" value="&amp;lt;html&amp;gt;&#xA;&amp;lt;head&amp;gt;&amp;lt;/head&amp;gt;&#xA;&amp;lt;body&amp;gt;&#xA;&amp;lt;img width=&amp;quot;260&amp;quot; src=&amp;quot;http://cdn.thomascook.com/images/uploads/icons/Neckermann_Czech R..png&amp;quot;&amp;lt;br/&amp;gt;&#xA;&amp;lt;font size=&amp;quot;2&amp;quot; face=&amp;quot;Calibri&amp;quot;&amp;gt;&#xA;Neckermann Cestovn&amp;#237; kancel&amp;#225;ř | Thomas Cook s.r.o.&amp;lt;br/&amp;gt;&#xA;U Průhonu 1588/11a | 170 00 Praha 7 | Česk&amp;#225; republika&amp;lt;br/&amp;gt;&#xA;Web: &amp;lt;a href=&amp;quot;http://www.CKNeckermann.cz&amp;quot;target=&amp;quot;_blank&amp;quot;&amp;gt; www.CKNeckermann.cz&amp;lt;/a&amp;gt; &amp;lt;br/&amp;gt;&#xA;&#xA;&amp;lt;/font&amp;gt;&amp;lt;/body&amp;gt;&amp;lt;/html&amp;gt;" />
        <field name="tc_name" value="Tc.Footer.Neckermann.CZ" />
        <field name="statecode" value="0" />
        <field name="statuscode" value="1" />
      </record>
      <record id="7d15d387-9f30-e711-8112-1458d041f8e8">
        <field name="tc_configurationid" value="7d15d387-9f30-e711-8112-1458d041f8e8" />
        <field name="tc_longvalue" value="&amp;lt;html&amp;gt;&#xA;&amp;lt;head&amp;gt;&amp;lt;/head&amp;gt;&#xA;&amp;lt;body&amp;gt;&#xA;&amp;lt;img width=&amp;quot;300&amp;quot; src=&amp;quot;http://cdn.thomascook.com/images/uploads/icons/BE-logos-ThomasCookNeckermannPegase.png&amp;quot;&amp;lt;br/&amp;gt;&#xA;&amp;lt;font size=&amp;quot;2&amp;quot; face=&amp;quot;Calibri&amp;quot;&amp;gt;&#xA;TCRB n.v./s.a. (Lic. (A) 1067), Tramstraat 67C, B-9052 Gent, Belgium, BTW/TVA BE 0412.677.887 RPR/RPM Gent, IBAN BE59 7330 3834 3726 (BIC KREDBEBB) handelt in naam en voor rekening van/ agit au nom et pour compte de (i) THCB n.v/s.a.(Lic. (A) 1457), Tramstraat 63-67, B-9052 Gent, Belgium, BTW/TVA BE 0418.052.479 RPR/RPM Gent voor vliegvakanties/pour vacances en avion of/ ou (ii) Thomas Cook International a.g (Lic. A 5880), Poststrasse 4, CH-8808 Pf&amp;#228;ffikon, Switzerland, met bijkantoor/ayant une succursale 54 bd de la Sauveni&amp;#232;re, B-4000 Li&amp;#232;ge, Belgium, ondernemingsnr./n&amp;#176; d’entreprise 533.973.122 voor autovakanties &amp;amp; citytrips/pour vacances en voiture &amp;amp; citytrips&amp;lt;/font&amp;gt;&amp;lt;/body&amp;gt;&amp;lt;/html&amp;gt;" />
        <field name="tc_name" value="Tc.Footer.Neckermann.BE" />
        <field name="statecode" value="0" />
        <field name="statuscode" value="1" />
      </record>
      <record id="0cb3539b-9f30-e711-8112-1458d041f8e8">
        <field name="tc_configurationid" value="0cb3539b-9f30-e711-8112-1458d041f8e8" />
        <field name="tc_longvalue" value="&amp;lt;html&amp;gt;&#xA;&amp;lt;head&amp;gt;&amp;lt;/head&amp;gt;&#xA;&amp;lt;body&amp;gt;&#xA;&amp;lt;img width=&amp;quot;300&amp;quot; src=&amp;quot;http://cdn.thomascook.com/images/uploads/icons/BE-logos-ThomasCookNeckermannPegase.png&amp;quot;&amp;lt;br/&amp;gt;&#xA;&amp;lt;font size=&amp;quot;2&amp;quot; face=&amp;quot;Calibri&amp;quot;&amp;gt;&#xA;TCRB n.v./s.a. (Lic. (A) 1067), Tramstraat 67C, B-9052 Gent, Belgium, BTW/TVA BE 0412.677.887 RPR/RPM Gent, IBAN BE59 7330 3834 3726 (BIC KREDBEBB) handelt in naam en voor rekening van/ agit au nom et pour compte de (i) THCB n.v/s.a.(Lic. (A) 1457), Tramstraat 63-67, B-9052 Gent, Belgium, BTW/TVA BE 0418.052.479 RPR/RPM Gent voor vliegvakanties/pour vacances en avion of/ ou (ii) Thomas Cook International a.g (Lic. A 5880), Poststrasse 4, CH-8808 Pf&amp;#228;ffikon, Switzerland, met bijkantoor/ayant une succursale 54 bd de la Sauveni&amp;#232;re, B-4000 Li&amp;#232;ge, Belgium, ondernemingsnr./n&amp;#176; d’entreprise 533.973.122 voor autovakanties &amp;amp; citytrips/pour vacances en voiture &amp;amp; citytrips&amp;lt;/font&amp;gt;&amp;lt;/body&amp;gt;&amp;lt;/html&amp;gt;" />
        <field name="tc_name" value="Tc.Footer.Pegase.BE" />
        <field name="statecode" value="0" />
        <field name="statuscode" value="1" />
      </record>
      <record id="8353aca8-9f30-e711-8112-1458d041f8e8">
        <field name="tc_configurationid" value="8353aca8-9f30-e711-8112-1458d041f8e8" />
        <field name="tc_longvalue" value="&amp;lt;html&amp;gt;&#xA;&amp;lt;head&amp;gt;&amp;lt;/head&amp;gt;&#xA;&amp;lt;body&amp;gt;&#xA;&amp;lt;img width=&amp;quot;300&amp;quot; src=&amp;quot;http://cdn.thomascook.com/images/uploads/icons/new/BE-logos-ThomasCookNeckermannPegase.png&amp;quot;&amp;lt;br/&amp;gt;&#xA;&amp;lt;font size=&amp;quot;2&amp;quot; face=&amp;quot;Calibri&amp;quot;&amp;gt;&#xA;TCRB n.v./s.a. (Lic. (A) 1067), Tramstraat 67C, B-9052 Gent, Belgium, BTW/TVA BE 0412.677.887 RPR/RPM Gent, IBAN BE59 7330 3834 3726 (BIC KREDBEBB) handelt in naam en voor rekening van/ agit au nom et pour compte de (i) THCB n.v/s.a.(Lic. (A) 1457), Tramstraat 63-67, B-9052 Gent, Belgium, BTW/TVA BE 0418.052.479 RPR/RPM Gent voor vliegvakanties/pour vacances en avion of/ ou (ii) Thomas Cook International a.g (Lic. A 5880), Poststrasse 4, CH-8808 Pf&amp;#228;ffikon, Switzerland, met bijkantoor/ayant une succursale 54 bd de la Sauveni&amp;#232;re, B-4000 Li&amp;#232;ge, Belgium, ondernemingsnr./n&amp;#176; d’entreprise 533.973.122 voor autovakanties &amp;amp; citytrips/pour vacances en voiture &amp;amp; citytrips&amp;lt;/font&amp;gt;&amp;lt;/body&amp;gt;&amp;lt;/html&amp;gt;" />
        <field name="tc_name" value="Tc.Footer.ThomasCook.BE" />
        <field name="statecode" value="0" />
        <field name="statuscode" value="1" />
      </record>
      <record id="5c8320a1-8a31-e711-810f-3863bb340dd8">
        <field name="tc_configurationid" value="5c8320a1-8a31-e711-810f-3863bb340dd8" />
        <field name="tc_name" value="Tc.Compensation.Adjustment" />
        <field name="tc_value" value="0" />
        <field name="statecode" value="0" />
        <field name="statuscode" value="1" />
      </record>
      <record id="9bde57b6-8a31-e711-810f-3863bb340dd8">
        <field name="tc_configurationid" value="9bde57b6-8a31-e711-810f-3863bb340dd8" />
        <field name="tc_name" value="Tc.Compensation.MaximumTotalLimitToBePaid" />
        <field name="tc_value" value="50" />
        <field name="statecode" value="0" />
        <field name="statuscode" value="1" />
      </record>
      <record id="433ab9f2-0e25-e711-810c-3863bb34fb48">
        <field name="tc_configurationid" value="433ab9f2-0e25-e711-810c-3863bb34fb48" />
        <field name="tc_longvalue" value="&amp;lt;html&amp;gt;&amp;lt;head&amp;gt;&amp;lt;/head&amp;gt;&amp;lt;body&amp;gt;&amp;lt;img width=&amp;quot;450&amp;quot; height=&amp;quot;75&amp;quot; src=&amp;quot;http://cdn.thomascook.com/images/uploads/icons/thomas_cook_logo_450px.png&amp;quot;&amp;gt;&amp;lt;/body&amp;gt;&amp;lt;/html&amp;gt;" />
        <field name="tc_name" value="Test Footer1" />
        <field name="statecode" value="0" />
        <field name="statuscode" value="1" />
      </record>
      <record id="a0474b76-2325-e711-810c-3863bb34fb48">
        <field name="tc_configurationid" value="a0474b76-2325-e711-810c-3863bb34fb48" />
        <field name="tc_longvalue" value="&amp;lt;html&amp;gt;&amp;lt;head&amp;gt;&amp;lt;/head&amp;gt;&amp;lt;body&amp;gt;&amp;lt;img width=&amp;quot;300&amp;quot; height=&amp;quot;25&amp;quot; src=&amp;quot;http://cdn.thomascook.com/crm/email/logo/BE-logos-ThomasCookNeckermannPegase.png&amp;quot;&amp;gt;&amp;lt;/body&amp;gt;&amp;lt;/html&amp;gt;" />
        <field name="tc_name" value="Test Footer2" />
        <field name="statecode" value="0" />
        <field name="statuscode" value="1" />
      </record>
      <record id="f98a4ed0-4730-e711-810e-3863bb34fb48">
        <field name="tc_group" value="Caching" />
        <field name="tc_configurationid" value="f98a4ed0-4730-e711-810e-3863bb34fb48" />
        <field name="tc_name" value="Tc.Caching.ServiceUrl.Server1" />
        <field name="tc_value" value="https://tcdev-ne.azurewebsites.net" />
        <field name="statecode" value="0" />
        <field name="statuscode" value="1" />
      </record>
      <record id="1be4aff1-4730-e711-810e-3863bb34fb48">
        <field name="tc_group" value="Caching" />
        <field name="tc_configurationid" value="1be4aff1-4730-e711-810e-3863bb34fb48" />
        <field name="tc_name" value="Tc.Caching.Api" />
        <field name="tc_value" value="api/cache/refresh" />
        <field name="statecode" value="0" />
        <field name="statuscode" value="1" />
      </record>
      <record id="388f482e-4830-e711-810e-3863bb34fb48">
        <field name="tc_group" value="Caching" />
        <field name="tc_configurationid" value="388f482e-4830-e711-810e-3863bb34fb48" />
        <field name="tc_name" value="Tc.Caching.Payload.ExpirySecondsFromNow" />
        <field name="tc_value" value="100" />
        <field name="statecode" value="0" />
        <field name="statuscode" value="1" />
      </record>
      <record id="e918514a-4830-e711-810e-3863bb34fb48">
        <field name="tc_group" value="Caching" />
        <field name="tc_configurationid" value="e918514a-4830-e711-810e-3863bb34fb48" />
        <field name="tc_name" value="Tc.Caching.Payload.IatSecondsFromNow" />
        <field name="tc_value" value="100" />
        <field name="statecode" value="0" />
        <field name="statuscode" value="1" />
      </record>
      <record id="52441664-4830-e711-810e-3863bb34fb48">
        <field name="tc_group" value="Caching" />
        <field name="tc_configurationid" value="52441664-4830-e711-810e-3863bb34fb48" />
        <field name="tc_name" value="Tc.Caching.Payload.NbfSecondsFromNow" />
        <field name="tc_value" value="-1" />
        <field name="statecode" value="0" />
        <field name="statuscode" value="1" />
      </record>
      <record id="13f5e1cb-4930-e711-810e-3863bb34fb48">
        <field name="tc_group" value="Caching" />
        <field name="tc_configurationid" value="13f5e1cb-4930-e711-810e-3863bb34fb48" />
        <field name="tc_name" value="Tc.Caching.SecretKey" />
        <field name="tc_value" value="C28B0C3367291249B85B1987E0C1B7EADC86E28B7E11913E32FA6A465EC4B5DA" />
        <field name="statecode" value="0" />
        <field name="statuscode" value="1" />
      </record>
      <record id="bee44c1d-bb13-e711-8104-3863bb354ff0">
        <field name="tc_description" value="Compensation Amount Upper Limit for the United Kingdom source market" />
        <field name="tc_configurationid" value="bee44c1d-bb13-e711-8104-3863bb354ff0" />
        <field name="tc_name" value="Tc.Compensation.UpperLimit.UnitedKingdom" />
        <field name="tc_value" value="399" />
        <field name="statecode" value="0" />
        <field name="statuscode" value="1" />
      </record>
      <record id="7c977a28-bb13-e711-8104-3863bb354ff0">
        <field name="tc_description" value="Booking value / duration of stay * 25%" />
        <field name="tc_configurationid" value="7c977a28-bb13-e711-8104-3863bb354ff0" />
        <field name="tc_name" value="Tc.Compensation.UpperLimit.Continental" />
        <field name="tc_value" value="25" />
        <field name="statecode" value="0" />
        <field name="statuscode" value="1" />
      </record>
      <record id="fa407180-1342-e711-8126-e0071b659e11">
        <field name="tc_group" value="Caching" />
        <field name="tc_configurationid" value="fa407180-1342-e711-8126-e0071b659e11" />
        <field name="tc_name" value="Tc.Caching.ServiceUrl.Server2" />
        <field name="statecode" value="0" />
        <field name="statuscode" value="1" />
      </record>
      <record id="c61cff95-2134-e711-8107-e0071b66e0a1">
        <field name="tc_group" value="Caching" />
        <field name="tc_configurationid" value="c61cff95-2134-e711-8107-e0071b66e0a1" />
        <field name="tc_name" value="Tc.Caching.Flag.Manual" />
        <field name="tc_value" value="false" />
        <field name="statecode" value="0" />
        <field name="statuscode" value="1" />
      </record>
      <record id="588bb3b8-8748-e711-810c-e0071b66e0a1">
        <field name="tc_configurationid" value="588bb3b8-8748-e711-810c-e0071b66e0a1" />
        <field name="tc_name" value="Tc.Incident.ApprovalLimit.UK" />
        <field name="tc_value" value="399" />
        <field name="statecode" value="0" />
        <field name="statuscode" value="1" />
      </record>
      <record id="753f16c8-8748-e711-810c-e0071b66e0a1">
        <field name="tc_configurationid" value="753f16c8-8748-e711-810c-e0071b66e0a1" />
        <field name="tc_name" value="Tc.Incident.ApprovalLimit.Non-UK" />
        <field name="tc_value" value="399" />
        <field name="statecode" value="0" />
        <field name="statuscode" value="1" />
      </record>
    </records>
    <m2mrelationships />
  </entity>
</entities>