<entities xmlns:xsi="http://www.w3.org/2001/XMLSchema-instance">
  <entity name="tc_configuration" displayname="Configuration" etc="10074" primaryidfield="tc_configurationid" primarynamefield="tc_name" disableplugins="false">
    <fields>
      <field updateCompare="true" displayname="Configuration" name="tc_configurationid" type="guid" primaryKey="true" />
      <field displayname="Description" name="tc_description" type="string" customfield="true" />
      <field displayname="Group" name="tc_group" type="string" customfield="true" />
      <field displayname="Status" name="statecode" type="state" />
      <field displayname="Status Reason" name="statuscode" type="status" />
      <field displayname="Long Value" name="tc_longvalue" type="string" customfield="true" />
      <field displayname="Name" name="tc_name" type="string" customfield="true" />
      <field displayname="Value" name="tc_value" type="string" customfield="true" />
    </fields>
  </entity>
</entities>