
<entities xmlns:xsd="http://www.w3.org/2001/XMLSchema" xmlns:xsi="http://www.w3.org/2001/XMLSchema-instance">
  <entity name="msdyusd_customizationfiles" displayname="Customization File">
    <records>
      <record id="5ee7f26e-1976-e711-8100-5065f38b74a1">
        <field name="msdyusd_customizationfilesid" value="5ee7f26e-1976-e711-8100-5065f38b74a1" />
        <field name="msdyusd_customizationversion" value="1.0.0.7" />
        <field name="msdyusd_description" value="Custom Hosted Controls library" />
        <field name="msdyusd_name" value="Tc.Usd.Customization.CustomHostedControls" />
        <field name="statecode" value="0" />
        <field name="statuscode" value="1" />
      </record>
      <record id="a7a34632-b0a2-e711-8106-5065f38b74a1">
        <field name="msdyusd_customizationfilesid" value="a7a34632-b0a2-e711-8106-5065f38b74a1" />
        <field name="msdyusd_customizationversion" value="1.0.0.7" />
        <field name="msdyusd_name" value="Tc.Usd.Customization.SSOLogin" />
        <field name="statecode" value="0" />
        <field name="statuscode" value="1" />
      </record>
    </records>
    <m2mrelationships />
  </entity>
</entities>