<entities xmlns:xsi="http://www.w3.org/2001/XMLSchema-instance">
  <entity name="msdyusd_customizationfiles" displayname="Customization File" etc="10130" primaryidfield="msdyusd_customizationfilesid" primarynamefield="msdyusd_name" disableplugins="false">
    <fields>
      <field displayname="Customization Files" name="msdyusd_customizationfilesid" type="guid" primaryKey="true" />
      <field displayname="Customization Version" name="msdyusd_customizationversion" type="string" customfield="true" />
      <field displayname="Description" name="msdyusd_description" type="string" customfield="true" />
      <field displayname="Name" name="msdyusd_name" type="string" customfield="true" />
      <field displayname="Status" name="statecode" type="state" />
      <field displayname="Status Reason" name="statuscode" type="status" />
    </fields>
  </entity>
</entities>