<Components xmlns:xsd="http://www.w3.org/2001/XMLSchema" xmlns:xsi="http://www.w3.org/2001/XMLSchema-instance" xmlns="http://schemas.microsoft.com/crm/2009/"><Component><Id>a6e2b2f2-2cba-e511-80d6-00155dcfc14d</Id><Name>Site Map</Name><ComponentType>62</ComponentType><TypeName /><Action>Edit</Action><Comments><Comment>Edited to remove the required components with higher version</Comment><Comment>The Sitemap SubArea nav_syncerror hasn't been added to the solution because it contains components , which won't work in earlier versions of CRM.</Comment><Comment>The Sitemap SubArea nav_relationshipIntelligence hasn't been added to the solution because it contains components , which won't work in earlier versions of CRM.</Comment></Comments></Component></Components>