<ImportExportXml version="8.2.0001.0176" SolutionPackageVersion="8.2" languagecode="1033" generatedBy="CrmLive" xmlns:xsi="http://www.w3.org/2001/XMLSchema-instance">
  <SolutionManifest>
    <UniqueName>ThomasCook</UniqueName>
    <LocalizedNames>
      <LocalizedName description="Thomas Cook" languagecode="1033" />
    </LocalizedNames>
    <Descriptions>
      <Description description="Version control&#xA;&#xA;1.0.0.51 etc etc" languagecode="1033" />
    </Descriptions>
    <Version>1.0.0.90</Version>
    <Managed>0</Managed>
    <Publisher>
      <UniqueName>thomascook</UniqueName>
      <LocalizedNames>
        <LocalizedName description="Thomas Cook" languagecode="1033" />
      </LocalizedNames>
      <Descriptions />
      <EMailAddress xsi:nil="true"></EMailAddress>
      <SupportingWebsiteUrl xsi:nil="true"></SupportingWebsiteUrl>
      <CustomizationPrefix>tc</CustomizationPrefix>
      <CustomizationOptionValuePrefix>95000</CustomizationOptionValuePrefix>
      <Addresses>
        <Address>
          <AddressNumber>1</AddressNumber>
          <AddressTypeCode>1</AddressTypeCode>
          <City>Egham</City>
          <County xsi:nil="true"></County>
          <Country>United Kingdom</Country>
          <Fax xsi:nil="true"></Fax>
          <FreightTermsCode xsi:nil="true"></FreightTermsCode>
          <ImportSequenceNumber xsi:nil="true"></ImportSequenceNumber>
          <Latitude xsi:nil="true"></Latitude>
          <Line1>Axon House</Line1>
          <Line2 xsi:nil="true"></Line2>
          <Line3 xsi:nil="true"></Line3>
          <Longitude xsi:nil="true"></Longitude>
          <Name xsi:nil="true"></Name>
          <PostalCode>TW20</PostalCode>
          <PostOfficeBox xsi:nil="true"></PostOfficeBox>
          <PrimaryContactName xsi:nil="true"></PrimaryContactName>
          <ShippingMethodCode>1</ShippingMethodCode>
          <StateOrProvince>Surrey</StateOrProvince>
          <Telephone1 xsi:nil="true"></Telephone1>
          <Telephone2 xsi:nil="true"></Telephone2>
          <Telephone3 xsi:nil="true"></Telephone3>
          <TimeZoneRuleVersionNumber xsi:nil="true"></TimeZoneRuleVersionNumber>
          <UPSZone xsi:nil="true"></UPSZone>
          <UTCOffset xsi:nil="true"></UTCOffset>
          <UTCConversionTimeZoneCode xsi:nil="true"></UTCConversionTimeZoneCode>
        </Address>
        <Address>
          <AddressNumber>2</AddressNumber>
          <AddressTypeCode>1</AddressTypeCode>
          <City xsi:nil="true"></City>
          <County xsi:nil="true"></County>
          <Country xsi:nil="true"></Country>
          <Fax xsi:nil="true"></Fax>
          <FreightTermsCode xsi:nil="true"></FreightTermsCode>
          <ImportSequenceNumber xsi:nil="true"></ImportSequenceNumber>
          <Latitude xsi:nil="true"></Latitude>
          <Line1 xsi:nil="true"></Line1>
          <Line2 xsi:nil="true"></Line2>
          <Line3 xsi:nil="true"></Line3>
          <Longitude xsi:nil="true"></Longitude>
          <Name xsi:nil="true"></Name>
          <PostalCode xsi:nil="true"></PostalCode>
          <PostOfficeBox xsi:nil="true"></PostOfficeBox>
          <PrimaryContactName xsi:nil="true"></PrimaryContactName>
          <ShippingMethodCode>1</ShippingMethodCode>
          <StateOrProvince xsi:nil="true"></StateOrProvince>
          <Telephone1 xsi:nil="true"></Telephone1>
          <Telephone2 xsi:nil="true"></Telephone2>
          <Telephone3 xsi:nil="true"></Telephone3>
          <TimeZoneRuleVersionNumber xsi:nil="true"></TimeZoneRuleVersionNumber>
          <UPSZone xsi:nil="true"></UPSZone>
          <UTCOffset xsi:nil="true"></UTCOffset>
          <UTCConversionTimeZoneCode xsi:nil="true"></UTCConversionTimeZoneCode>
        </Address>
      </Addresses>
    </Publisher>
    <RootComponents>
      <RootComponent type="1" schemaName="account" behavior="0" />
      <RootComponent type="1" schemaName="activitymimeattachment" behavior="0" />
      <RootComponent type="1" schemaName="annotation" behavior="0" />
      <RootComponent type="1" schemaName="category" behavior="1" />
      <RootComponent type="1" schemaName="competitor" behavior="1" />
      <RootComponent type="1" schemaName="contact" behavior="0" />
      <RootComponent type="1" schemaName="contract" behavior="2" />
      <RootComponent type="1" schemaName="email" behavior="1" />
      <RootComponent type="1" schemaName="incident" behavior="0" />
      <RootComponent type="1" schemaName="invoice" behavior="1" />
      <RootComponent type="1" schemaName="lead" behavior="1" />
      <RootComponent type="1" schemaName="letter" behavior="1" />
      <RootComponent type="1" schemaName="msdyn_wallsavedqueryusersettings" behavior="2" />
      <RootComponent type="1" schemaName="opportunity" behavior="1" />
      <RootComponent type="1" schemaName="product" behavior="1" />
      <RootComponent type="1" schemaName="queue" behavior="1" />
      <RootComponent type="1" schemaName="queueitem" behavior="1" />
      <RootComponent type="1" schemaName="quote" behavior="1" />
      <RootComponent type="1" schemaName="salesorder" behavior="1" />
      <RootComponent type="1" schemaName="slakpiinstance" behavior="0" />
      <RootComponent type="1" schemaName="socialprofile" behavior="1" />
      <RootComponent type="1" schemaName="syncerror" behavior="2" />
      <RootComponent type="1" schemaName="systemuser" behavior="0" />
      <RootComponent type="1" schemaName="tc_accounttype" behavior="0" />
      <RootComponent type="1" schemaName="tc_alternativeemail" behavior="0" />
      <RootComponent type="1" schemaName="tc_assistancerequest" behavior="0" />
      <RootComponent type="1" schemaName="tc_booking" behavior="0" />
      <RootComponent type="1" schemaName="tc_bookingaccommodation" behavior="0" />
      <RootComponent type="1" schemaName="tc_bookingextraservice" behavior="0" />
      <RootComponent type="1" schemaName="tc_bookingtransfer" behavior="0" />
      <RootComponent type="1" schemaName="tc_bookingtransport" behavior="0" />
      <RootComponent type="1" schemaName="tc_brand" behavior="0" />
      <RootComponent type="1" schemaName="tc_casecategory" behavior="0" />
      <RootComponent type="1" schemaName="tc_caseflow" behavior="0" />
      <RootComponent type="1" schemaName="tc_caseline" behavior="0" />
      <RootComponent type="1" schemaName="tc_casetype" behavior="0" />
      <RootComponent type="1" schemaName="tc_compensation" behavior="0" />
      <RootComponent type="1" schemaName="tc_compensationapproval" behavior="0" />
      <RootComponent type="1" schemaName="tc_compensationcalculationline" behavior="0" />
      <RootComponent type="1" schemaName="tc_compensationcalculationmatrix" behavior="0" />
      <RootComponent type="1" schemaName="tc_compensationline" behavior="0" />
      <RootComponent type="1" schemaName="tc_configuration" behavior="0" />
      <RootComponent type="1" schemaName="tc_country" behavior="0" />
      <RootComponent type="1" schemaName="tc_customerbookingrole" behavior="0" />
      <RootComponent type="1" schemaName="tc_gateway" behavior="0" />
      <RootComponent type="1" schemaName="tc_hotel" behavior="0" />
      <RootComponent type="1" schemaName="tc_hotelpromises" behavior="0" />
      <RootComponent type="1" schemaName="tc_location" behavior="0" />
      <RootComponent type="1" schemaName="tc_locationoffice" behavior="0" />
      <RootComponent type="1" schemaName="tc_recovery" behavior="0" />
      <RootComponent type="1" schemaName="tc_region" behavior="0" />
      <RootComponent type="1" schemaName="tc_surveyresponse" behavior="0" />
      <RootComponent type="1" schemaName="tc_surveyresponsefeedback" behavior="0" />
      <RootComponent type="1" schemaName="tc_touroperator" behavior="0" />
      <RootComponent type="1" schemaName="team" behavior="0" />
      <RootComponent type="1" schemaName="transactioncurrency" behavior="1" />
      <RootComponent type="9" schemaName="incident_caseorigincode" behavior="0" />
      <RootComponent type="9" schemaName="processstage_category" behavior="0" />
      <RootComponent type="9" schemaName="tc_24hourpromise" behavior="0" />
      <RootComponent type="9" schemaName="tc_acceptancestatus" behavior="0" />
      <RootComponent type="9" schemaName="tc_bacsaccountnumberowner" behavior="0" />
      <RootComponent type="9" schemaName="tc_bacsaccounttype" behavior="0" />
      <RootComponent type="9" schemaName="tc_boardtype" behavior="0" />
      <RootComponent type="9" schemaName="tc_bookingservicetype" behavior="0" />
      <RootComponent type="9" schemaName="tc_buildingworkgrade" behavior="0" />
      <RootComponent type="9" schemaName="tc_casetype" behavior="0" />
      <RootComponent type="9" schemaName="tc_cashcurrencies" behavior="0" />
      <RootComponent type="9" schemaName="tc_comebackreason" behavior="0" />
      <RootComponent type="9" schemaName="tc_comebackresult" behavior="0" />
      <RootComponent type="9" schemaName="tc_compensationcostcover" behavior="0" />
      <RootComponent type="9" schemaName="tc_compensationseverityimpact" behavior="0" />
      <RootComponent type="9" schemaName="tc_compensationtcconfirmation" behavior="0" />
      <RootComponent type="9" schemaName="tc_compensation_paymentofferstatus" behavior="0" />
      <RootComponent type="9" schemaName="tc_countries" behavior="0" />
      <RootComponent type="9" schemaName="tc_customerbookingrole" behavior="0" />
      <RootComponent type="9" schemaName="tc_customerrelationslevel" behavior="0" />
      <RootComponent type="9" schemaName="tc_customersegment" behavior="0" />
      <RootComponent type="9" schemaName="tc_department" behavior="0" />
      <RootComponent type="9" schemaName="tc_emailaddresstype" behavior="0" />
      <RootComponent type="9" schemaName="tc_externalservicecodetype" behavior="0" />
      <RootComponent type="9" schemaName="tc_flightlength" behavior="0" />
      <RootComponent type="9" schemaName="tc_gender" behavior="0" />
      <RootComponent type="9" schemaName="tc_hotelcategory" behavior="0" />
      <RootComponent type="9" schemaName="tc_hotelcomplextype" behavior="0" />
      <RootComponent type="9" schemaName="tc_hotelpromisetype" behavior="0" />
      <RootComponent type="9" schemaName="tc_invoicestatusvalues" behavior="0" />
      <RootComponent type="9" schemaName="tc_languages" behavior="0" />
      <RootComponent type="9" schemaName="tc_methodofcommunication" behavior="0" />
      <RootComponent type="9" schemaName="tc_nonfinancialcompensationsubtype" behavior="0" />
      <RootComponent type="9" schemaName="tc_originatingbusinessarea" behavior="0" />
      <RootComponent type="9" schemaName="tc_producttype" behavior="0" />
      <RootComponent type="9" schemaName="tc_salutation" behavior="0" />
      <RootComponent type="9" schemaName="tc_servicetype" behavior="0" />
      <RootComponent type="9" schemaName="tc_sladuration" behavior="0" />
      <RootComponent type="9" schemaName="tc_telephonetype" behavior="0" />
      <RootComponent type="9" schemaName="tc_transferserviceleveltype" behavior="0" />
      <RootComponent type="9" schemaName="tc_transfertype" behavior="0" />
      <RootComponent type="9" schemaName="tc_vouchertypes" behavior="0" />
      <RootComponent type="9" schemaName="tc_yesno" behavior="0" />
      <RootComponent type="20" id="{1fc1d43b-f9f8-e611-8107-3863bb34fb48}" behavior="0" />
      <RootComponent type="20" id="{2eef0323-f9f8-e611-8107-3863bb34fb48}" behavior="0" />
      <RootComponent type="20" id="{2fa23aa7-b205-e711-8109-3863bb34fb48}" behavior="0" />
      <RootComponent type="20" id="{5c0f71f4-f9f8-e611-8107-3863bb34fb48}" behavior="0" />
      <RootComponent type="20" id="{6bdb42af-86fa-e611-8100-3863bb354ff0}" behavior="0" />
      <RootComponent type="20" id="{6fd27bee-defc-e611-8108-3863bb34fb48}" behavior="0" />
      <RootComponent type="20" id="{808ffa91-f8f8-e611-8107-3863bb34fb48}" behavior="0" />
      <RootComponent type="20" id="{834ba58b-f8f8-e611-8107-3863bb34fb48}" behavior="0" />
      <RootComponent type="20" id="{a2518d2f-f9f8-e611-8107-3863bb34fb48}" behavior="0" />
      <RootComponent type="20" id="{a65769fa-f9f8-e611-8107-3863bb34fb48}" behavior="0" />
      <RootComponent type="20" id="{a87c699e-f8f8-e611-8107-3863bb34fb48}" behavior="0" />
      <RootComponent type="20" id="{ad31700e-a129-e711-810e-3863bb34fb48}" behavior="0" />
      <RootComponent type="20" id="{d14317c4-18f8-e611-80ff-3863bb354ff0}" behavior="0" />
      <RootComponent type="20" id="{e478dc35-f9f8-e611-8107-3863bb34fb48}" behavior="0" />
      <RootComponent type="20" id="{ef5563ee-f9f8-e611-8107-3863bb34fb48}" behavior="0" />
      <RootComponent type="20" id="{f21e987f-f8f8-e611-8107-3863bb34fb48}" behavior="0" />
      <RootComponent type="20" id="{f6627159-76fa-e611-8108-3863bb34fb48}" behavior="0" />
      <RootComponent type="20" id="{f9c784c3-f9f8-e611-8107-3863bb34fb48}" behavior="0" />
      <RootComponent type="20" id="{fcaf7d02-b305-e711-8109-3863bb34fb48}" behavior="0" />
      <RootComponent type="29" id="{02716d34-92a4-45ab-8b4a-272d2c3d5795}" behavior="0" />
      <RootComponent type="29" id="{04905e75-1615-e711-810d-3863bb340dd8}" behavior="0" />
      <RootComponent type="29" id="{06570f2d-e7fc-e611-8108-3863bb340dd8}" behavior="0" />
      <RootComponent type="29" id="{0685119b-1144-4e16-aafc-4ac62fa8d32f}" behavior="0" />
      <RootComponent type="29" id="{07946764-9c05-e711-810d-1458d041f8e8}" behavior="0" />
      <RootComponent type="29" id="{095568ae-7ac9-445d-ab0a-eb3059a96044}" behavior="0" />
      <RootComponent type="29" id="{0f86ac3b-b2fd-e611-8100-3863bb354ff0}" behavior="0" />
      <RootComponent type="29" id="{12188303-944a-4742-9af4-b2b596ae6525}" behavior="0" />
      <RootComponent type="29" id="{12ea1b1d-8cfa-e611-8108-3863bb340dd8}" behavior="0" />
      <RootComponent type="29" id="{1336abb9-d089-42a7-96e9-deb96e7b72a2}" behavior="0" />
      <RootComponent type="29" id="{13564182-332f-e711-8106-3863bb354ff0}" behavior="0" />
      <RootComponent type="29" id="{14bf974d-9f1f-e711-8104-3863bb354ff0}" behavior="0" />
      <RootComponent type="29" id="{14cf8cd6-e48a-4818-ae28-3764552e745a}" behavior="0" />
      <RootComponent type="29" id="{15756657-8d02-e711-810d-1458d041f8e8}" behavior="0" />
      <RootComponent type="29" id="{1833f08e-e803-e711-8109-3863bb34fb48}" behavior="0" />
      <RootComponent type="29" id="{1956e81b-83fe-445a-8d94-a5cb40a17587}" behavior="0" />
      <RootComponent type="29" id="{19cb9d14-e903-e711-8109-3863bb34fb48}" behavior="0" />
      <RootComponent type="29" id="{19da8481-1307-42f1-a311-fcf9c74f47a8}" behavior="0" />
      <RootComponent type="29" id="{1a77693a-6c04-4477-a757-c749889f3f61}" behavior="0" />
      <RootComponent type="29" id="{1c936574-a9fa-e611-8108-3863bb340dd8}" behavior="0" />
      <RootComponent type="29" id="{1cf8a4dd-2d68-4f28-84f9-2edbdcb880bf}" behavior="0" />
      <RootComponent type="29" id="{1e712b61-9ccd-4ab0-8c12-e6a075dd6ae3}" behavior="0" />
      <RootComponent type="29" id="{1f965f52-0a37-479d-ade5-c4fca8781310}" behavior="0" />
      <RootComponent type="29" id="{1fc0a632-5f03-4233-aff1-13938cf09668}" behavior="0" />
      <RootComponent type="29" id="{20fcdb60-74dd-41cc-8694-038078ba01bc}" behavior="0" />
      <RootComponent type="29" id="{221dab26-d308-e711-8102-3863bb354ff0}" behavior="0" />
      <RootComponent type="29" id="{24f76fa6-d408-e711-8102-3863bb354ff0}" behavior="0" />
      <RootComponent type="29" id="{250b2a34-030c-e711-810a-3863bb34fb48}" behavior="0" />
      <RootComponent type="29" id="{25a3b46b-ced5-432b-a798-3bfdecfd682c}" behavior="0" />
      <RootComponent type="29" id="{26557269-4574-4ed7-828f-b5c608d9c8d8}" behavior="0" />
      <RootComponent type="29" id="{28acd24b-0125-e711-8104-3863bb354ff0}" behavior="0" />
      <RootComponent type="29" id="{2992e799-9110-e711-810e-1458d041f8e8}" behavior="0" />
      <RootComponent type="29" id="{2b7cfcc6-9c1e-e711-8110-1458d041f8e8}" behavior="0" />
      <RootComponent type="29" id="{2dc45a40-508a-44ca-a1f4-37a9b3169c3a}" behavior="0" />
      <RootComponent type="29" id="{2e1ba5f7-b98a-4a3a-8275-e61921ce4784}" behavior="0" />
      <RootComponent type="29" id="{2f39e6b8-cd08-e711-8102-3863bb354ff0}" behavior="0" />
      <RootComponent type="29" id="{30b48b7a-8d81-4f5f-950e-ec50676aaf98}" behavior="0" />
      <RootComponent type="29" id="{31533632-44b8-4ce7-8177-b947acb27127}" behavior="0" />
      <RootComponent type="29" id="{33cacc76-520a-e711-8102-3863bb354ff0}" behavior="0" />
      <RootComponent type="29" id="{34abbaae-fe07-e711-8102-3863bb354ff0}" behavior="0" />
      <RootComponent type="29" id="{36199960-8d11-e711-810f-1458d041f8e8}" behavior="0" />
      <RootComponent type="29" id="{36eb26df-d7af-4a5d-9c1e-2b63622aadb4}" behavior="0" />
      <RootComponent type="29" id="{3992cd00-2415-e711-810d-3863bb340dd8}" behavior="0" />
      <RootComponent type="29" id="{3c186b42-152c-e711-810f-3863bb340dd8}" behavior="0" />
      <RootComponent type="29" id="{3fa6d9e0-112c-e711-8112-1458d041f8e8}" behavior="0" />
      <RootComponent type="29" id="{40f5a747-0708-e711-8102-3863bb354ff0}" behavior="0" />
      <RootComponent type="29" id="{41433206-9f1f-e711-8104-3863bb354ff0}" behavior="0" />
      <RootComponent type="29" id="{42e77957-277f-4d84-824e-8b89fc585952}" behavior="0" />
      <RootComponent type="29" id="{433a41ef-d879-407d-8387-e3bf5bd54b8d}" behavior="0" />
      <RootComponent type="29" id="{43840855-dcfd-e611-8100-3863bb354ff0}" behavior="0" />
      <RootComponent type="29" id="{43d8e53b-0109-e711-8102-3863bb354ff0}" behavior="0" />
      <RootComponent type="29" id="{46eea6c9-17dd-4172-af9f-061dd5b32211}" behavior="0" />
      <RootComponent type="29" id="{47fe5461-a4fa-e611-8108-3863bb340dd8}" behavior="0" />
      <RootComponent type="29" id="{49458e66-1bde-4090-8764-8b36bcc6ed50}" behavior="0" />
      <RootComponent type="29" id="{494dcb46-8561-4a64-b987-f8cb9052f849}" behavior="0" />
      <RootComponent type="29" id="{4d4154be-9313-481d-b1a1-3d2e92afcaea}" behavior="0" />
      <RootComponent type="29" id="{5001b066-8cfa-e611-8108-3863bb340dd8}" behavior="0" />
      <RootComponent type="29" id="{5420fbc7-f806-4cbc-9dc1-22bbec2ecc19}" behavior="0" />
      <RootComponent type="29" id="{542bfd6c-aa05-e711-8109-3863bb34fb48}" behavior="0" />
      <RootComponent type="29" id="{58ba3e14-0a0f-e711-810a-3863bb34fb48}" behavior="0" />
      <RootComponent type="29" id="{5ac98458-bdd1-4e4f-afc3-909f3905973c}" behavior="0" />
      <RootComponent type="29" id="{5e3810cc-075d-4b5f-9669-fce0b15c2609}" behavior="0" />
      <RootComponent type="29" id="{5e3f8ddc-3693-4d47-98b6-97e9544f7d3e}" behavior="0" />
      <RootComponent type="29" id="{5e7ef0bd-dbfd-e611-8100-3863bb354ff0}" behavior="0" />
      <RootComponent type="29" id="{5f4d9486-a7fa-e611-8108-3863bb340dd8}" behavior="0" />
      <RootComponent type="29" id="{6122109e-c337-458f-a337-d9f1b84d4402}" behavior="0" />
      <RootComponent type="29" id="{6254d909-3320-e711-810d-3863bb340dd8}" behavior="0" />
      <RootComponent type="29" id="{6258e741-1f1e-e711-8110-1458d041f8e8}" behavior="0" />
      <RootComponent type="29" id="{65d69e6d-4700-e711-8108-3863bb34fb48}" behavior="0" />
      <RootComponent type="29" id="{66877c88-9f1f-e711-8104-3863bb354ff0}" behavior="0" />
      <RootComponent type="29" id="{67584797-72a4-415b-b5f5-4b603831d682}" behavior="0" />
      <RootComponent type="29" id="{6a7ac9d1-9778-4067-8754-5f66b0f29bf7}" behavior="0" />
      <RootComponent type="29" id="{6c0b8350-d7ec-4dec-8a10-3fe54ade741a}" behavior="0" />
      <RootComponent type="29" id="{6da56062-520a-e711-810a-3863bb340dd8}" behavior="0" />
      <RootComponent type="29" id="{6fa03874-fa08-e711-8102-3863bb354ff0}" behavior="0" />
      <RootComponent type="29" id="{71d50574-2192-4395-8dcb-512552d8ad6c}" behavior="0" />
      <RootComponent type="29" id="{720f687d-9772-46fd-a008-8bbb37f8d40f}" behavior="0" />
      <RootComponent type="29" id="{74cab45f-4700-e711-8108-3863bb34fb48}" behavior="0" />
      <RootComponent type="29" id="{75ae6fcf-e5f8-e611-810b-1458d041f8e8}" behavior="0" />
      <RootComponent type="29" id="{7657a5df-a31f-e711-8104-3863bb354ff0}" behavior="0" />
      <RootComponent type="29" id="{783f9c10-a4fe-484b-ac70-0fe6eacb0a73}" behavior="0" />
      <RootComponent type="29" id="{78f837c6-8c2e-4c23-8b91-c69d63d42005}" behavior="0" />
      <RootComponent type="29" id="{7b10c326-807c-4f01-a3d0-4264dec1f418}" behavior="0" />
      <RootComponent type="29" id="{7bf73d13-8bfa-e611-8108-3863bb340dd8}" behavior="0" />
      <RootComponent type="29" id="{7f6eca77-fb37-4355-8ffc-b532cda3ca7c}" behavior="0" />
      <RootComponent type="29" id="{89a1d87f-ad5c-4cd8-a459-4ca2f0194aec}" behavior="0" />
      <RootComponent type="29" id="{8c84028a-b2fd-e611-8100-3863bb354ff0}" behavior="0" />
      <RootComponent type="29" id="{8d7dcf0d-4e8d-4b27-9d90-7e54a826078d}" behavior="0" />
      <RootComponent type="29" id="{918ef2bb-a6fa-e611-8108-3863bb340dd8}" behavior="0" />
      <RootComponent type="29" id="{94b7e66b-330a-e711-810a-3863bb340dd8}" behavior="0" />
      <RootComponent type="29" id="{95f2a4d8-2800-e711-8108-3863bb340dd8}" behavior="0" />
      <RootComponent type="29" id="{99cdf643-a229-4b61-9aa1-02849011d679}" behavior="0" />
      <RootComponent type="29" id="{9a6527b8-defc-e611-8108-3863bb340dd8}" behavior="0" />
      <RootComponent type="29" id="{9ba41f33-4d12-4f44-bb82-14dad2936d4b}" behavior="0" />
      <RootComponent type="29" id="{9c659960-85a6-4cb2-b114-269d7df0d443}" behavior="0" />
      <RootComponent type="29" id="{a1d73372-181d-4396-92ec-4e12f155e5b4}" behavior="0" />
      <RootComponent type="29" id="{a2371728-d807-e711-8102-3863bb354ff0}" behavior="0" />
      <RootComponent type="29" id="{a3b3d612-849f-4480-9d72-96dad41b8031}" behavior="0" />
      <RootComponent type="29" id="{a422fdd9-e803-e711-8109-3863bb34fb48}" behavior="0" />
      <RootComponent type="29" id="{a620ecb5-84a1-4624-8e1e-03f5d8a21750}" behavior="0" />
      <RootComponent type="29" id="{a68f4c83-c569-4834-b9a1-abf1c452d5ce}" behavior="0" />
      <RootComponent type="29" id="{a7dd9f77-4ef4-4065-8143-2083eec3de12}" behavior="0" />
      <RootComponent type="29" id="{a926be58-7b29-4d76-b1d5-9908d9770820}" behavior="0" />
      <RootComponent type="29" id="{a9274ecd-570d-e711-810a-3863bb34fb48}" behavior="0" />
      <RootComponent type="29" id="{ac50bd00-6284-4c4e-8b82-a3028abeb3f6}" behavior="0" />
      <RootComponent type="29" id="{ad8c6e01-2419-e711-8104-3863bb354ff0}" behavior="0" />
      <RootComponent type="29" id="{add0abd6-0ec4-40f3-8a2a-512f8516e9ea}" behavior="0" />
      <RootComponent type="29" id="{af9db957-a126-e711-8111-1458d041f8e8}" behavior="0" />
      <RootComponent type="29" id="{b5fb8d18-d66a-4b9f-a21f-f155cc164aea}" behavior="0" />
      <RootComponent type="29" id="{b6834a0a-83c7-4fbb-94ed-2e04f315ea4c}" behavior="0" />
      <RootComponent type="29" id="{ba1d2273-ac1f-e711-8104-3863bb354ff0}" behavior="0" />
      <RootComponent type="29" id="{c2ab6021-226c-4613-9477-9d98eae2e8a0}" behavior="0" />
      <RootComponent type="29" id="{c34d9cf9-90d0-4ef0-be4e-e1ee0c3d9670}" behavior="0" />
      <RootComponent type="29" id="{c5515fb3-9d1f-e711-8104-3863bb354ff0}" behavior="0" />
      <RootComponent type="29" id="{cc56eb5b-edf8-e611-810b-1458d041f8e8}" behavior="0" />
      <RootComponent type="29" id="{d3950ebe-2206-423e-832f-abca15260ca3}" behavior="0" />
      <RootComponent type="29" id="{d4841656-e630-4eb3-aa4b-054ddb56e865}" behavior="0" />
      <RootComponent type="29" id="{d67ee786-9bfd-e611-810c-1458d041f8e8}" behavior="0" />
      <RootComponent type="29" id="{d7418219-1a43-4e64-a6be-b9b87e6ddb25}" behavior="0" />
      <RootComponent type="29" id="{d7ca63de-5c4e-4a6b-9834-9483dc841e21}" behavior="0" />
      <RootComponent type="29" id="{d8566e03-3c44-47a1-a90b-a981c49debc8}" behavior="0" />
      <RootComponent type="29" id="{d96dbcb4-278f-4cd3-ae45-1ec316fd0a28}" behavior="0" />
      <RootComponent type="29" id="{db3240e8-b5fd-e611-8100-3863bb354ff0}" behavior="0" />
      <RootComponent type="29" id="{dbe15aa6-98cf-461e-8777-811bf9eee8db}" behavior="0" />
      <RootComponent type="29" id="{dc13dabe-9e16-4824-8a30-3082d9b47fec}" behavior="0" />
      <RootComponent type="29" id="{dc4b8f81-ef92-47be-8564-4a662dc7bbd0}" behavior="0" />
      <RootComponent type="29" id="{dd3ff42a-9414-e711-810c-3863bb34fb48}" behavior="0" />
      <RootComponent type="29" id="{dfb1b8e3-b0fa-e611-8108-3863bb340dd8}" behavior="0" />
      <RootComponent type="29" id="{e09877b9-d168-49e0-8158-b7c8a1991f30}" behavior="0" />
      <RootComponent type="29" id="{e27daef1-d5c8-4e3b-b2e0-76cd65054e48}" behavior="0" />
      <RootComponent type="29" id="{e2e08252-9f08-e711-810a-3863bb34fb48}" behavior="0" />
      <RootComponent type="29" id="{e359c715-d108-e711-8102-3863bb354ff0}" behavior="0" />
      <RootComponent type="29" id="{e3d68bd9-2afb-4b0d-9023-da8226b550ac}" behavior="0" />
      <RootComponent type="29" id="{e456c8d1-4b6e-4d1f-b746-520f32a4cfc9}" behavior="0" />
      <RootComponent type="29" id="{e64bda7f-a5fa-e611-8108-3863bb340dd8}" behavior="0" />
      <RootComponent type="29" id="{e656ed68-4352-4d91-8590-ba9e5312ea4c}" behavior="0" />
      <RootComponent type="29" id="{eb6a3cae-9a0a-4a05-9a09-40433863b431}" behavior="0" />
      <RootComponent type="29" id="{ed094fcc-1d79-4584-a15e-ba86935a44a5}" behavior="0" />
      <RootComponent type="29" id="{ed5bdced-191e-e711-8110-1458d041f8e8}" behavior="0" />
      <RootComponent type="29" id="{f0a4f4fc-480a-e711-810a-3863bb340dd8}" behavior="0" />
      <RootComponent type="29" id="{f0dc2ffa-9702-e711-8101-3863bb354ff0}" behavior="0" />
      <RootComponent type="29" id="{f1852251-e803-e711-8109-3863bb34fb48}" behavior="0" />
      <RootComponent type="29" id="{f6706c2f-9a09-e711-810a-3863bb340dd8}" behavior="0" />
      <RootComponent type="29" id="{f78bceef-f028-4eb1-949e-da4acacc4668}" behavior="0" />
      <RootComponent type="29" id="{f7a78559-b816-e711-810c-3863bb34fb48}" behavior="0" />
      <RootComponent type="29" id="{f946b341-3ea8-4cfd-8163-9620d74a80cd}" behavior="0" />
      <RootComponent type="29" id="{fcae3925-e201-e711-8101-3863bb354ff0}" behavior="0" />
      <RootComponent type="29" id="{fdb7564e-0ffe-4acc-980b-ce625ee8db5d}" behavior="0" />
      <RootComponent type="29" id="{feb64858-65f3-e611-8107-3863bb34fb48}" behavior="0" />
      <RootComponent type="29" id="{fed249cc-5162-4ad0-8338-8ba2fcc07000}" behavior="0" />
      <RootComponent type="29" id="{fff3b387-c408-e711-810a-3863bb340dd8}" behavior="0" />
      <RootComponent type="36" id="{0046fc6a-3f0e-e711-8102-3863bb354ff0}" behavior="0" />
      <RootComponent type="36" id="{013b6893-360e-e711-8102-3863bb354ff0}" behavior="0" />
      <RootComponent type="36" id="{022c676a-d012-e711-810b-3863bb34fb48}" behavior="0" />
      <RootComponent type="36" id="{0274d93c-cc12-e711-810b-3863bb34fb48}" behavior="0" />
      <RootComponent type="36" id="{050095f6-b00f-e711-810a-3863bb34fb48}" behavior="0" />
      <RootComponent type="36" id="{063dbda8-2a0e-e711-8102-3863bb354ff0}" behavior="0" />
      <RootComponent type="36" id="{08b8a2d3-310e-e711-8102-3863bb354ff0}" behavior="0" />
      <RootComponent type="36" id="{0e6bf4dd-4c15-e711-810d-3863bb340dd8}" behavior="0" />
      <RootComponent type="36" id="{1073fb8b-6b14-e711-8110-1458d041f8e8}" behavior="0" />
      <RootComponent type="36" id="{11897284-9115-e711-810d-3863bb340dd8}" behavior="0" />
      <RootComponent type="36" id="{1380e0b1-b00f-e711-810a-3863bb34fb48}" behavior="0" />
      <RootComponent type="36" id="{14dc7629-fe0e-e711-810e-1458d041f8e8}" behavior="0" />
      <RootComponent type="36" id="{1c1f5edb-fd0e-e711-810e-1458d041f8e8}" behavior="0" />
      <RootComponent type="36" id="{1da300b1-280e-e711-8102-3863bb354ff0}" behavior="0" />
      <RootComponent type="36" id="{1e00cdb7-2315-e711-8104-3863bb354ff0}" behavior="0" />
      <RootComponent type="36" id="{287dbea8-310e-e711-8102-3863bb354ff0}" behavior="0" />
      <RootComponent type="36" id="{292ce7fe-af0f-e711-810a-3863bb34fb48}" behavior="0" />
      <RootComponent type="36" id="{2c0eb412-b00f-e711-810a-3863bb34fb48}" behavior="0" />
      <RootComponent type="36" id="{2f991df0-cf12-e711-810b-3863bb34fb48}" behavior="0" />
      <RootComponent type="36" id="{2fa710db-a210-e711-810e-1458d041f8e8}" behavior="0" />
      <RootComponent type="36" id="{3167f458-5b0e-e711-8102-3863bb354ff0}" behavior="0" />
      <RootComponent type="36" id="{33883955-cb12-e711-810b-3863bb34fb48}" behavior="0" />
      <RootComponent type="36" id="{3457b345-4915-e711-810d-3863bb340dd8}" behavior="0" />
      <RootComponent type="36" id="{348a38f6-6c14-e711-8110-1458d041f8e8}" behavior="0" />
      <RootComponent type="36" id="{371976c1-290e-e711-8102-3863bb354ff0}" behavior="0" />
      <RootComponent type="36" id="{3a707583-6c14-e711-8110-1458d041f8e8}" behavior="0" />
      <RootComponent type="36" id="{3a74ae43-cb12-e711-810b-3863bb34fb48}" behavior="0" />
      <RootComponent type="36" id="{3abb438e-cc12-e711-810b-3863bb34fb48}" behavior="0" />
      <RootComponent type="36" id="{3e137043-6b14-e711-8110-1458d041f8e8}" behavior="0" />
      <RootComponent type="36" id="{4a0017ea-cf12-e711-810b-3863bb34fb48}" behavior="0" />
      <RootComponent type="36" id="{4a862243-260e-e711-8102-3863bb354ff0}" behavior="0" />
      <RootComponent type="36" id="{4b904065-4c15-e711-810d-3863bb340dd8}" behavior="0" />
      <RootComponent type="36" id="{4fa06359-2b0e-e711-8102-3863bb354ff0}" behavior="0" />
      <RootComponent type="36" id="{50592b75-290e-e711-8102-3863bb354ff0}" behavior="0" />
      <RootComponent type="36" id="{538c864f-ca12-e711-810b-3863bb34fb48}" behavior="0" />
      <RootComponent type="36" id="{692b8103-5b0e-e711-8102-3863bb354ff0}" behavior="0" />
      <RootComponent type="36" id="{7134a337-ca12-e711-810b-3863bb34fb48}" behavior="0" />
      <RootComponent type="36" id="{7215081e-ca12-e711-810b-3863bb34fb48}" behavior="0" />
      <RootComponent type="36" id="{7ac8949e-6b14-e711-8110-1458d041f8e8}" behavior="0" />
      <RootComponent type="36" id="{7afd3cc0-b00f-e711-810a-3863bb34fb48}" behavior="0" />
      <RootComponent type="36" id="{7e085330-cc12-e711-810b-3863bb34fb48}" behavior="0" />
      <RootComponent type="36" id="{7e218bfb-cb12-e711-810b-3863bb34fb48}" behavior="0" />
      <RootComponent type="36" id="{81c16e9a-fd0e-e711-810e-1458d041f8e8}" behavior="0" />
      <RootComponent type="36" id="{83c1fd0a-cc12-e711-810b-3863bb34fb48}" behavior="0" />
      <RootComponent type="36" id="{8679be4a-cb12-e711-810b-3863bb34fb48}" behavior="0" />
      <RootComponent type="36" id="{8a8dba58-250e-e711-8102-3863bb354ff0}" behavior="0" />
      <RootComponent type="36" id="{8c08ac25-6b14-e711-8110-1458d041f8e8}" behavior="0" />
      <RootComponent type="36" id="{8c2360ff-3615-e711-810d-3863bb340dd8}" behavior="0" />
      <RootComponent type="36" id="{911abe04-d212-e711-810b-3863bb34fb48}" behavior="0" />
      <RootComponent type="36" id="{920fb6d4-cf12-e711-810b-3863bb34fb48}" behavior="0" />
      <RootComponent type="36" id="{9257a0e1-4915-e711-810d-3863bb340dd8}" behavior="0" />
      <RootComponent type="36" id="{93589ce9-4b15-e711-810d-3863bb340dd8}" behavior="0" />
      <RootComponent type="36" id="{947d4eb8-360e-e711-8102-3863bb354ff0}" behavior="0" />
      <RootComponent type="36" id="{95630e2d-b10f-e711-810a-3863bb34fb48}" behavior="0" />
      <RootComponent type="36" id="{9cf74b55-270e-e711-8102-3863bb354ff0}" behavior="0" />
      <RootComponent type="36" id="{9cfdf861-d012-e711-810b-3863bb34fb48}" behavior="0" />
      <RootComponent type="36" id="{9f7f78f4-fd0e-e711-810e-1458d041f8e8}" behavior="0" />
      <RootComponent type="36" id="{a47260bd-fd0e-e711-810e-1458d041f8e8}" behavior="0" />
      <RootComponent type="36" id="{aecd3463-6c14-e711-8110-1458d041f8e8}" behavior="0" />
      <RootComponent type="36" id="{afda596b-cc12-e711-810b-3863bb34fb48}" behavior="0" />
      <RootComponent type="36" id="{b0ec01bf-cf12-e711-810b-3863bb34fb48}" behavior="0" />
      <RootComponent type="36" id="{b292a685-cc12-e711-810b-3863bb34fb48}" behavior="0" />
      <RootComponent type="36" id="{b2dddd47-360e-e711-8102-3863bb354ff0}" behavior="0" />
      <RootComponent type="36" id="{b3c06181-300e-e711-8102-3863bb354ff0}" behavior="0" />
      <RootComponent type="36" id="{bbcec1e2-af0f-e711-810a-3863bb34fb48}" behavior="0" />
      <RootComponent type="36" id="{bd59d205-4815-e711-810d-3863bb340dd8}" behavior="0" />
      <RootComponent type="36" id="{c1dcc805-260e-e711-8102-3863bb354ff0}" behavior="0" />
      <RootComponent type="36" id="{c2051188-fd0e-e711-810e-1458d041f8e8}" behavior="0" />
      <RootComponent type="36" id="{c3dbfc0a-b10f-e711-810a-3863bb34fb48}" behavior="0" />
      <RootComponent type="36" id="{c42c7555-cc12-e711-810b-3863bb34fb48}" behavior="0" />
      <RootComponent type="36" id="{c44106f5-a210-e711-810e-1458d041f8e8}" behavior="0" />
      <RootComponent type="36" id="{c7fc074d-4715-e711-810d-3863bb340dd8}" behavior="0" />
      <RootComponent type="36" id="{c94af707-2a0e-e711-8102-3863bb354ff0}" behavior="0" />
      <RootComponent type="36" id="{cc681f1b-d212-e711-810b-3863bb34fb48}" behavior="0" />
      <RootComponent type="36" id="{ceadf70e-fe0e-e711-810e-1458d041f8e8}" behavior="0" />
      <RootComponent type="36" id="{db1ca522-270e-e711-8102-3863bb354ff0}" behavior="0" />
      <RootComponent type="36" id="{dc5124d7-6c14-e711-8110-1458d041f8e8}" behavior="0" />
      <RootComponent type="36" id="{dd587fb8-cf12-e711-810b-3863bb34fb48}" behavior="0" />
      <RootComponent type="36" id="{e11564a6-cf12-e711-810b-3863bb34fb48}" behavior="0" />
      <RootComponent type="36" id="{e1274526-4c15-e711-810d-3863bb340dd8}" behavior="0" />
      <RootComponent type="36" id="{e23e082a-310e-e711-8102-3863bb354ff0}" behavior="0" />
      <RootComponent type="36" id="{e385b639-290e-e711-8102-3863bb354ff0}" behavior="0" />
      <RootComponent type="36" id="{e66eb182-3415-e711-8104-3863bb354ff0}" behavior="0" />
      <RootComponent type="36" id="{e8e3be12-2b0e-e711-8102-3863bb354ff0}" behavior="0" />
      <RootComponent type="36" id="{e99338ad-300e-e711-8102-3863bb354ff0}" behavior="0" />
      <RootComponent type="36" id="{ebe55af6-7e26-e711-810e-3863bb340dd8}" behavior="0" />
      <RootComponent type="36" id="{ecca2b46-cc12-e711-810b-3863bb34fb48}" behavior="0" />
      <RootComponent type="36" id="{ed9dff92-260e-e711-8102-3863bb354ff0}" behavior="0" />
      <RootComponent type="36" id="{ef2b2175-310e-e711-8102-3863bb354ff0}" behavior="0" />
      <RootComponent type="36" id="{f00387af-cf12-e711-810b-3863bb34fb48}" behavior="0" />
      <RootComponent type="36" id="{faa63c14-ca12-e711-810b-3863bb34fb48}" behavior="0" />
      <RootComponent type="36" id="{fb601699-2315-e711-8104-3863bb354ff0}" behavior="0" />
      <RootComponent type="36" id="{fba6e845-ca12-e711-810b-3863bb34fb48}" behavior="0" />
      <RootComponent type="39" id="{7a7a5a31-552b-e711-8112-1458d041f8e8}" behavior="0" />
      <RootComponent type="60" id="{03f2a13e-f6df-4428-8b3b-1ed3b97842ae}" behavior="0" />
      <RootComponent type="60" id="{0619ad6c-95d6-462f-ac3d-d27eac8a4840}" behavior="0" />
      <RootComponent type="60" id="{0b60b9eb-4b06-45c0-a557-d899cecea65e}" behavior="0" />
      <RootComponent type="60" id="{0d1e47ff-12b2-4f53-9090-bee951b98cb4}" />
      <RootComponent type="60" id="{0ea91742-bb28-430a-b92e-076f181381b7}" behavior="0" />
      <RootComponent type="60" id="{0f11b135-275d-47fb-a680-b8ba05592db9}" behavior="0" />
      <RootComponent type="60" id="{14d6fd80-3319-e711-8104-3863bb354ff0}" behavior="0" />
      <RootComponent type="60" id="{15915835-b87c-49ec-9ffc-bfac3ac44ef1}" behavior="0" />
      <RootComponent type="60" id="{187197f1-ab1d-44e2-a2bb-e93bef4aed66}" behavior="0" />
      <RootComponent type="60" id="{19b14c51-3d43-4d56-ab34-49c540bf468c}" behavior="0" />
      <RootComponent type="60" id="{1c5b35af-5f0d-4e31-a5cd-25c149792427}" behavior="0" />
      <RootComponent type="60" id="{1f849572-4d3f-42a5-b8ae-b8bf0b32b4a2}" behavior="0" />
      <RootComponent type="60" id="{1fed44d1-ae68-4a41-bd2b-f13acac4acfa}" behavior="0" />
      <RootComponent type="60" id="{21f5dd7a-c813-e711-810d-3863bb340dd8}" behavior="0" />
      <RootComponent type="60" id="{238fe671-b59d-4fcc-84fd-6949db6c2dfa}" behavior="0" />
      <RootComponent type="60" id="{27216331-e27b-4216-b50f-628419db3d32}" behavior="0" />
      <RootComponent type="60" id="{2852c805-2e64-49d7-ab12-52333121efe4}" behavior="0" />
      <RootComponent type="60" id="{2b36a508-65da-402c-a5f7-30e76f7ec778}" behavior="0" />
      <RootComponent type="60" id="{2d8c0f94-9310-e711-810a-3863bb34fb48}" behavior="0" />
      <RootComponent type="60" id="{3190c04d-f37d-47ed-8e53-92f7c6f773db}" behavior="0" />
      <RootComponent type="60" id="{3a03e16e-19ed-47ee-aff0-4967d68133b9}" behavior="0" />
      <RootComponent type="60" id="{3a0b2969-21c0-49c7-8590-43bd0688145d}" behavior="0" />
      <RootComponent type="60" id="{3ee48486-c00b-4f99-ab2e-21cf96d80407}" behavior="0" />
      <RootComponent type="60" id="{403592e8-03fe-4a60-994e-3110531dad0c}" behavior="0" />
      <RootComponent type="60" id="{43fc8d5e-1a0a-4da7-ba12-e878abf7c7fa}" behavior="0" />
      <RootComponent type="60" id="{47795f41-6ce9-49e0-8a7c-59b0d0e3b80c}" behavior="0" />
      <RootComponent type="60" id="{4a63c8d1-6c1e-48ec-9db4-3e6c7155334c}" behavior="0" />
      <RootComponent type="60" id="{4a7b0d08-760e-4b3c-999e-9b7bae357d70}" behavior="0" />
      <RootComponent type="60" id="{4ed5377d-04f0-4ea9-8a33-d479f6ac795a}" behavior="0" />
      <RootComponent type="60" id="{4f469c79-25cb-41e6-8cf3-6c4d65800986}" behavior="0" />
      <RootComponent type="60" id="{554c801c-931f-e711-810c-3863bb34fb48}" behavior="0" />
      <RootComponent type="60" id="{55ec3a33-a81a-43c7-b356-06b455cafa84}" behavior="0" />
      <RootComponent type="60" id="{58ef8e27-a26a-4f89-8159-0e82c863772c}" behavior="0" />
      <RootComponent type="60" id="{5998bdf9-b8aa-416c-9d3e-7b7bcd3390d7}" behavior="0" />
      <RootComponent type="60" id="{5caa9a69-2ce0-47fd-885e-b6a6b2edc12f}" behavior="0" />
      <RootComponent type="60" id="{5f79e89a-ba4c-4b24-b4b5-4349f414faf9}" behavior="0" />
      <RootComponent type="60" id="{61a21ee4-7943-4d00-8a41-42097c88e110}" behavior="0" />
      <RootComponent type="60" id="{661157fe-2fc9-4eaa-835f-5bfa2f7b64f7}" behavior="0" />
      <RootComponent type="60" id="{6a494d16-060f-e711-810a-3863bb340dd8}" behavior="0" />
      <RootComponent type="60" id="{6a59d3e6-ce8b-4d2f-8019-5ec48a74b241}" behavior="0" />
      <RootComponent type="60" id="{6dc0e3fa-4915-e711-810c-3863bb34fb48}" behavior="0" />
      <RootComponent type="60" id="{6ed25386-e3ec-4e2b-bc5e-6a2a7803c8f3}" />
      <RootComponent type="60" id="{704332b7-6387-4d8f-b6bd-4ff369824e8c}" behavior="0" />
      <RootComponent type="60" id="{707fc57b-c5e6-471b-a180-e37ed28a38e2}" behavior="0" />
      <RootComponent type="60" id="{70ad8b15-e3f3-4d7d-9e4b-16cb4e51b484}" behavior="0" />
      <RootComponent type="60" id="{72b3222f-1cc4-4cd0-8855-079161cc5340}" behavior="0" />
      <RootComponent type="60" id="{73b30fee-9928-4f19-abbe-48911d95ef04}" behavior="0" />
      <RootComponent type="60" id="{77aae261-4d19-e711-8104-3863bb354ff0}" behavior="0" />
      <RootComponent type="60" id="{7ba7fac1-1418-4335-935f-f7f8dfd73fcc}" />
      <RootComponent type="60" id="{7f30adfe-f124-e711-8104-3863bb354ff0}" behavior="0" />
      <RootComponent type="60" id="{81497873-7e70-4d2e-81fd-7a99b4a791bb}" behavior="0" />
      <RootComponent type="60" id="{814ce71e-6be2-4470-99bd-399aca0c5994}" behavior="0" />
      <RootComponent type="60" id="{831d3152-9e4a-4b6c-9150-1799123ba510}" behavior="0" />
      <RootComponent type="60" id="{8448b78f-8f42-454e-8e2a-f8196b0419af}" behavior="0" />
      <RootComponent type="60" id="{84de63cd-e724-483d-be24-57064d3d1e89}" behavior="0" />
      <RootComponent type="60" id="{87d1e1b3-b60f-e711-810a-3863bb340dd8}" behavior="0" />
      <RootComponent type="60" id="{88599263-c11e-4c33-bf9d-a46fcee7595b}" behavior="0" />
      <RootComponent type="60" id="{888a26c3-7014-e711-8110-1458d041f8e8}" behavior="0" />
      <RootComponent type="60" id="{8a500bd5-5230-48f1-af4e-7e72f77a7fa0}" behavior="0" />
      <RootComponent type="60" id="{8e10b902-0b3e-441c-8b12-88e6c1793848}" behavior="0" />
      <RootComponent type="60" id="{915f6055-2e07-4276-ae08-2b96c8d02c57}" behavior="0" />
      <RootComponent type="60" id="{93c134e1-cfda-4630-bf1d-e86a4c7a9a6e}" behavior="0" />
      <RootComponent type="60" id="{95be2005-6b14-e711-8110-1458d041f8e8}" behavior="0" />
      <RootComponent type="60" id="{9aca58e8-6630-461f-8d7d-6bf1d43d6676}" behavior="0" />
      <RootComponent type="60" id="{9d0bc1e4-713f-42e6-a107-9e662730f9e7}" behavior="0" />
      <RootComponent type="60" id="{a758a67a-3a15-e711-810d-3863bb340dd8}" behavior="0" />
      <RootComponent type="60" id="{aa5e448a-b707-4364-8059-52eefb03c5db}" behavior="0" />
      <RootComponent type="60" id="{b028db32-3619-48a5-ac51-cf3f947b0ef3}" behavior="0" />
      <RootComponent type="60" id="{b192a953-ef67-4d7b-896a-d878bfa51ceb}" behavior="0" />
      <RootComponent type="60" id="{b7062b3a-d74e-438d-b297-334766c5234e}" behavior="0" />
      <RootComponent type="60" id="{b7943d2c-d5fd-4483-baf0-5cec3a2bb688}" behavior="0" />
      <RootComponent type="60" id="{bc3f9e9d-3021-4fde-b424-37bd3ac1cc88}" behavior="0" />
      <RootComponent type="60" id="{c2cd9e55-d4b4-4b55-9951-16ead79643e5}" behavior="0" />
      <RootComponent type="60" id="{c49ccb7d-ed78-401c-8797-d8719e678f49}" behavior="0" />
      <RootComponent type="60" id="{c4bc3e8c-71a3-41f6-9a2a-5a4f147d92e8}" behavior="0" />
      <RootComponent type="60" id="{c52c7230-0cab-4de5-a996-80af7b36a33e}" behavior="0" />
      <RootComponent type="60" id="{c5356a0d-3b19-e711-8104-3863bb354ff0}" behavior="0" />
      <RootComponent type="60" id="{c555bc66-715c-483d-a0dd-ef3806dcbc06}" behavior="0" />
      <RootComponent type="60" id="{c6615f56-67b7-413b-b238-2a7005cea726}" behavior="0" />
      <RootComponent type="60" id="{ca8dfced-338c-43b2-b212-83745e257c28}" />
      <RootComponent type="60" id="{cdbf9f84-14ed-4753-9c30-20cfbe42d6e9}" behavior="0" />
      <RootComponent type="60" id="{cec325d1-9f13-e711-810d-3863bb340dd8}" behavior="0" />
      <RootComponent type="60" id="{d1e9fb5f-c4b3-4cd5-bda3-16f664c7b4e7}" behavior="0" />
      <RootComponent type="60" id="{d4b6ee17-768c-4e93-8276-eef3140a8d02}" behavior="0" />
      <RootComponent type="60" id="{d6784cb8-bc33-4fcc-a9a9-3dc5b46ea9c6}" />
      <RootComponent type="60" id="{dc9bae21-7ec6-4ef4-8483-e9090c14e1f6}" behavior="0" />
      <RootComponent type="60" id="{de9e32bd-1a1d-48e6-9c18-0fb705453a13}" behavior="0" />
      <RootComponent type="60" id="{dea6b7c1-1aae-45d5-a60b-01f0961fc432}" behavior="0" />
      <RootComponent type="60" id="{e5f3114d-0bc1-4f30-a88c-85f890a39afe}" behavior="0" />
      <RootComponent type="60" id="{e6fa6e79-4b6a-4b08-916f-5cf1ba40fd8c}" behavior="0" />
      <RootComponent type="60" id="{e88e7197-2565-400d-94ff-acb8cbbf2a98}" behavior="0" />
      <RootComponent type="60" id="{e8905e4c-fe1d-e711-810d-3863bb340dd8}" behavior="0" />
      <RootComponent type="60" id="{eb3748b8-5f90-4050-a039-8b7d279ad8fe}" behavior="0" />
      <RootComponent type="60" id="{eb49f73c-c585-4adf-b07a-9547613dc26f}" behavior="0" />
      <RootComponent type="60" id="{ec641943-514b-4cd4-b965-cb4c61c6d40c}" behavior="0" />
      <RootComponent type="60" id="{ed92b7e8-4e36-458a-9a89-273ddf68f03e}" behavior="0" />
      <RootComponent type="60" id="{ef28f965-ef13-e711-810d-3863bb340dd8}" behavior="0" />
      <RootComponent type="60" id="{efd07c8e-c7b7-44d2-885c-7862747ff7b0}" behavior="0" />
      <RootComponent type="60" id="{f2b8a98b-7418-4821-9066-ce182141887d}" behavior="0" />
      <RootComponent type="60" id="{f34046fa-8810-e711-810a-3863bb34fb48}" behavior="0" />
      <RootComponent type="60" id="{fdd6d28a-6a67-4bf3-802c-37eb1a472ae2}" />
      <RootComponent type="60" id="{ff46e7c1-edf6-4368-9e77-c121bd15f2b2}" behavior="0" />
      <RootComponent type="61" schemaName="new_Incident_origincode_icon100000000.png" behavior="0" />
      <RootComponent type="61" schemaName="new_Incident_origincode_icon100000001.png" behavior="0" />
      <RootComponent type="61" schemaName="new_Incident_origincode_icon100000002.png" behavior="0" />
      <RootComponent type="61" schemaName="new_Incident_origincode_icon100000003.png" behavior="0" />
      <RootComponent type="61" schemaName="new_Incident_origincode_icon100000004.png" behavior="0" />
      <RootComponent type="61" schemaName="new_Incident_origincode_icon100000005.png" behavior="0" />
      <RootComponent type="61" schemaName="new_Incident_origincode_icon100000006.png" behavior="0" />
      <RootComponent type="61" schemaName="new_Incident_origincode_icon100000007.png" behavior="0" />
      <RootComponent type="61" schemaName="new_Incident_origincode_icon100000008.png" behavior="0" />
      <RootComponent type="61" schemaName="popat_/PowerAttachmentsHTML" behavior="0" />
      <RootComponent type="61" schemaName="tc_AccountTypeicon16" behavior="0" />
      <RootComponent type="61" schemaName="tc_AccountTypeicon32" behavior="0" />
      <RootComponent type="61" schemaName="tc_AlternativeEmail16" behavior="0" />
      <RootComponent type="61" schemaName="tc_AlternativeEmail16px" behavior="0" />
      <RootComponent type="61" schemaName="tc_AlternativeEmail32px" behavior="0" />
      <RootComponent type="61" schemaName="tc_assistancerequesticon16" behavior="0" />
      <RootComponent type="61" schemaName="tc_assistancerequesticon32" behavior="0" />
      <RootComponent type="61" schemaName="tc_BookingAccommodationIcon16" behavior="0" />
      <RootComponent type="61" schemaName="tc_BookingAccommodationIcon32" behavior="0" />
      <RootComponent type="61" schemaName="tc_BookingExtraService16" behavior="0" />
      <RootComponent type="61" schemaName="tc_BookingExtraService32" behavior="0" />
      <RootComponent type="61" schemaName="tc_BookingIcon16" behavior="0" />
      <RootComponent type="61" schemaName="tc_BookingIcon32" behavior="0" />
      <RootComponent type="61" schemaName="tc_BookingTransferIcon16" behavior="0" />
      <RootComponent type="61" schemaName="tc_BookingTransferIcon32" behavior="0" />
      <RootComponent type="61" schemaName="tc_BookingTransportAeroplaneIcon16" behavior="0" />
      <RootComponent type="61" schemaName="tc_BookingTransportAeroplaneIcon32" behavior="0" />
      <RootComponent type="61" schemaName="tc_BrandIcon16" behavior="0" />
      <RootComponent type="61" schemaName="tc_BrandIcon32" behavior="0" />
      <RootComponent type="61" schemaName="tc_CaseCategoryIcon16" behavior="0" />
      <RootComponent type="61" schemaName="tc_CaseCategoryIcon32" behavior="0" />
      <RootComponent type="61" schemaName="tc_CaseFlow16" behavior="0" />
      <RootComponent type="61" schemaName="tc_CaseFlow32" behavior="0" />
      <RootComponent type="61" schemaName="tc_CaseLineIcon16" behavior="0" />
      <RootComponent type="61" schemaName="tc_CaseLineIcon32" behavior="0" />
      <RootComponent type="61" schemaName="tc_CaseTypes16" behavior="0" />
      <RootComponent type="61" schemaName="tc_CaseTypes32" behavior="0" />
      <RootComponent type="61" schemaName="tc_CompensationApprovalIcon16" behavior="0" />
      <RootComponent type="61" schemaName="tc_CompensationApprovalIcon32" behavior="0" />
      <RootComponent type="61" schemaName="tc_CompensationCalcLineIcon16" behavior="0" />
      <RootComponent type="61" schemaName="tc_CompensationCalcLineIcon32" behavior="0" />
      <RootComponent type="61" schemaName="tc_CompensationIcon16" behavior="0" />
      <RootComponent type="61" schemaName="tc_CompensationIcon32" behavior="0" />
      <RootComponent type="61" schemaName="tc_CompensationLineIcon16" behavior="0" />
      <RootComponent type="61" schemaName="tc_CompensationLineIcon32" behavior="0" />
      <RootComponent type="61" schemaName="tc_CompensationLineSignature" behavior="0" />
      <RootComponent type="61" schemaName="tc_CompensationMatrixIcon16" behavior="0" />
      <RootComponent type="61" schemaName="tc_CompensationMatrixIcon32" behavior="0" />
      <RootComponent type="61" schemaName="tc_CompensationSignature" behavior="0" />
      <RootComponent type="61" schemaName="tc_ConfigurationIcon16" behavior="0" />
      <RootComponent type="61" schemaName="tc_ConfigurationIcon32" behavior="0" />
      <RootComponent type="61" schemaName="tc_ConnectedAppIcon" behavior="0" />
      <RootComponent type="61" schemaName="tc_CountryWorldIcon16" behavior="0" />
      <RootComponent type="61" schemaName="tc_CountryWorldIcon32" behavior="0" />
      <RootComponent type="61" schemaName="tc_CustomerBookingRole16" behavior="0" />
      <RootComponent type="61" schemaName="tc_CustomerBookingRole32" behavior="0" />
      <RootComponent type="61" schemaName="tc_CustomerKPIChartIcon16" behavior="0" />
      <RootComponent type="61" schemaName="tc_CustomerKPIChartIcon32" behavior="0" />
      <RootComponent type="61" schemaName="tc_es6promise.js" behavior="0" />
      <RootComponent type="61" schemaName="tc_GatewayGateIcon16" behavior="0" />
      <RootComponent type="61" schemaName="tc_GatewayGateIcon32" behavior="0" />
      <RootComponent type="61" schemaName="tc_HotelIcon16" behavior="0" />
      <RootComponent type="61" schemaName="tc_HotelIcon32" behavior="0" />
      <RootComponent type="61" schemaName="tc_HotelPromiseIcon16" behavior="0" />
      <RootComponent type="61" schemaName="tc_HotelPromiseIcon32" behavior="0" />
      <RootComponent type="61" schemaName="tc_iDSConfigurationIcon16" behavior="0" />
      <RootComponent type="61" schemaName="tc_iDSConfigurationIcon32" behavior="0" />
      <RootComponent type="61" schemaName="tc_LocationOfficeIcon16" behavior="0" />
      <RootComponent type="61" schemaName="tc_LocationOfficeIcon32" behavior="0" />
      <RootComponent type="61" schemaName="tc_LocationPyramidIcon16" behavior="0" />
      <RootComponent type="61" schemaName="tc_LocationPyramidIcon32" behavior="0" />
      <RootComponent type="61" schemaName="tc_OfflineResource" behavior="0" />
      <RootComponent type="61" schemaName="tc_ParticipantIcon16" behavior="0" />
      <RootComponent type="61" schemaName="tc_ParticipantIcon32" behavior="0" />
      <RootComponent type="61" schemaName="tc_recoveryicon16" behavior="0" />
      <RootComponent type="61" schemaName="tc_recoveryicon32" behavior="0" />
      <RootComponent type="61" schemaName="tc_RegionIcon16" behavior="0" />
      <RootComponent type="61" schemaName="tc_RegionIcon32" behavior="0" />
      <RootComponent type="61" schemaName="tc_Remark16" behavior="0" />
      <RootComponent type="61" schemaName="tc_Remark32" behavior="0" />
      <RootComponent type="61" schemaName="tc_SiteMapDataArea32x32" behavior="0" />
      <RootComponent type="61" schemaName="tc_SurveyFeedbackIcon16" behavior="0" />
      <RootComponent type="61" schemaName="tc_SurveyFeedbackIcon32" behavior="0" />
      <RootComponent type="61" schemaName="tc_SurveyIcon16" behavior="0" />
      <RootComponent type="61" schemaName="tc_SurveyIcon32" behavior="0" />
      <RootComponent type="61" schemaName="tc_surveyresponseicon16" behavior="0" />
      <RootComponent type="61" schemaName="tc_surveyresponseicon32" behavior="0" />
      <RootComponent type="61" schemaName="tc_Tc.Crm.Scripts.Common.js" behavior="0" />
      <RootComponent type="61" schemaName="tc_Tc.Crm.Scripts.Events.Case.js" behavior="0" />
      <RootComponent type="61" schemaName="tc_Tc.Crm.Scripts.Events.CaseLine.js" behavior="0" />
      <RootComponent type="61" schemaName="tc_Tc.Crm.Scripts.Events.Compensation.js" behavior="0" />
      <RootComponent type="61" schemaName="tc_Tc.Crm.Scripts.Events.Contact.js" behavior="0" />
      <RootComponent type="61" schemaName="tc_Tc.Crm.Scripts.Events.Email.js" behavior="0" />
      <RootComponent type="61" schemaName="tc_Tc.Crm.Scripts.Library.Compensation.js" behavior="0" />
      <RootComponent type="61" schemaName="tc_TestScript" behavior="0" />
      <RootComponent type="61" schemaName="tc_TestScriptPlzIgnore" behavior="0" />
      <RootComponent type="61" schemaName="tc_TestScriptPlzIgnore1" behavior="0" />
      <RootComponent type="61" schemaName="tc_ThomasCookStripLogoDevelopment" behavior="0" />
      <RootComponent type="61" schemaName="tc_ThomasCookStripLogoProduction" behavior="0" />
      <RootComponent type="61" schemaName="tc_ThomasCookStripLogoSIT" behavior="0" />
      <RootComponent type="61" schemaName="tc_ThomasCookStripLogoStaging" behavior="0" />
      <RootComponent type="61" schemaName="tc_ThomasCookStripLogoTraining" behavior="0" />
      <RootComponent type="61" schemaName="tc_ThomasCookStripLogoUAT" behavior="0" />
      <RootComponent type="61" schemaName="tc_TourOperatorIcon16" behavior="0" />
      <RootComponent type="61" schemaName="tc_TourOperatorIcon32" behavior="0" />
      <RootComponent type="62" behavior="0" />
      <RootComponent type="70" id="{596e68a9-f203-e711-810d-1458d041f8e8}" behavior="0" />
      <RootComponent type="70" id="{a8c7b94e-f203-e711-810d-1458d041f8e8}" behavior="0" />
      <RootComponent type="70" id="{e101fdc2-9714-e711-810c-3863bb34fb48}" behavior="0" />
      <RootComponent type="70" id="{f249bb95-f424-e711-8104-3863bb354ff0}" behavior="0" />
      <RootComponent type="91" schemaName="Tc.Crm.CustomWorkflowSteps, Version=1.0.0.0, Culture=neutral, PublicKeyToken=9d1841d22f62ace3" behavior="0" />
      <RootComponent type="91" schemaName="Tc.Crm.Plugins, Version=1.0.0.0, Culture=neutral, PublicKeyToken=9d1841d22f62ace3" behavior="0" />
      <RootComponent type="92" id="{0d3d37f8-641b-e711-8104-3863bb354ff0}" behavior="0" />
      <RootComponent type="92" id="{23af20ed-6219-e711-810c-3863bb34fb48}" behavior="0" />
      <RootComponent type="92" id="{65da0fa8-c024-e711-810d-3863bb340dd8}" behavior="0" />
      <RootComponent type="92" id="{9ea8befa-b21a-e711-8110-1458d041f8e8}" behavior="0" />
      <RootComponent type="92" id="{dc08eed8-c024-e711-810d-3863bb340dd8}" behavior="0" />
      <RootComponent type="92" id="{e1c741f9-831e-e711-8104-3863bb354ff0}" behavior="0" />
      <RootComponent type="152" id="{640c8705-f503-e711-810d-1458d041f8e8}" behavior="0" />
      <RootComponent type="152" id="{af5613b0-e6f8-e611-810b-1458d041f8e8}" behavior="0" />
      <RootComponent type="152" id="{b13b482d-b20d-e711-810a-3863bb340dd8}" behavior="0" />
      <RootComponent type="152" id="{c912c3b8-6218-e711-8110-1458d041f8e8}" behavior="0" />
      <RootComponent type="152" id="{dd43e93b-8e18-e711-8110-1458d041f8e8}" behavior="0" />
      <RootComponent type="157" id="{ca4742c4-cf0f-e711-810e-1458d041f8e8}" behavior="0" />
      <RootComponent type="161" id="{c7087acd-b0ef-e611-8106-3863bb340dd8}" behavior="0" />
    </RootComponents>
    <MissingDependencies>
      <MissingDependency>
        <Required key="0" type="1" schemaName="msdyn_wallsavedqueryusersettings" displayName="Filter" solution="ActivityFeedsCore (8.2.0.0)" />
        <Dependent key="1" type="2" schemaName="msdyn_useridname" parentSchemaName="msdyn_wallsavedqueryusersettings" parentDisplayName="Filter" />
      </MissingDependency>
      <MissingDependency>
        <Required key="0" type="1" schemaName="msdyn_wallsavedqueryusersettings" displayName="Filter" solution="ActivityFeedsCore (8.2.0.0)" />
        <Dependent key="2" type="2" schemaName="msdyn_useridyominame" parentSchemaName="msdyn_wallsavedqueryusersettings" parentDisplayName="Filter" />
      </MissingDependency>
      <MissingDependency>
        <Required key="0" type="1" schemaName="msdyn_wallsavedqueryusersettings" displayName="Filter" solution="ActivityFeedsCore (8.2.0.0)" />
        <Dependent key="0" type="1" schemaName="msdyn_wallsavedqueryusersettings" displayName="Filter" />
      </MissingDependency>
      <MissingDependency>
        <Required key="0" type="1" schemaName="msdyn_wallsavedqueryusersettings" displayName="Filter" solution="ActivityFeedsCore (8.2.0.0)" />
        <Dependent key="3" type="10" schemaName="msdyn_systemuser_wallsavedqueryusersettings_userid" displayName="msdyn_systemuser_wallsavedqueryusersettings_userid" parentSchemaName="msdyn_wallsavedqueryusersettings" parentDisplayName="Filter" />
      </MissingDependency>
      <MissingDependency>
        <Required key="4" type="1" schemaName="msdyn_postconfig" displayName="Post Configuration" solution="ActivityFeedsCore (8.2.0.0)" />
        <Dependent key="5" type="62" />
      </MissingDependency>
      <MissingDependency>
        <Required key="6" type="1" schemaName="msdyn_postruleconfig" displayName="Post Rule Configuration" solution="ActivityFeedsCore (8.2.0.0)" />
        <Dependent key="5" type="62" />
      </MissingDependency>
      <MissingDependency>
        <Required key="7" type="1" schemaName="poan_powerautonumber" displayName="PowerAutoNumber" solution="PowerAutoNumber (1.2.10.2015)" />
        <Dependent key="5" type="62" />
      </MissingDependency>
      <MissingDependency>
        <Required key="8" type="2" schemaName="msdyn_userid" displayName="User Id" parentSchemaName="msdyn_wallsavedqueryusersettings" parentDisplayName="Filter" solution="ActivityFeedsCore (8.2.0.0)" />
        <Dependent key="3" type="10" schemaName="msdyn_systemuser_wallsavedqueryusersettings_userid" displayName="msdyn_systemuser_wallsavedqueryusersettings_userid" parentSchemaName="msdyn_wallsavedqueryusersettings" parentDisplayName="Filter" />
      </MissingDependency>
      <MissingDependency>
        <Required key="8" type="2" schemaName="msdyn_userid" displayName="User Id" parentSchemaName="msdyn_wallsavedqueryusersettings" parentDisplayName="Filter" solution="ActivityFeedsCore (8.2.0.0)" />
        <Dependent key="8" type="2" schemaName="msdyn_userid" displayName="User Id" parentSchemaName="msdyn_wallsavedqueryusersettings" parentDisplayName="Filter" />
      </MissingDependency>
      <MissingDependency>
        <Required key="3" type="10" schemaName="msdyn_systemuser_wallsavedqueryusersettings_userid" displayName="msdyn_systemuser_wallsavedqueryusersettings_userid" parentSchemaName="msdyn_wallsavedqueryusersettings" parentDisplayName="Filter" solution="ActivityFeedsCore (8.2.0.0)" />
        <Dependent key="3" type="10" schemaName="msdyn_systemuser_wallsavedqueryusersettings_userid" displayName="msdyn_systemuser_wallsavedqueryusersettings_userid" parentSchemaName="msdyn_wallsavedqueryusersettings" parentDisplayName="Filter" />
      </MissingDependency>
      <MissingDependency>
        <Required key="3" type="10" schemaName="msdyn_systemuser_wallsavedqueryusersettings_userid" displayName="msdyn_systemuser_wallsavedqueryusersettings_userid" parentSchemaName="msdyn_wallsavedqueryusersettings" parentDisplayName="Filter" solution="ActivityFeedsCore (8.2.0.0)" />
        <Dependent key="1" type="2" schemaName="msdyn_useridname" parentSchemaName="msdyn_wallsavedqueryusersettings" parentDisplayName="Filter" />
      </MissingDependency>
      <MissingDependency>
        <Required key="3" type="10" schemaName="msdyn_systemuser_wallsavedqueryusersettings_userid" displayName="msdyn_systemuser_wallsavedqueryusersettings_userid" parentSchemaName="msdyn_wallsavedqueryusersettings" parentDisplayName="Filter" solution="ActivityFeedsCore (8.2.0.0)" />
        <Dependent key="2" type="2" schemaName="msdyn_useridyominame" parentSchemaName="msdyn_wallsavedqueryusersettings" parentDisplayName="Filter" />
      </MissingDependency>
      <MissingDependency>
        <Required key="9" type="61" schemaName="popat_/PowerAttachmentsHTML" displayName="popat_/PowerAttachmentsHTML" solution="PowerAttachment (1.2.2.2013)" />
        <Dependent key="9" type="61" schemaName="popat_/PowerAttachmentsHTML" displayName="popat_/PowerAttachmentsHTML" />
      </MissingDependency>
    </MissingDependencies>
  </SolutionManifest>
</ImportExportXml>