﻿<?xml version="1.0" encoding="utf-8"?>
<?xml-stylesheet type="text/xsl" href="c:\program files (x86)\microsoft visual studio 14.0\team tools\static analysis tools\fxcop\Xml\CodeAnalysisReport.xsl"?>
<FxCopReport Version="14.0">
 <Namespaces>
  <Namespace Name="Tc.Crm.Service.Models">
   <Messages>
    <Message Id="Tc" TypeName="IdentifiersShouldBeCasedCorrectly" Category="Microsoft.Naming" CheckId="CA1709" Status="Active" Created="2017-04-02 19:24:28Z" FixCategory="Breaking">
     <Issue Name="Namespace" Certainty="85" Level="Error">Correct the casing of 'Tc' in namespace name 'Tc.Crm.Service.Models' by changing it to 'TC'.</Issue>
    </Message>
    <Message Id="Tc" TypeName="IdentifiersShouldBeSpelledCorrectly" Category="Microsoft.Naming" CheckId="CA1704" Status="Active" Created="2017-04-02 19:24:28Z" FixCategory="Breaking">
     <Issue Name="Namespace" Certainty="75" Level="CriticalWarning">Correct the spelling of 'Tc' in namespace name 'Tc.Crm.Service.Models'.</Issue>
    </Message>
   </Messages>
  </Namespace>
 </Namespaces>
 <Targets>
  <Target Name="D:\Deba\TC\TFS\ThomasCook\trunk\Main\Source\Tc.Crm.ServiceLayer\Tc.Crm.Service.Client.PerformanceConsole\bin\Debug\Tc.Crm.Service.Client.PerformanceConsole.exe">
   <Modules>
    <Module Name="tc.crm.service.client.performanceconsole.exe">
     <Messages>
      <Message TypeName="AssembliesShouldHaveValidStrongNames" Category="Microsoft.Design" CheckId="CA2210" Status="Active" Created="2017-04-02 19:24:28Z" FixCategory="NonBreaking">
       <Issue Name="NoStrongName" Certainty="95" Level="CriticalError">Sign 'Tc.Crm.Service.Client.PerformanceConsole.exe' with a strong name key.</Issue>
      </Message>
      <Message Id="Tc" TypeName="IdentifiersShouldBeCasedCorrectly" Category="Microsoft.Naming" CheckId="CA1709" Status="Active" Created="2017-04-02 19:24:28Z" FixCategory="Breaking">
       <Issue Name="Assembly" Certainty="85" Level="Error">Correct the casing of 'Tc' in assembly name 'Tc.Crm.Service.Client.PerformanceConsole.exe' by changing it to 'TC'.</Issue>
      </Message>
      <Message Id="Tc" TypeName="IdentifiersShouldBeSpelledCorrectly" Category="Microsoft.Naming" CheckId="CA1704" Status="Active" Created="2017-04-02 19:24:28Z" FixCategory="Breaking">
       <Issue Name="Assembly" Certainty="75" Level="CriticalWarning">Correct the spelling of 'Tc' in assembly name 'Tc.Crm.Service.Client.PerformanceConsole.exe'.</Issue>
      </Message>
      <Message TypeName="MarkAssembliesWithClsCompliant" Category="Microsoft.Design" CheckId="CA1014" Status="Active" Created="2017-04-02 19:24:28Z" FixCategory="NonBreaking">
       <Issue Certainty="95" Level="Error">Mark 'Tc.Crm.Service.Client.PerformanceConsole.exe' with CLSCompliant(true) because it exposes externally visible types.</Issue>
      </Message>
     </Messages>
     <Namespaces>
      <Namespace Name="Tc.Crm.Service.Client.Console">
       <Types>
        <Type Name="Program" Kind="Class" Accessibility="Assembly" ExternallyVisible="False">
         <Members>
          <Member Name="#CreateJWTToken()" Kind="Method" Static="True" Accessibility="Private" ExternallyVisible="False">
           <Messages>
            <Message TypeName="Dispose objects before losing scope" Category="Microsoft.Reliability" CheckId="CA2000" Status="Active" Created="2017-04-02 19:24:28Z" FixCategory="DependsOnFix">
             <Issue Name="NonExceptionEdge" Certainty="75" Level="Warning" Path="D:\Deba\TC\TFS\ThomasCook\trunk\Main\Source\Tc.Crm.ServiceLayer\Tc.Crm.Service.Client.PerformanceConsole" File="Program.cs" Line="227">In method 'Program.CreateJWTToken()', call System.IDisposable.Dispose on object 'rsa' before all references to it are out of scope.</Issue>
            </Message>
            <Message Id="header" TypeName="RemoveUnusedLocals" Category="Microsoft.Performance" CheckId="CA1804" Status="Active" Created="2017-04-02 19:24:28Z" FixCategory="NonBreaking">
             <Issue Certainty="95" Level="Warning" Path="D:\Deba\TC\TFS\ThomasCook\trunk\Main\Source\Tc.Crm.ServiceLayer\Tc.Crm.Service.Client.PerformanceConsole" File="Program.cs" Line="221">'Program.CreateJWTToken()' declares a variable, 'header', of type 'Dictionary&lt;string, object&gt;', which is never used or is only assigned to. Use this variable or remove it.</Issue>
            </Message>
            <Message Id="System.Double.ToString" TypeName="SpecifyIFormatProvider" Category="Microsoft.Globalization" CheckId="CA1305" Status="Active" Created="2017-04-02 19:24:28Z" FixCategory="NonBreaking">
             <Issue Name="IFormatProviderAlternateString" Certainty="95" Level="Error" Path="D:\Deba\TC\TFS\ThomasCook\trunk\Main\Source\Tc.Crm.ServiceLayer\Tc.Crm.Service.Client.PerformanceConsole" File="Program.cs" Line="211">Because the behavior of 'double.ToString()' could vary based on the current user's locale settings, replace this call in 'Program.CreateJWTToken()' with a call to 'double.ToString(IFormatProvider)'. If the result of 'double.ToString(IFormatProvider)' will be displayed to the user, specify 'CultureInfo.CurrentCulture' as the 'IFormatProvider' parameter. Otherwise, if the result will be stored and accessed by software, such as when it is persisted to disk or to a database, specify 'CultureInfo.InvariantCulture'.</Issue>
             <Issue Name="IFormatProviderAlternateString" Certainty="95" Level="Error" Path="D:\Deba\TC\TFS\ThomasCook\trunk\Main\Source\Tc.Crm.ServiceLayer\Tc.Crm.Service.Client.PerformanceConsole" File="Program.cs" Line="211">Because the behavior of 'double.ToString()' could vary based on the current user's locale settings, replace this call in 'Program.CreateJWTToken()' with a call to 'double.ToString(IFormatProvider)'. If the result of 'double.ToString(IFormatProvider)' will be displayed to the user, specify 'CultureInfo.CurrentCulture' as the 'IFormatProvider' parameter. Otherwise, if the result will be stored and accessed by software, such as when it is persisted to disk or to a database, specify 'CultureInfo.InvariantCulture'.</Issue>
             <Issue Name="IFormatProviderAlternateString" Certainty="95" Level="Error" Path="D:\Deba\TC\TFS\ThomasCook\trunk\Main\Source\Tc.Crm.ServiceLayer\Tc.Crm.Service.Client.PerformanceConsole" File="Program.cs" Line="211">Because the behavior of 'double.ToString()' could vary based on the current user's locale settings, replace this call in 'Program.CreateJWTToken()' with a call to 'double.ToString(IFormatProvider)'. If the result of 'double.ToString(IFormatProvider)' will be displayed to the user, specify 'CultureInfo.CurrentCulture' as the 'IFormatProvider' parameter. Otherwise, if the result will be stored and accessed by software, such as when it is persisted to disk or to a database, specify 'CultureInfo.InvariantCulture'.</Issue>
            </Message>
           </Messages>
          </Member>
          <Member Name="#CreateOrUpdate(System.String)" Kind="Method" Static="True" Accessibility="Private" ExternallyVisible="False">
           <Messages>
            <Message TypeName="Dispose objects before losing scope" Category="Microsoft.Reliability" CheckId="CA2000" Status="Active" Created="2017-04-02 19:24:28Z" FixCategory="DependsOnFix">
             <Issue Name="NonExceptionEdge" Certainty="75" Level="Warning" Path="D:\Deba\TC\TFS\ThomasCook\trunk\Main\Source\Tc.Crm.ServiceLayer\Tc.Crm.Service.Client.PerformanceConsole" File="Program.cs" Line="171">In method 'Program.CreateOrUpdate(string)', call System.IDisposable.Dispose on object 'cons' before all references to it are out of scope.</Issue>
             <Issue Name="NonExceptionEdge" Certainty="75" Level="Warning" Path="D:\Deba\TC\TFS\ThomasCook\trunk\Main\Source\Tc.Crm.ServiceLayer\Tc.Crm.Service.Client.PerformanceConsole" File="Program.cs" Line="178">In method 'Program.CreateOrUpdate(string)', call System.IDisposable.Dispose on object 'new StringContent(data, Encoding.UTF8, "application/json")' before all references to it are out of scope.</Issue>
            </Message>
            <Message Id="System.Console.WriteLine(System.String)" TypeName="Do not pass literals as localized parameters" Category="Microsoft.Globalization" CheckId="CA1303" Status="Active" Created="2017-04-02 19:24:28Z" FixCategory="DependsOnFix">
             <Issue Name="KnownValue" Certainty="75" Level="Warning" Path="D:\Deba\TC\TFS\ThomasCook\trunk\Main\Source\Tc.Crm.ServiceLayer\Tc.Crm.Service.Client.PerformanceConsole" File="Program.cs" Line="191">Method 'Program.CreateOrUpdate(string)' passes a literal string as parameter 'value' of a call to 'Console.WriteLine(string)'. Retrieve the following string(s) from a resource table instead: "Bad Request.".</Issue>
             <Issue Name="KnownValue" Certainty="75" Level="Warning" Path="D:\Deba\TC\TFS\ThomasCook\trunk\Main\Source\Tc.Crm.ServiceLayer\Tc.Crm.Service.Client.PerformanceConsole" File="Program.cs" Line="189">Method 'Program.CreateOrUpdate(string)' passes a literal string as parameter 'value' of a call to 'Console.WriteLine(string)'. Retrieve the following string(s) from a resource table instead: "Booking has been updated.".</Issue>
             <Issue Name="KnownValue" Certainty="75" Level="Warning" Path="D:\Deba\TC\TFS\ThomasCook\trunk\Main\Source\Tc.Crm.ServiceLayer\Tc.Crm.Service.Client.PerformanceConsole" File="Program.cs" Line="205">Method 'Program.CreateOrUpdate(string)' passes a literal string as parameter 'value' of a call to 'Console.WriteLine(string)'. Retrieve the following string(s) from a resource table instead: "Error".</Issue>
             <Issue Name="KnownValue" Certainty="75" Level="Warning" Path="D:\Deba\TC\TFS\ThomasCook\trunk\Main\Source\Tc.Crm.ServiceLayer\Tc.Crm.Service.Client.PerformanceConsole" File="Program.cs" Line="195">Method 'Program.CreateOrUpdate(string)' passes a literal string as parameter 'value' of a call to 'Console.WriteLine(string)'. Retrieve the following string(s) from a resource table instead: "Forbidden.".</Issue>
             <Issue Name="KnownValue" Certainty="75" Level="Warning" Path="D:\Deba\TC\TFS\ThomasCook\trunk\Main\Source\Tc.Crm.ServiceLayer\Tc.Crm.Service.Client.PerformanceConsole" File="Program.cs" Line="193">Method 'Program.CreateOrUpdate(string)' passes a literal string as parameter 'value' of a call to 'Console.WriteLine(string)'. Retrieve the following string(s) from a resource table instead: "Internal Server Error.".</Issue>
             <Issue Name="KnownValue" Certainty="75" Level="Warning" Path="D:\Deba\TC\TFS\ThomasCook\trunk\Main\Source\Tc.Crm.ServiceLayer\Tc.Crm.Service.Client.PerformanceConsole" File="Program.cs" Line="198">Method 'Program.CreateOrUpdate(string)' passes a literal string as parameter 'value' of a call to 'Console.WriteLine(string)'. Retrieve the following string(s) from a resource table instead: "No content.".</Issue>
            </Message>
            <Message Id="System.Console.WriteLine(System.String,System.Object)" TypeName="Do not pass literals as localized parameters" Category="Microsoft.Globalization" CheckId="CA1303" Status="Active" Created="2017-04-02 19:24:28Z" FixCategory="DependsOnFix">
             <Issue Name="KnownValue" Certainty="75" Level="Warning" Path="D:\Deba\TC\TFS\ThomasCook\trunk\Main\Source\Tc.Crm.ServiceLayer\Tc.Crm.Service.Client.PerformanceConsole" File="Program.cs" Line="187">Method 'Program.CreateOrUpdate(string)' passes a literal string as parameter 'format' of a call to 'Console.WriteLine(string, object)'. Retrieve the following string(s) from a resource table instead: "Booking has been created with GUID::{0}".</Issue>
             <Issue Name="KnownValue" Certainty="75" Level="Warning" Path="D:\Deba\TC\TFS\ThomasCook\trunk\Main\Source\Tc.Crm.ServiceLayer\Tc.Crm.Service.Client.PerformanceConsole" File="Program.cs" Line="200">Method 'Program.CreateOrUpdate(string)' passes a literal string as parameter 'format' of a call to 'Console.WriteLine(string, object)'. Retrieve the following string(s) from a resource table instead: "Content:{0}".</Issue>
             <Issue Name="KnownValue" Certainty="75" Level="Warning" Path="D:\Deba\TC\TFS\ThomasCook\trunk\Main\Source\Tc.Crm.ServiceLayer\Tc.Crm.Service.Client.PerformanceConsole" File="Program.cs" Line="185">Method 'Program.CreateOrUpdate(string)' passes a literal string as parameter 'format' of a call to 'Console.WriteLine(string, object)'. Retrieve the following string(s) from a resource table instead: "Response Code: {0}".</Issue>
            </Message>
            <Message TypeName="DoNotCatchGeneralExceptionTypes" Category="Microsoft.Design" CheckId="CA1031" Status="Active" Created="2017-04-02 19:24:28Z" FixCategory="NonBreaking">
             <Issue Certainty="95" Level="CriticalError" Path="D:\Deba\TC\TFS\ThomasCook\trunk\Main\Source\Tc.Crm.ServiceLayer\Tc.Crm.Service.Client.PerformanceConsole" File="Program.cs" Line="202">Modify 'Program.CreateOrUpdate(string)' to catch a more specific exception than 'Exception' or rethrow the exception.</Issue>
            </Message>
            <Message Id="ex" TypeName="RemoveUnusedLocals" Category="Microsoft.Performance" CheckId="CA1804" Status="Active" Created="2017-04-02 19:24:28Z" FixCategory="NonBreaking">
             <Issue Certainty="95" Level="Warning" Path="D:\Deba\TC\TFS\ThomasCook\trunk\Main\Source\Tc.Crm.ServiceLayer\Tc.Crm.Service.Client.PerformanceConsole" File="Program.cs" Line="202">'Program.CreateOrUpdate(string)' declares a variable, 'ex', of type 'Exception', which is never used or is only assigned to. Use this variable or remove it.</Issue>
            </Message>
           </Messages>
          </Member>
          <Member Name="#GetExpiry()" Kind="Method" Static="True" Accessibility="Private" ExternallyVisible="False">
           <Messages>
            <Message Id="System.Int32.Parse(System.String)" TypeName="SpecifyIFormatProvider" Category="Microsoft.Globalization" CheckId="CA1305" Status="Active" Created="2017-04-02 19:24:28Z" FixCategory="NonBreaking">
             <Issue Name="IFormatProviderAlternate" Certainty="95" Level="Error" Path="D:\Deba\TC\TFS\ThomasCook\trunk\Main\Source\Tc.Crm.ServiceLayer\Tc.Crm.Service.Client.PerformanceConsole" File="Program.cs" Line="239">Because the behavior of 'int.Parse(string)' could vary based on the current user's locale settings, replace this call in 'Program.GetExpiry()' with a call to 'int.Parse(string, IFormatProvider)'. If the result of 'int.Parse(string, IFormatProvider)' will be based on input from the user, specify 'CultureInfo.CurrentCulture' as the 'IFormatProvider' parameter. Otherwise, if the result will based on input stored and accessed by software, such as when it is loaded from disk or from a database, specify 'CultureInfo.InvariantCulture'.</Issue>
            </Message>
           </Messages>
          </Member>
          <Member Name="#GetIssuedAtTime()" Kind="Method" Static="True" Accessibility="Private" ExternallyVisible="False">
           <Messages>
            <Message Id="System.Int32.Parse(System.String)" TypeName="SpecifyIFormatProvider" Category="Microsoft.Globalization" CheckId="CA1305" Status="Active" Created="2017-04-02 19:24:28Z" FixCategory="NonBreaking">
             <Issue Name="IFormatProviderAlternate" Certainty="95" Level="Error" Path="D:\Deba\TC\TFS\ThomasCook\trunk\Main\Source\Tc.Crm.ServiceLayer\Tc.Crm.Service.Client.PerformanceConsole" File="Program.cs" Line="244">Because the behavior of 'int.Parse(string)' could vary based on the current user's locale settings, replace this call in 'Program.GetIssuedAtTime()' with a call to 'int.Parse(string, IFormatProvider)'. If the result of 'int.Parse(string, IFormatProvider)' will be based on input from the user, specify 'CultureInfo.CurrentCulture' as the 'IFormatProvider' parameter. Otherwise, if the result will based on input stored and accessed by software, such as when it is loaded from disk or from a database, specify 'CultureInfo.InvariantCulture'.</Issue>
            </Message>
           </Messages>
          </Member>
          <Member Name="#GetNotBeforeTime()" Kind="Method" Static="True" Accessibility="Private" ExternallyVisible="False">
           <Messages>
            <Message Id="System.Int32.Parse(System.String)" TypeName="SpecifyIFormatProvider" Category="Microsoft.Globalization" CheckId="CA1305" Status="Active" Created="2017-04-02 19:24:28Z" FixCategory="NonBreaking">
             <Issue Name="IFormatProviderAlternate" Certainty="95" Level="Error" Path="D:\Deba\TC\TFS\ThomasCook\trunk\Main\Source\Tc.Crm.ServiceLayer\Tc.Crm.Service.Client.PerformanceConsole" File="Program.cs" Line="250">Because the behavior of 'int.Parse(string)' could vary based on the current user's locale settings, replace this call in 'Program.GetNotBeforeTime()' with a call to 'int.Parse(string, IFormatProvider)'. If the result of 'int.Parse(string, IFormatProvider)' will be based on input from the user, specify 'CultureInfo.CurrentCulture' as the 'IFormatProvider' parameter. Otherwise, if the result will based on input stored and accessed by software, such as when it is loaded from disk or from a database, specify 'CultureInfo.InvariantCulture'.</Issue>
            </Message>
           </Messages>
          </Member>
          <Member Name="#Main(System.String[])" Kind="Method" Static="True" Accessibility="Private" ExternallyVisible="False">
           <Messages>
            <Message Id="System.Console.WriteLine(System.String)" TypeName="Do not pass literals as localized parameters" Category="Microsoft.Globalization" CheckId="CA1303" Status="Active" Created="2017-04-02 19:24:28Z" FixCategory="DependsOnFix">
             <Issue Name="KnownValue" Certainty="75" Level="Warning" Path="D:\Deba\TC\TFS\ThomasCook\trunk\Main\Source\Tc.Crm.ServiceLayer\Tc.Crm.Service.Client.PerformanceConsole" File="Program.cs" Line="103">Method 'Program.Main(string[])' passes a literal string as parameter 'value' of a call to 'Console.WriteLine(string)'. Retrieve the following string(s) from a resource table instead: "Elapsed time:".</Issue>
             <Issue Name="KnownValue" Certainty="75" Level="Warning" Path="D:\Deba\TC\TFS\ThomasCook\trunk\Main\Source\Tc.Crm.ServiceLayer\Tc.Crm.Service.Client.PerformanceConsole" File="Program.cs" Line="71">Method 'Program.Main(string[])' passes a literal string as parameter 'value' of a call to 'Console.WriteLine(string)'. Retrieve the following string(s) from a resource table instead: "records processed:".</Issue>
             <Issue Name="KnownValue" Certainty="75" Level="Warning" Path="D:\Deba\TC\TFS\ThomasCook\trunk\Main\Source\Tc.Crm.ServiceLayer\Tc.Crm.Service.Client.PerformanceConsole" File="Program.cs" Line="75">Method 'Program.Main(string[])' passes a literal string as parameter 'value' of a call to 'Console.WriteLine(string)'. Retrieve the following string(s) from a resource table instead: "records processed:".</Issue>
             <Issue Name="KnownValue" Certainty="75" Level="Warning" Path="D:\Deba\TC\TFS\ThomasCook\trunk\Main\Source\Tc.Crm.ServiceLayer\Tc.Crm.Service.Client.PerformanceConsole" File="Program.cs" Line="99">Method 'Program.Main(string[])' passes a literal string as parameter 'value' of a call to 'Console.WriteLine(string)'. Retrieve the following string(s) from a resource table instead: "records processed:".</Issue>
            </Message>
            <Message Id="System.Console.WriteLine(System.String,System.Object)" TypeName="Do not pass literals as localized parameters" Category="Microsoft.Globalization" CheckId="CA1303" Status="Active" Created="2017-04-02 19:24:28Z" FixCategory="DependsOnFix">
             <Issue Name="KnownValue" Certainty="75" Level="Warning" Path="D:\Deba\TC\TFS\ThomasCook\trunk\Main\Source\Tc.Crm.ServiceLayer\Tc.Crm.Service.Client.PerformanceConsole" File="Program.cs" Line="101">Method 'Program.Main(string[])' passes a literal string as parameter 'format' of a call to 'Console.WriteLine(string, object)'. Retrieve the following string(s) from a resource table instead: "End:{0}".</Issue>
             <Issue Name="KnownValue" Certainty="75" Level="Warning" Path="D:\Deba\TC\TFS\ThomasCook\trunk\Main\Source\Tc.Crm.ServiceLayer\Tc.Crm.Service.Client.PerformanceConsole" File="Program.cs" Line="52">Method 'Program.Main(string[])' passes a literal string as parameter 'format' of a call to 'Console.WriteLine(string, object)'. Retrieve the following string(s) from a resource table instead: "Start:{0}".</Issue>
             <Issue Name="KnownValue" Certainty="75" Level="Warning" Path="D:\Deba\TC\TFS\ThomasCook\trunk\Main\Source\Tc.Crm.ServiceLayer\Tc.Crm.Service.Client.PerformanceConsole" File="Program.cs" Line="108">Method 'Program.Main(string[])' passes a literal string as parameter 'format' of a call to 'Console.WriteLine(string, object)'. Retrieve the following string(s) from a resource table instead: "Unhandled Exception:: Message: {0} ".</Issue>
             <Issue Name="KnownValue" Certainty="75" Level="Warning" Path="D:\Deba\TC\TFS\ThomasCook\trunk\Main\Source\Tc.Crm.ServiceLayer\Tc.Crm.Service.Client.PerformanceConsole" File="Program.cs" Line="109">Method 'Program.Main(string[])' passes a literal string as parameter 'format' of a call to 'Console.WriteLine(string, object)'. Retrieve the following string(s) from a resource table instead: "Unhandled Exception:: Stack Trace: {0} ".</Issue>
            </Message>
            <Message Id="Records_to_Update" TypeName="RemoveUnusedLocals" Category="Microsoft.Performance" CheckId="CA1804" Status="Active" Created="2017-04-02 19:24:28Z" FixCategory="NonBreaking">
             <Issue Certainty="95" Level="Warning" Path="D:\Deba\TC\TFS\ThomasCook\trunk\Main\Source\Tc.Crm.ServiceLayer\Tc.Crm.Service.Client.PerformanceConsole" File="Program.cs" Line="39">'Program.Main(string[])' declares a variable, 'Records_to_Update', of type 'int', which is never used or is only assigned to. Use this variable or remove it.</Issue>
            </Message>
            <Message Id="booking" TypeName="RemoveUnusedLocals" Category="Microsoft.Performance" CheckId="CA1804" Status="Active" Created="2017-04-02 19:24:28Z" FixCategory="NonBreaking">
             <Issue Certainty="95" Level="Warning" Path="D:\Deba\TC\TFS\ThomasCook\trunk\Main\Source\Tc.Crm.ServiceLayer\Tc.Crm.Service.Client.PerformanceConsole" File="Program.cs" Line="46">'Program.Main(string[])' declares a variable, 'booking', of type 'BookingInformation', which is never used or is only assigned to. Use this variable or remove it.</Issue>
            </Message>
            <Message Id="args" TypeName="ReviewUnusedParameters" Category="Microsoft.Usage" CheckId="CA1801" Status="Active" Created="2017-04-02 19:24:28Z" FixCategory="NonBreaking">
             <Issue Certainty="95" Level="Warning" Path="D:\Deba\TC\TFS\ThomasCook\trunk\Main\Source\Tc.Crm.ServiceLayer\Tc.Crm.Service.Client.PerformanceConsole" File="Program.cs" Line="32">Parameter 'args' of 'Program.Main(string[])' is never used. Remove the parameter or use it in the method body.</Issue>
            </Message>
            <Message Id="System.DateTime.ToString" TypeName="SpecifyIFormatProvider" Category="Microsoft.Globalization" CheckId="CA1305" Status="Active" Created="2017-04-02 19:24:28Z" FixCategory="NonBreaking">
             <Issue Name="IFormatProviderAlternateString" Certainty="95" Level="Error" Path="D:\Deba\TC\TFS\ThomasCook\trunk\Main\Source\Tc.Crm.ServiceLayer\Tc.Crm.Service.Client.PerformanceConsole" File="Program.cs" Line="52">Because the behavior of 'DateTime.ToString()' could vary based on the current user's locale settings, replace this call in 'Program.Main(string[])' with a call to 'DateTime.ToString(IFormatProvider)'. If the result of 'DateTime.ToString(IFormatProvider)' will be displayed to the user, specify 'CultureInfo.CurrentCulture' as the 'IFormatProvider' parameter. Otherwise, if the result will be stored and accessed by software, such as when it is persisted to disk or to a database, specify 'CultureInfo.InvariantCulture'.</Issue>
            </Message>
            <Message Id="System.Double.ToString" TypeName="SpecifyIFormatProvider" Category="Microsoft.Globalization" CheckId="CA1305" Status="Active" Created="2017-04-02 19:24:28Z" FixCategory="NonBreaking">
             <Issue Name="IFormatProviderAlternateString" Certainty="95" Level="Error" Path="D:\Deba\TC\TFS\ThomasCook\trunk\Main\Source\Tc.Crm.ServiceLayer\Tc.Crm.Service.Client.PerformanceConsole" File="Program.cs" Line="104">Because the behavior of 'double.ToString()' could vary based on the current user's locale settings, replace this call in 'Program.Main(string[])' with a call to 'double.ToString(IFormatProvider)'. If the result of 'double.ToString(IFormatProvider)' will be displayed to the user, specify 'CultureInfo.CurrentCulture' as the 'IFormatProvider' parameter. Otherwise, if the result will be stored and accessed by software, such as when it is persisted to disk or to a database, specify 'CultureInfo.InvariantCulture'.</Issue>
            </Message>
            <Message Id="System.Int32.Parse(System.String)" TypeName="SpecifyIFormatProvider" Category="Microsoft.Globalization" CheckId="CA1305" Status="Active" Created="2017-04-02 19:24:28Z" FixCategory="NonBreaking">
             <Issue Name="IFormatProviderAlternate" Certainty="95" Level="Error" Path="D:\Deba\TC\TFS\ThomasCook\trunk\Main\Source\Tc.Crm.ServiceLayer\Tc.Crm.Service.Client.PerformanceConsole" File="Program.cs" Line="36">Because the behavior of 'int.Parse(string)' could vary based on the current user's locale settings, replace this call in 'Program.Main(string[])' with a call to 'int.Parse(string, IFormatProvider)'. If the result of 'int.Parse(string, IFormatProvider)' will be based on input from the user, specify 'CultureInfo.CurrentCulture' as the 'IFormatProvider' parameter. Otherwise, if the result will based on input stored and accessed by software, such as when it is loaded from disk or from a database, specify 'CultureInfo.InvariantCulture'.</Issue>
             <Issue Name="IFormatProviderAlternate" Certainty="95" Level="Error" Path="D:\Deba\TC\TFS\ThomasCook\trunk\Main\Source\Tc.Crm.ServiceLayer\Tc.Crm.Service.Client.PerformanceConsole" File="Program.cs" Line="37">Because the behavior of 'int.Parse(string)' could vary based on the current user's locale settings, replace this call in 'Program.Main(string[])' with a call to 'int.Parse(string, IFormatProvider)'. If the result of 'int.Parse(string, IFormatProvider)' will be based on input from the user, specify 'CultureInfo.CurrentCulture' as the 'IFormatProvider' parameter. Otherwise, if the result will based on input stored and accessed by software, such as when it is loaded from disk or from a database, specify 'CultureInfo.InvariantCulture'.</Issue>
             <Issue Name="IFormatProviderAlternate" Certainty="95" Level="Error" Path="D:\Deba\TC\TFS\ThomasCook\trunk\Main\Source\Tc.Crm.ServiceLayer\Tc.Crm.Service.Client.PerformanceConsole" File="Program.cs" Line="38">Because the behavior of 'int.Parse(string)' could vary based on the current user's locale settings, replace this call in 'Program.Main(string[])' with a call to 'int.Parse(string, IFormatProvider)'. If the result of 'int.Parse(string, IFormatProvider)' will be based on input from the user, specify 'CultureInfo.CurrentCulture' as the 'IFormatProvider' parameter. Otherwise, if the result will based on input stored and accessed by software, such as when it is loaded from disk or from a database, specify 'CultureInfo.InvariantCulture'.</Issue>
             <Issue Name="IFormatProviderAlternate" Certainty="95" Level="Error" Path="D:\Deba\TC\TFS\ThomasCook\trunk\Main\Source\Tc.Crm.ServiceLayer\Tc.Crm.Service.Client.PerformanceConsole" File="Program.cs" Line="39">Because the behavior of 'int.Parse(string)' could vary based on the current user's locale settings, replace this call in 'Program.Main(string[])' with a call to 'int.Parse(string, IFormatProvider)'. If the result of 'int.Parse(string, IFormatProvider)' will be based on input from the user, specify 'CultureInfo.CurrentCulture' as the 'IFormatProvider' parameter. Otherwise, if the result will based on input stored and accessed by software, such as when it is loaded from disk or from a database, specify 'CultureInfo.InvariantCulture'.</Issue>
            </Message>
           </Messages>
          </Member>
          <Member Name="#StartThread(System.String)" Kind="Method" Static="True" Accessibility="Private" ExternallyVisible="False">
           <Messages>
            <Message Id="System.DateTime.ToString(System.String)" TypeName="SpecifyIFormatProvider" Category="Microsoft.Globalization" CheckId="CA1305" Status="Active" Created="2017-04-02 19:24:28Z" FixCategory="NonBreaking">
             <Issue Name="IFormatProviderAlternateString" Certainty="95" Level="Error" Path="D:\Deba\TC\TFS\ThomasCook\trunk\Main\Source\Tc.Crm.ServiceLayer\Tc.Crm.Service.Client.PerformanceConsole" File="Program.cs" Line="120">Because the behavior of 'DateTime.ToString(string)' could vary based on the current user's locale settings, replace this call in 'Program.StartThread(string)' with a call to 'DateTime.ToString(string, IFormatProvider)'. If the result of 'DateTime.ToString(string, IFormatProvider)' will be displayed to the user, specify 'CultureInfo.CurrentCulture' as the 'IFormatProvider' parameter. Otherwise, if the result will be stored and accessed by software, such as when it is persisted to disk or to a database, specify 'CultureInfo.InvariantCulture'.</Issue>
             <Issue Name="IFormatProviderAlternateString" Certainty="95" Level="Error" Path="D:\Deba\TC\TFS\ThomasCook\trunk\Main\Source\Tc.Crm.ServiceLayer\Tc.Crm.Service.Client.PerformanceConsole" File="Program.cs" Line="123">Because the behavior of 'DateTime.ToString(string)' could vary based on the current user's locale settings, replace this call in 'Program.StartThread(string)' with a call to 'DateTime.ToString(string, IFormatProvider)'. If the result of 'DateTime.ToString(string, IFormatProvider)' will be displayed to the user, specify 'CultureInfo.CurrentCulture' as the 'IFormatProvider' parameter. Otherwise, if the result will be stored and accessed by software, such as when it is persisted to disk or to a database, specify 'CultureInfo.InvariantCulture'.</Issue>
            </Message>
           </Messages>
          </Member>
         </Members>
        </Type>
       </Types>
      </Namespace>
      <Namespace Name="Tc.Crm.Service.Models">
       <Types>
        <Type Name="BoardType" Kind="Enum" Accessibility="Public" ExternallyVisible="True">
         <Members>
          <Member Name="#BedEnglishBfast" Kind="Field" Static="True" Accessibility="Public" ExternallyVisible="True">
           <Messages>
            <Message Id="Bfast" TypeName="IdentifiersShouldBeSpelledCorrectly" Category="Microsoft.Naming" CheckId="CA1704" Status="Active" Created="2017-04-02 19:24:28Z" FixCategory="Breaking">
             <Issue Name="Member" Certainty="75" Level="CriticalWarning">Correct the spelling of 'Bfast' in member name 'BoardType.BedEnglishBfast' or remove it entirely if it represents any sort of Hungarian notation.</Issue>
            </Message>
           </Messages>
          </Member>
          <Member Name="#ContinentalBfast" Kind="Field" Static="True" Accessibility="Public" ExternallyVisible="True">
           <Messages>
            <Message Id="Bfast" TypeName="IdentifiersShouldBeSpelledCorrectly" Category="Microsoft.Naming" CheckId="CA1704" Status="Active" Created="2017-04-02 19:24:28Z" FixCategory="Breaking">
             <Issue Name="Member" Certainty="75" Level="CriticalWarning">Correct the spelling of 'Bfast' in member name 'BoardType.ContinentalBfast' or remove it entirely if it represents any sort of Hungarian notation.</Issue>
            </Message>
           </Messages>
          </Member>
         </Members>
        </Type>
        <Type Name="BookingStatus" Kind="Enum" Accessibility="Public" ExternallyVisible="True">
         <Members>
          <Member Name="#Cancelled" Kind="Field" Static="True" Accessibility="Public" ExternallyVisible="True">
           <Messages>
            <Message Id="Cancelled" TypeName="UsePreferredTerms" Category="Microsoft.Naming" CheckId="CA1726" Status="Active" Created="2017-04-02 19:24:28Z" FixCategory="Breaking">
             <Issue Name="Member" Certainty="95" Level="Error">Replace the term 'Cancelled' in member name 'BookingStatus.Cancelled' with the preferred alternate 'Canceled'.</Issue>
            </Message>
           </Messages>
          </Member>
         </Members>
        </Type>
        <Type Name="BookingSystem" Kind="Enum" Accessibility="Public" ExternallyVisible="True">
         <Members>
          <Member Name="#AlteaGambit" Kind="Field" Static="True" Accessibility="Public" ExternallyVisible="True">
           <Messages>
            <Message Id="Altea" TypeName="IdentifiersShouldBeSpelledCorrectly" Category="Microsoft.Naming" CheckId="CA1704" Status="Active" Created="2017-04-02 19:24:28Z" FixCategory="Breaking">
             <Issue Name="Member" Certainty="75" Level="CriticalWarning">Correct the spelling of 'Altea' in member name 'BookingSystem.AlteaGambit' or remove it entirely if it represents any sort of Hungarian notation.</Issue>
            </Message>
           </Messages>
          </Member>
          <Member Name="#Aventoura" Kind="Field" Static="True" Accessibility="Public" ExternallyVisible="True">
           <Messages>
            <Message Id="Aventoura" TypeName="IdentifiersShouldBeSpelledCorrectly" Category="Microsoft.Naming" CheckId="CA1704" Status="Active" Created="2017-04-02 19:24:28Z" FixCategory="Breaking">
             <Issue Name="Member" Certainty="75" Level="CriticalWarning">Correct the spelling of 'Aventoura' in member name 'BookingSystem.Aventoura' or remove it entirely if it represents any sort of Hungarian notation.</Issue>
            </Message>
           </Messages>
          </Member>
          <Member Name="#Centerparcs" Kind="Field" Static="True" Accessibility="Public" ExternallyVisible="True">
           <Messages>
            <Message Id="Centerparcs" TypeName="IdentifiersShouldBeSpelledCorrectly" Category="Microsoft.Naming" CheckId="CA1704" Status="Active" Created="2017-04-02 19:24:28Z" FixCategory="Breaking">
             <Issue Name="Member" Certainty="75" Level="CriticalWarning">Correct the spelling of 'Centerparcs' in member name 'BookingSystem.Centerparcs' or remove it entirely if it represents any sort of Hungarian notation.</Issue>
            </Message>
           </Messages>
          </Member>
          <Member Name="#DavinciAldiana" Kind="Field" Static="True" Accessibility="Public" ExternallyVisible="True">
           <Messages>
            <Message Id="Aldiana" TypeName="IdentifiersShouldBeSpelledCorrectly" Category="Microsoft.Naming" CheckId="CA1704" Status="Active" Created="2017-04-02 19:24:28Z" FixCategory="Breaking">
             <Issue Name="Member" Certainty="75" Level="CriticalWarning">Correct the spelling of 'Aldiana' in member name 'BookingSystem.DavinciAldiana' or remove it entirely if it represents any sort of Hungarian notation.</Issue>
            </Message>
            <Message Id="Davinci" TypeName="IdentifiersShouldBeSpelledCorrectly" Category="Microsoft.Naming" CheckId="CA1704" Status="Active" Created="2017-04-02 19:24:28Z" FixCategory="Breaking">
             <Issue Name="Member" Certainty="75" Level="CriticalWarning">Correct the spelling of 'Davinci' in member name 'BookingSystem.DavinciAldiana' or remove it entirely if it represents any sort of Hungarian notation.</Issue>
            </Message>
           </Messages>
          </Member>
          <Member Name="#IberoTours" Kind="Field" Static="True" Accessibility="Public" ExternallyVisible="True">
           <Messages>
            <Message Id="Ibero" TypeName="IdentifiersShouldBeSpelledCorrectly" Category="Microsoft.Naming" CheckId="CA1704" Status="Active" Created="2017-04-02 19:24:28Z" FixCategory="Breaking">
             <Issue Name="Member" Certainty="75" Level="CriticalWarning">Correct the spelling of 'Ibero' in member name 'BookingSystem.IberoTours' or remove it entirely if it represents any sort of Hungarian notation.</Issue>
            </Message>
           </Messages>
          </Member>
          <Member Name="#JackPlusTCPG" Kind="Field" Static="True" Accessibility="Public" ExternallyVisible="True">
           <Messages>
            <Message Id="TCPG" TypeName="IdentifiersShouldBeCasedCorrectly" Category="Microsoft.Naming" CheckId="CA1709" Status="Active" Created="2017-04-02 19:24:28Z" FixCategory="Breaking">
             <Issue Name="Member" Certainty="85" Level="Error">Correct the casing of 'TCPG' in member name 'BookingSystem.JackPlusTCPG' by changing it to 'Tcpg'.</Issue>
            </Message>
           </Messages>
          </Member>
          <Member Name="#LufthansaHolidaysMidoco" Kind="Field" Static="True" Accessibility="Public" ExternallyVisible="True">
           <Messages>
            <Message Id="Midoco" TypeName="IdentifiersShouldBeSpelledCorrectly" Category="Microsoft.Naming" CheckId="CA1704" Status="Active" Created="2017-04-02 19:24:28Z" FixCategory="Breaking">
             <Issue Name="Member" Certainty="75" Level="CriticalWarning">Correct the spelling of 'Midoco' in member name 'BookingSystem.LufthansaHolidaysMidoco' or remove it entirely if it represents any sort of Hungarian notation.</Issue>
            </Message>
           </Messages>
          </Member>
          <Member Name="#MidocoOwnSite" Kind="Field" Static="True" Accessibility="Public" ExternallyVisible="True">
           <Messages>
            <Message Id="Midoco" TypeName="IdentifiersShouldBeSpelledCorrectly" Category="Microsoft.Naming" CheckId="CA1704" Status="Active" Created="2017-04-02 19:24:28Z" FixCategory="Breaking">
             <Issue Name="Member" Certainty="75" Level="CriticalWarning">Correct the spelling of 'Midoco' in member name 'BookingSystem.MidocoOwnSite' or remove it entirely if it represents any sort of Hungarian notation.</Issue>
            </Message>
           </Messages>
          </Member>
          <Member Name="#Nurvis" Kind="Field" Static="True" Accessibility="Public" ExternallyVisible="True">
           <Messages>
            <Message Id="Nurvis" TypeName="IdentifiersShouldBeSpelledCorrectly" Category="Microsoft.Naming" CheckId="CA1704" Status="Active" Created="2017-04-02 19:24:28Z" FixCategory="Breaking">
             <Issue Name="Member" Certainty="75" Level="CriticalWarning">Correct the spelling of 'Nurvis' in member name 'BookingSystem.Nurvis' or remove it entirely if it represents any sort of Hungarian notation.</Issue>
            </Message>
           </Messages>
          </Member>
          <Member Name="#Phonix" Kind="Field" Static="True" Accessibility="Public" ExternallyVisible="True">
           <Messages>
            <Message Id="Phonix" TypeName="IdentifiersShouldBeSpelledCorrectly" Category="Microsoft.Naming" CheckId="CA1704" Status="Active" Created="2017-04-02 19:24:28Z" FixCategory="Breaking">
             <Issue Name="Member" Certainty="75" Level="CriticalWarning">Correct the spelling of 'Phonix' in member name 'BookingSystem.Phonix' or remove it entirely if it represents any sort of Hungarian notation.</Issue>
            </Message>
           </Messages>
          </Member>
          <Member Name="#Tourvital" Kind="Field" Static="True" Accessibility="Public" ExternallyVisible="True">
           <Messages>
            <Message Id="Tourvital" TypeName="IdentifiersShouldBeSpelledCorrectly" Category="Microsoft.Naming" CheckId="CA1704" Status="Active" Created="2017-04-02 19:24:28Z" FixCategory="Breaking">
             <Issue Name="Member" Certainty="75" Level="CriticalWarning">Correct the spelling of 'Tourvital' in member name 'BookingSystem.Tourvital' or remove it entirely if it represents any sort of Hungarian notation.</Issue>
            </Message>
           </Messages>
          </Member>
          <Member Name="#Weinradel" Kind="Field" Static="True" Accessibility="Public" ExternallyVisible="True">
           <Messages>
            <Message Id="Weinradel" TypeName="IdentifiersShouldBeSpelledCorrectly" Category="Microsoft.Naming" CheckId="CA1704" Status="Active" Created="2017-04-02 19:24:28Z" FixCategory="Breaking">
             <Issue Name="Member" Certainty="75" Level="CriticalWarning">Correct the spelling of 'Weinradel' in member name 'BookingSystem.Weinradel' or remove it entirely if it represents any sort of Hungarian notation.</Issue>
            </Message>
           </Messages>
          </Member>
         </Members>
        </Type>
        <Type Name="ExternalServiceCode" Kind="Enum" Accessibility="Public" ExternallyVisible="True">
         <Members>
          <Member Name="#GTA" Kind="Field" Static="True" Accessibility="Public" ExternallyVisible="True">
           <Messages>
            <Message Id="GTA" TypeName="IdentifiersShouldBeCasedCorrectly" Category="Microsoft.Naming" CheckId="CA1709" Status="Active" Created="2017-04-02 19:24:28Z" FixCategory="Breaking">
             <Issue Name="Member" Certainty="85" Level="Error">Correct the casing of 'GTA' in member name 'ExternalServiceCode.GTA' by changing it to 'Gta'.</Issue>
            </Message>
           </Messages>
          </Member>
          <Member Name="#HBSI" Kind="Field" Static="True" Accessibility="Public" ExternallyVisible="True">
           <Messages>
            <Message Id="HBSI" TypeName="IdentifiersShouldBeCasedCorrectly" Category="Microsoft.Naming" CheckId="CA1709" Status="Active" Created="2017-04-02 19:24:28Z" FixCategory="Breaking">
             <Issue Name="Member" Certainty="85" Level="Error">Correct the casing of 'HBSI' in member name 'ExternalServiceCode.HBSI' by changing it to 'Hbsi'.</Issue>
            </Message>
           </Messages>
          </Member>
          <Member Name="#IberostarBedBank" Kind="Field" Static="True" Accessibility="Public" ExternallyVisible="True">
           <Messages>
            <Message Id="Iberostar" TypeName="IdentifiersShouldBeSpelledCorrectly" Category="Microsoft.Naming" CheckId="CA1704" Status="Active" Created="2017-04-02 19:24:28Z" FixCategory="Breaking">
             <Issue Name="Member" Certainty="75" Level="CriticalWarning">Correct the spelling of 'Iberostar' in member name 'ExternalServiceCode.IberostarBedBank' or remove it entirely if it represents any sort of Hungarian notation.</Issue>
            </Message>
           </Messages>
          </Member>
         </Members>
        </Type>
        <Type Name="SourceApplication" Kind="Enum" Accessibility="Public" ExternallyVisible="True">
         <Members>
          <Member Name="#EasiwareCRM" Kind="Field" Static="True" Accessibility="Public" ExternallyVisible="True">
           <Messages>
            <Message Id="CRM" TypeName="IdentifiersShouldBeCasedCorrectly" Category="Microsoft.Naming" CheckId="CA1709" Status="Active" Created="2017-04-02 19:24:28Z" FixCategory="Breaking">
             <Issue Name="Member" Certainty="85" Level="Error">Correct the casing of 'CRM' in member name 'SourceApplication.EasiwareCRM' by changing it to 'Crm'.</Issue>
            </Message>
            <Message Id="Easiware" TypeName="IdentifiersShouldBeSpelledCorrectly" Category="Microsoft.Naming" CheckId="CA1704" Status="Active" Created="2017-04-02 19:24:28Z" FixCategory="Breaking">
             <Issue Name="Member" Certainty="75" Level="CriticalWarning">Correct the spelling of 'Easiware' in member name 'SourceApplication.EasiwareCRM' or remove it entirely if it represents any sort of Hungarian notation.</Issue>
            </Message>
           </Messages>
          </Member>
          <Member Name="#SAPBW" Kind="Field" Static="True" Accessibility="Public" ExternallyVisible="True">
           <Messages>
            <Message Id="SAPBW" TypeName="IdentifiersShouldBeCasedCorrectly" Category="Microsoft.Naming" CheckId="CA1709" Status="Active" Created="2017-04-02 19:24:28Z" FixCategory="Breaking">
             <Issue Name="Member" Certainty="85" Level="Error">Correct the casing of 'SAPBW' in member name 'SourceApplication.SAPBW' by changing it to 'Sapbw'.</Issue>
            </Message>
           </Messages>
          </Member>
          <Member Name="#SFEAST" Kind="Field" Static="True" Accessibility="Public" ExternallyVisible="True">
           <Messages>
            <Message Id="SFEAST" TypeName="IdentifiersShouldBeCasedCorrectly" Category="Microsoft.Naming" CheckId="CA1709" Status="Active" Created="2017-04-02 19:24:28Z" FixCategory="Breaking">
             <Issue Name="Member" Certainty="85" Level="Error">Correct the casing of 'SFEAST' in member name 'SourceApplication.SFEAST' by changing it to 'Sfeast'.</Issue>
            </Message>
           </Messages>
          </Member>
          <Member Name="#SFWEST" Kind="Field" Static="True" Accessibility="Public" ExternallyVisible="True">
           <Messages>
            <Message Id="SFWEST" TypeName="IdentifiersShouldBeCasedCorrectly" Category="Microsoft.Naming" CheckId="CA1709" Status="Active" Created="2017-04-02 19:24:28Z" FixCategory="Breaking">
             <Issue Name="Member" Certainty="85" Level="Error">Correct the casing of 'SFWEST' in member name 'SourceApplication.SFWEST' by changing it to 'Sfwest'.</Issue>
            </Message>
           </Messages>
          </Member>
          <Member Name="#TCV" Kind="Field" Static="True" Accessibility="Public" ExternallyVisible="True">
           <Messages>
            <Message Id="TCV" TypeName="IdentifiersShouldBeCasedCorrectly" Category="Microsoft.Naming" CheckId="CA1709" Status="Active" Created="2017-04-02 19:24:28Z" FixCategory="Breaking">
             <Issue Name="Member" Certainty="85" Level="Error">Correct the casing of 'TCV' in member name 'SourceApplication.TCV' by changing it to 'Tcv'.</Issue>
            </Message>
           </Messages>
          </Member>
         </Members>
        </Type>
       </Types>
      </Namespace>
     </Namespaces>
    </Module>
   </Modules>
  </Target>
 </Targets>
 <Rules>
  <Rule TypeName="AssembliesShouldHaveValidStrongNames" Category="Microsoft.Design" CheckId="CA2210">
   <Name>Assemblies should have valid strong names</Name>
   <Description>Either the assembly has no strong name, an invalid one, or the strong name is valid only because of the computer configuration. The assembly should not be deployed in this state. The most common causes of this are: 1) The assembly's contents were modified after it was signed. 2) The signing process failed. 3) The assembly was delay-signed. 4) A registry key existed that allowed the check to pass (where it would not have otherwise).</Description>
   <Resolution Name="NoStrongName">Sign {0} with a strong name key.</Resolution>
   <Owner />
   <Url>http://msdn.microsoft.com/library/ms182127.aspx</Url>
   <Email>[none]</Email>
   <MessageLevel Certainty="95">CriticalError</MessageLevel>
   <File Name="designrules.dll" Version="14.0.0.0" />
  </Rule>
  <Rule TypeName="Dispose objects before losing scope" Category="Microsoft.Reliability" CheckId="CA2000">
   <Name>Dispose objects before losing scope</Name>
   <Description>If a disposable object is not explicitly disposed before all references to it are out of scope, the object will be disposed at some indeterminate time when the garbage collector runs the finalizer of the object. Because an exceptional event might occur that will prevent the finalizer of the object from running, the object should be explicitly disposed instead.</Description>
   <Resolution Name="NonExceptionEdge">In method {0}, call System.IDisposable.Dispose on object {1} before all references to it are out of scope.</Resolution>
   <Owner>RuleOwner</Owner>
   <Url>http://msdn.microsoft.com/library/ms182289.aspx</Url>
   <Email />
   <MessageLevel Certainty="75">Warning</MessageLevel>
   <File Name="dataflowrules.dll" Version="14.0.0.0" />
  </Rule>
  <Rule TypeName="Do not pass literals as localized parameters" Category="Microsoft.Globalization" CheckId="CA1303">
   <Name>Do not pass literals as localized parameters</Name>
   <Description>Literal strings that are embedded in source code are difficult to localize. Avoid passing literal strings as arguments in circumstances where a localized string is generally expected.</Description>
   <Resolution Name="KnownValue">Method {0} passes a literal string as parameter '{1}' of a call to {2}. Retrieve the following string(s) from a resource table instead: {3}.</Resolution>
   <Owner>RuleOwner</Owner>
   <Url>http://msdn.microsoft.com/library/ms182187.aspx</Url>
   <Email />
   <MessageLevel Certainty="75">Warning</MessageLevel>
   <File Name="dataflowrules.dll" Version="14.0.0.0" />
  </Rule>
  <Rule TypeName="DoNotCatchGeneralExceptionTypes" Category="Microsoft.Design" CheckId="CA1031">
   <Name>Do not catch general exception types</Name>
   <Description>You should not catch Exception or SystemException. Catching generic exception types can hide run-time problems from the library user, and can complicate debugging. You should catch only those exceptions that you can handle gracefully.</Description>
   <Resolution Name="Default">Modify {0} to catch a more specific exception than {1} or rethrow the exception.</Resolution>
   <Owner />
   <Url>http://msdn.microsoft.com/library/ms182137.aspx</Url>
   <Email>[none]</Email>
   <MessageLevel Certainty="95">CriticalError</MessageLevel>
   <File Name="designrules.dll" Version="14.0.0.0" />
  </Rule>
  <Rule TypeName="IdentifiersShouldBeCasedCorrectly" Category="Microsoft.Naming" CheckId="CA1709">
   <Name>Identifiers should be cased correctly</Name>
   <Description>Type, namespace, and member identifiers are Pascal-cased. Parameter identifiers are camel-cased. Two letter acronyms within these identifiers should be upper-cased, for example, use System.IO instead of System.Io. Acronyms of three or more letters should be Pascal-cased, for example, use System.Xml instead of System.XML. The pascal-casing convention capitalizes the first letter of each word, as in BackColor. The camel-casing convention formats the first letter of the first word in lowercase and capitalizes the first letter of all subsequent words, as in backgroundColor. Although it may be common practice for some two letter acronyms to not be fully capitalized, violations of this rule should not be excluded for this reason. For example, 'DbConnection', is common but incorrect; use DBConnection. A violation of this rule might be required for compatibility with existing, non-managed symbol schemes. In general, however, these symbols should not be visible outside the assembly that uses them.</Description>
   <Resolution Name="Assembly">Correct the casing of '{0}' in assembly name {1} by changing it to '{2}'.</Resolution>
   <Resolution Name="Member">Correct the casing of '{0}' in member name {1} by changing it to '{2}'.</Resolution>
   <Resolution Name="MemberAbbreviation">Correct the casing of '{0}' in member name {1} by changing it to '{2}'. '{2}' is an abbreviation and therefore is not subject to acronym casing guidelines.</Resolution>
   <Resolution Name="Namespace">Correct the casing of '{0}' in namespace name '{1}' by changing it to '{2}'.</Resolution>
   <Owner />
   <Url>http://msdn.microsoft.com/library/ms182240.aspx</Url>
   <Email>[none]</Email>
   <MessageLevel Certainty="85">Error</MessageLevel>
   <File Name="namingrules.dll" Version="14.0.0.0" />
  </Rule>
  <Rule TypeName="IdentifiersShouldBeSpelledCorrectly" Category="Microsoft.Naming" CheckId="CA1704">
   <Name>Identifiers should be spelled correctly</Name>
   <Description>The individual words that make up an identifier should not be abbreviated and should be spelled correctly. If this rule generates a false positive on a term that should be recognized, add the word to the FxCop custom dictionary.</Description>
   <Resolution Name="Assembly">Correct the spelling of '{0}' in assembly name {1}.</Resolution>
   <Resolution Name="Member">Correct the spelling of '{0}' in member name {1} or remove it entirely if it represents any sort of Hungarian notation.</Resolution>
   <Resolution Name="MemberMoreMeaningfulName">Consider providing a more meaningful name than member name {0}.</Resolution>
   <Resolution Name="Namespace">Correct the spelling of '{0}' in namespace name '{1}'.</Resolution>
   <Owner />
   <Url>http://msdn.microsoft.com/library/bb264492.aspx</Url>
   <Email>[none]</Email>
   <MessageLevel Certainty="75">CriticalWarning</MessageLevel>
   <File Name="namingrules.dll" Version="14.0.0.0" />
  </Rule>
  <Rule TypeName="MarkAssembliesWithClsCompliant" Category="Microsoft.Design" CheckId="CA1014">
   <Name>Mark assemblies with CLSCompliantAttribute</Name>
   <Description>Assemblies should explicitly state their CLS compliance using the CLSCompliant attribute. An assembly without this attribute is not CLS-compliant. Assemblies, modules, and types can be CLS-compliant even if some parts of the assembly, module, or type are not CLS-compliant. The following rules apply: 1) If the element is marked CLSCompliant, any noncompliant members must have the CLSCompliant attribute present with its argument set to false. 2) A comparable CLS-compliant alternative member must be supplied for each member that is not CLS-compliant.</Description>
   <Resolution Name="Default">Mark {0} with CLSCompliant(true) because it exposes externally visible types.</Resolution>
   <Owner />
   <Url>http://msdn.microsoft.com/library/ms182156.aspx</Url>
   <Email>[none]</Email>
   <MessageLevel Certainty="95">Error</MessageLevel>
   <File Name="designrules.dll" Version="14.0.0.0" />
  </Rule>
  <Rule TypeName="RemoveUnusedLocals" Category="Microsoft.Performance" CheckId="CA1804">
   <Name>Remove unused locals</Name>
   <Description>Remove locals that are not used or are only assigned to in method implementations.</Description>
   <Resolution Name="Default">{0} declares a variable, {1}, of type {2}, which is never used or is only assigned to. Use this variable or remove it.</Resolution>
   <Owner />
   <Url>http://msdn.microsoft.com/library/ms182278.aspx</Url>
   <Email>[none]</Email>
   <MessageLevel Certainty="95">Warning</MessageLevel>
   <File Name="performancerules.dll" Version="14.0.0.0" />
  </Rule>
  <Rule TypeName="ReviewUnusedParameters" Category="Microsoft.Usage" CheckId="CA1801">
   <Name>Review unused parameters</Name>
   <Description>Review parameters in non-virtual methods that are not used in the method body to ensure no correctness exists around failure to access them. Unused parameters incur maintenance and performance costs. Sometimes a violation of this rule can point to an implementation bug in the method (i.e. the parameter should actually have been used in the method body). Exclude warnings of this rule if the parameter has to exist because of backward compatibility.</Description>
   <Resolution Name="Default">Parameter {0} of {1} is never used. Remove the parameter or use it in the method body.</Resolution>
   <Owner />
   <Url>http://msdn.microsoft.com/library/ms182268.aspx</Url>
   <Email>[none]</Email>
   <MessageLevel Certainty="95">Warning</MessageLevel>
   <File Name="usagerules.dll" Version="14.0.0.0" />
  </Rule>
  <Rule TypeName="SpecifyIFormatProvider" Category="Microsoft.Globalization" CheckId="CA1305">
   <Name>Specify IFormatProvider</Name>
   <Description>If an overload exists that takes an IFormatProvider argument, it should always be called in favor of an overload that does not. Some methods in the runtime convert a value to or from a string representation and take a string parameter that contains one or more characters, called format specifiers, which indicate how the value is to be converted. If the meaning of the format specifier varies by culture, a formatting object supplies the actual characters used in the string representation. In scenarios where sorting and comparison behavior should never change between cultures, specify CultureInfo.InvariantCulture, otherwise, specify CultureInfo.CurrentCulture.</Description>
   <Resolution Name="IFormatProviderAlternate">Because the behavior of {0} could vary based on the current user's locale settings, replace this call in {1} with a call to {2}. If the result of {2} will be based on input from the user, specify {3} as the 'IFormatProvider' parameter. Otherwise, if the result will based on input stored and accessed by software, such as when it is loaded from disk or from a database, specify {4}.</Resolution>
   <Resolution Name="IFormatProviderAlternateString">Because the behavior of {0} could vary based on the current user's locale settings, replace this call in {1} with a call to {2}. If the result of {2} will be displayed to the user, specify {3} as the 'IFormatProvider' parameter. Otherwise, if the result will be stored and accessed by software, such as when it is persisted to disk or to a database, specify {4}.</Resolution>
   <Owner />
   <Url>http://msdn.microsoft.com/library/ms182190.aspx</Url>
   <Email>[none]</Email>
   <MessageLevel Certainty="95">Error</MessageLevel>
   <File Name="globalizationrules.dll" Version="14.0.0.0" />
  </Rule>
  <Rule TypeName="UsePreferredTerms" Category="Microsoft.Naming" CheckId="CA1726">
   <Name>Use preferred terms</Name>
   <Description>Use preferred terms over deprecated alternates.</Description>
   <Resolution Name="Member">Replace the term '{0}' in member name {1} with the preferred alternate '{2}'.</Resolution>
   <Owner />
   <Url>http://msdn.microsoft.com/library/ms182258.aspx</Url>
   <Email>[none]</Email>
   <MessageLevel Certainty="95">Error</MessageLevel>
   <File Name="namingrules.dll" Version="14.0.0.0" />
  </Rule>
 </Rules>
 <Localized>
  <String Key="Category">Category</String>
  <String Key="Certainty">Certainty</String>
  <String Key="CollapseAll">Collapse All</String>
  <String Key="CheckId">Check Id</String>
  <String Key="Error">Error</String>
  <String Key="Errors">error(s)</String>
  <String Key="ExpandAll">Expand All</String>
  <String Key="Help">Help</String>
  <String Key="Line">Line</String>
  <String Key="Messages">message(s)</String>
  <String Key="LocationNotStoredInPdb">[Location not stored in Pdb]</String>
  <String Key="Project">Project</String>
  <String Key="Resolution">Resolution</String>
  <String Key="Rule">Rule</String>
  <String Key="RuleFile">Rule File</String>
  <String Key="RuleDescription">Rule Description</String>
  <String Key="Source">Source</String>
  <String Key="Status">Status</String>
  <String Key="Target">Target</String>
  <String Key="Warning">Warning</String>
  <String Key="Warnings">warning(s)</String>
  <String Key="ReportTitle">Code Analysis Report</String>
 </Localized>
</FxCopReport>
