
<entities xmlns:xsd="http://www.w3.org/2001/XMLSchema" xmlns:xsi="http://www.w3.org/2001/XMLSchema-instance">
  <entity name="tc_touroperator" displayname="Tour Operator">
    <records>
      <record id="75ad83e5-9414-e711-8107-3863bb351d00">
        <field name="tc_name" value="Thomas Cook AG" />
        <field name="tc_countryid" value="e6255c25-8a14-e711-810c-3863bb34fa70" lookupentity="tc_country" lookupentityname="Germany" />
        <field name="tc_touroperatorid" value="75ad83e5-9414-e711-8107-3863bb351d00" />
        <field name="tc_touroperatorcode" value="01" />
      </record>
      <record id="77ad83e5-9414-e711-8107-3863bb351d00">
        <field name="tc_name" value="Thomas Cook Poland" />
        <field name="tc_countryid" value="68265c25-8a14-e711-810c-3863bb34fa70" lookupentity="tc_country" lookupentityname="Poland" />
        <field name="tc_touroperatorid" value="77ad83e5-9414-e711-8107-3863bb351d00" />
        <field name="tc_touroperatorcode" value="02" />
      </record>
      <record id="79ad83e5-9414-e711-8107-3863bb351d00">
        <field name="tc_name" value="Thomas Cook Holland" />
        <field name="tc_countryid" value="58265c25-8a14-e711-810c-3863bb34fa70" lookupentity="tc_country" lookupentityname="Netherlands" />
        <field name="tc_touroperatorid" value="79ad83e5-9414-e711-8107-3863bb351d00" />
        <field name="tc_touroperatorcode" value="03" />
      </record>
      <record id="7bad83e5-9414-e711-8107-3863bb351d00">
        <field name="tc_name" value="Thomas Cook Belgium" />
        <field name="tc_countryid" value="c0255c25-8a14-e711-810c-3863bb34fa70" lookupentity="tc_country" lookupentityname="Belgium" />
        <field name="tc_touroperatorid" value="7bad83e5-9414-e711-8107-3863bb351d00" />
        <field name="tc_touroperatorcode" value="04" />
      </record>
      <record id="7dad83e5-9414-e711-8107-3863bb351d00">
        <field name="tc_name" value="Air Marin Flugreisen" />
        <field name="tc_countryid" value="e6255c25-8a14-e711-810c-3863bb34fa70" lookupentity="tc_country" lookupentityname="Germany" />
        <field name="tc_touroperatorid" value="7dad83e5-9414-e711-8107-3863bb351d00" />
        <field name="tc_touroperatorcode" value="09" />
      </record>
      <record id="7fad83e5-9414-e711-8107-3863bb351d00">
        <field name="tc_name" value="Thomas Cook Austria" />
        <field name="tc_countryid" value="b6255c25-8a14-e711-810c-3863bb34fa70" lookupentity="tc_country" lookupentityname="Austria" />
        <field name="tc_touroperatorid" value="7fad83e5-9414-e711-8107-3863bb351d00" />
        <field name="tc_touroperatorcode" value="10" />
      </record>
      <record id="81ad83e5-9414-e711-8107-3863bb351d00">
        <field name="tc_name" value="Thomas Cook Hungary" />
        <field name="tc_countryid" value="0a265c25-8a14-e711-810c-3863bb34fa70" lookupentity="tc_country" lookupentityname="Hungary" />
        <field name="tc_touroperatorid" value="81ad83e5-9414-e711-8107-3863bb351d00" />
        <field name="tc_touroperatorcode" value="11" />
      </record>
      <record id="83ad83e5-9414-e711-8107-3863bb351d00">
        <field name="tc_name" value="Condor" />
        <field name="tc_countryid" value="e6255c25-8a14-e711-810c-3863bb34fa70" lookupentity="tc_country" lookupentityname="Germany" />
        <field name="tc_touroperatorid" value="83ad83e5-9414-e711-8107-3863bb351d00" />
        <field name="tc_touroperatorcode" value="13" />
      </record>
      <record id="85ad83e5-9414-e711-8107-3863bb351d00">
        <field name="tc_name" value="Troll Tours" />
        <field name="tc_countryid" value="e6255c25-8a14-e711-810c-3863bb34fa70" lookupentity="tc_country" lookupentityname="Germany" />
        <field name="tc_touroperatorid" value="85ad83e5-9414-e711-8107-3863bb351d00" />
        <field name="tc_touroperatorcode" value="15" />
      </record>
      <record id="87ad83e5-9414-e711-8107-3863bb351d00">
        <field name="tc_name" value="Thomas Cook Ticket Shop" />
        <field name="tc_countryid" value="e6255c25-8a14-e711-810c-3863bb34fa70" lookupentity="tc_country" lookupentityname="Germany" />
        <field name="tc_touroperatorid" value="87ad83e5-9414-e711-8107-3863bb351d00" />
        <field name="tc_touroperatorcode" value="19" />
      </record>
      <record id="89ad83e5-9414-e711-8107-3863bb351d00">
        <field name="tc_name" value="Thomas Cook Czech Republic" />
        <field name="tc_countryid" value="e4255c25-8a14-e711-810c-3863bb34fa70" lookupentity="tc_country" lookupentityname="Czech Republic" />
        <field name="tc_touroperatorid" value="89ad83e5-9414-e711-8107-3863bb351d00" />
        <field name="tc_touroperatorcode" value="20" />
      </record>
      <record id="8bad83e5-9414-e711-8107-3863bb351d00">
        <field name="tc_name" value="Bucher Reisen" />
        <field name="tc_countryid" value="e6255c25-8a14-e711-810c-3863bb34fa70" lookupentity="tc_country" lookupentityname="Germany" />
        <field name="tc_touroperatorid" value="8bad83e5-9414-e711-8107-3863bb351d00" />
        <field name="tc_touroperatorcode" value="22" />
      </record>
      <record id="8dad83e5-9414-e711-8107-3863bb351d00">
        <field name="tc_name" value="Thomas Cook France" />
        <field name="tc_countryid" value="f8255c25-8a14-e711-810c-3863bb34fa70" lookupentity="tc_country" lookupentityname="France" />
        <field name="tc_touroperatorid" value="8dad83e5-9414-e711-8107-3863bb351d00" />
        <field name="tc_touroperatorcode" value="28" />
      </record>
      <record id="8fad83e5-9414-e711-8107-3863bb351d00">
        <field name="tc_name" value="&amp;#214;ger Tours" />
        <field name="tc_countryid" value="e6255c25-8a14-e711-810c-3863bb34fa70" lookupentity="tc_country" lookupentityname="Germany" />
        <field name="tc_touroperatorid" value="8fad83e5-9414-e711-8107-3863bb351d00" />
        <field name="tc_touroperatorcode" value="29" />
      </record>
      <record id="91ad83e5-9414-e711-8107-3863bb351d00">
        <field name="tc_name" value="Tour Vital" />
        <field name="tc_countryid" value="e6255c25-8a14-e711-810c-3863bb34fa70" lookupentity="tc_country" lookupentityname="Germany" />
        <field name="tc_touroperatorid" value="91ad83e5-9414-e711-8107-3863bb351d00" />
        <field name="tc_touroperatorcode" value="34" />
      </record>
      <record id="93ad83e5-9414-e711-8107-3863bb351d00">
        <field name="tc_name" value="TCUK" />
        <field name="tc_countryid" value="fa255c25-8a14-e711-810c-3863bb34fa70" lookupentity="tc_country" lookupentityname="United Kingdom" />
        <field name="tc_touroperatorid" value="93ad83e5-9414-e711-8107-3863bb351d00" />
        <field name="tc_touroperatorcode" value="TCUK" />
      </record>
      <record id="95ad83e5-9414-e711-8107-3863bb351d00">
        <field name="tc_name" value="TCI Niederlande" />
        <field name="tc_countryid" value="58265c25-8a14-e711-810c-3863bb34fa70" lookupentity="tc_country" lookupentityname="Netherlands" />
        <field name="tc_touroperatorid" value="95ad83e5-9414-e711-8107-3863bb351d00" />
        <field name="tc_touroperatorcode" value="45" />
      </record>
      <record id="97ad83e5-9414-e711-8107-3863bb351d00">
        <field name="tc_name" value="TCI Belgien" />
        <field name="tc_countryid" value="c0255c25-8a14-e711-810c-3863bb34fa70" lookupentity="tc_country" lookupentityname="Belgium" />
        <field name="tc_touroperatorid" value="97ad83e5-9414-e711-8107-3863bb351d00" />
        <field name="tc_touroperatorcode" value="46" />
      </record>
      <record id="99ad83e5-9414-e711-8107-3863bb351d00">
        <field name="tc_name" value="TCI Deutschland" />
        <field name="tc_countryid" value="e6255c25-8a14-e711-810c-3863bb34fa70" lookupentity="tc_country" lookupentityname="Germany" />
        <field name="tc_touroperatorid" value="99ad83e5-9414-e711-8107-3863bb351d00" />
        <field name="tc_touroperatorcode" value="48" />
      </record>
      <record id="9bad83e5-9414-e711-8107-3863bb351d00">
        <field name="tc_name" value="Kiwi Deutschland" />
        <field name="tc_countryid" value="e6255c25-8a14-e711-810c-3863bb34fa70" lookupentity="tc_country" lookupentityname="Germany" />
        <field name="tc_touroperatorid" value="9bad83e5-9414-e711-8107-3863bb351d00" />
        <field name="tc_touroperatorcode" value="49" />
      </record>
      <record id="9dad83e5-9414-e711-8107-3863bb351d00">
        <field name="tc_name" value="Thomas Cook Airlines Belgium" />
        <field name="tc_countryid" value="c0255c25-8a14-e711-810c-3863bb34fa70" lookupentity="tc_country" lookupentityname="Belgium" />
        <field name="tc_touroperatorid" value="9dad83e5-9414-e711-8107-3863bb351d00" />
        <field name="tc_touroperatorcode" value="70" />
      </record>
      <record id="9fad83e5-9414-e711-8107-3863bb351d00">
        <field name="tc_name" value="Thomas Cook Airlines UK" />
        <field name="tc_countryid" value="fa255c25-8a14-e711-810c-3863bb34fa70" lookupentity="tc_country" lookupentityname="United Kingdom" />
        <field name="tc_touroperatorid" value="9fad83e5-9414-e711-8107-3863bb351d00" />
        <field name="tc_touroperatorcode" value="71" />
      </record>
      <record id="a1ad83e5-9414-e711-8107-3863bb351d00">
        <field name="tc_name" value="Thomas Cook Airlines UK - Tour operator bookings" />
        <field name="tc_countryid" value="fa255c25-8a14-e711-810c-3863bb34fa70" lookupentity="tc_country" lookupentityname="United Kingdom" />
        <field name="tc_touroperatorid" value="a1ad83e5-9414-e711-8107-3863bb351d00" />
        <field name="tc_touroperatorcode" value="72" />
      </record>
    </records>
    <m2mrelationships>
      <m2mrelationship sourceid="75ad83e5-9414-e711-8107-3863bb351d00" targetentityname="tc_brand" targetentitynameidfield="tc_brandid" m2mrelationshipname="tc_touroperator_tc_brand">
        <targetids>
          <targetid>809a1626-9514-e711-8104-3863bb349770</targetid>
          <targetid>9b9a1626-9514-e711-8104-3863bb349770</targetid>
          <targetid>b59a1626-9514-e711-8104-3863bb349770</targetid>
          <targetid>bb9a1626-9514-e711-8104-3863bb349770</targetid>
          <targetid>bd9a1626-9514-e711-8104-3863bb349770</targetid>
          <targetid>bf9a1626-9514-e711-8104-3863bb349770</targetid>
          <targetid>c19a1626-9514-e711-8104-3863bb349770</targetid>
          <targetid>c39a1626-9514-e711-8104-3863bb349770</targetid>
          <targetid>c59a1626-9514-e711-8104-3863bb349770</targetid>
          <targetid>c79a1626-9514-e711-8104-3863bb349770</targetid>
          <targetid>c99a1626-9514-e711-8104-3863bb349770</targetid>
          <targetid>cb9a1626-9514-e711-8104-3863bb349770</targetid>
          <targetid>cd9a1626-9514-e711-8104-3863bb349770</targetid>
          <targetid>cf9a1626-9514-e711-8104-3863bb349770</targetid>
          <targetid>d19a1626-9514-e711-8104-3863bb349770</targetid>
          <targetid>d39a1626-9514-e711-8104-3863bb349770</targetid>
        </targetids>
      </m2mrelationship>
      <m2mrelationship sourceid="77ad83e5-9414-e711-8107-3863bb351d00" targetentityname="tc_brand" targetentitynameidfield="tc_brandid" m2mrelationshipname="tc_touroperator_tc_brand">
        <targetids>
          <targetid>a19a1626-9514-e711-8104-3863bb349770</targetid>
        </targetids>
      </m2mrelationship>
      <m2mrelationship sourceid="79ad83e5-9414-e711-8107-3863bb351d00" targetentityname="tc_brand" targetentitynameidfield="tc_brandid" m2mrelationshipname="tc_touroperator_tc_brand">
        <targetids>
          <targetid>9f9a1626-9514-e711-8104-3863bb349770</targetid>
          <targetid>a59a1626-9514-e711-8104-3863bb349770</targetid>
          <targetid>b79a1626-9514-e711-8104-3863bb349770</targetid>
          <targetid>d59a1626-9514-e711-8104-3863bb349770</targetid>
          <targetid>d79a1626-9514-e711-8104-3863bb349770</targetid>
          <targetid>d99a1626-9514-e711-8104-3863bb349770</targetid>
          <targetid>db9a1626-9514-e711-8104-3863bb349770</targetid>
        </targetids>
      </m2mrelationship>
      <m2mrelationship sourceid="7bad83e5-9414-e711-8107-3863bb351d00" targetentityname="tc_brand" targetentitynameidfield="tc_brandid" m2mrelationshipname="tc_touroperator_tc_brand">
        <targetids>
          <targetid>a39a1626-9514-e711-8104-3863bb349770</targetid>
          <targetid>ad9a1626-9514-e711-8104-3863bb349770</targetid>
          <targetid>b19a1626-9514-e711-8104-3863bb349770</targetid>
          <targetid>b99a1626-9514-e711-8104-3863bb349770</targetid>
          <targetid>dd9a1626-9514-e711-8104-3863bb349770</targetid>
          <targetid>df9a1626-9514-e711-8104-3863bb349770</targetid>
          <targetid>e19a1626-9514-e711-8104-3863bb349770</targetid>
          <targetid>e39a1626-9514-e711-8104-3863bb349770</targetid>
          <targetid>e59a1626-9514-e711-8104-3863bb349770</targetid>
          <targetid>e79a1626-9514-e711-8104-3863bb349770</targetid>
          <targetid>e99a1626-9514-e711-8104-3863bb349770</targetid>
          <targetid>eb9a1626-9514-e711-8104-3863bb349770</targetid>
          <targetid>ed9a1626-9514-e711-8104-3863bb349770</targetid>
          <targetid>ef9a1626-9514-e711-8104-3863bb349770</targetid>
        </targetids>
      </m2mrelationship>
      <m2mrelationship sourceid="7dad83e5-9414-e711-8107-3863bb351d00" targetentityname="tc_brand" targetentitynameidfield="tc_brandid" m2mrelationshipname="tc_touroperator_tc_brand">
        <targetids>
          <targetid>f19a1626-9514-e711-8104-3863bb349770</targetid>
        </targetids>
      </m2mrelationship>
      <m2mrelationship sourceid="7fad83e5-9414-e711-8107-3863bb351d00" targetentityname="tc_brand" targetentitynameidfield="tc_brandid" m2mrelationshipname="tc_touroperator_tc_brand">
        <targetids>
          <targetid>a79a1626-9514-e711-8104-3863bb349770</targetid>
          <targetid>ab9a1626-9514-e711-8104-3863bb349770</targetid>
          <targetid>f39a1626-9514-e711-8104-3863bb349770</targetid>
          <targetid>f59a1626-9514-e711-8104-3863bb349770</targetid>
          <targetid>f79a1626-9514-e711-8104-3863bb349770</targetid>
          <targetid>f99a1626-9514-e711-8104-3863bb349770</targetid>
          <targetid>fb9a1626-9514-e711-8104-3863bb349770</targetid>
          <targetid>fd9a1626-9514-e711-8104-3863bb349770</targetid>
        </targetids>
      </m2mrelationship>
      <m2mrelationship sourceid="81ad83e5-9414-e711-8107-3863bb351d00" targetentityname="tc_brand" targetentitynameidfield="tc_brandid" m2mrelationshipname="tc_touroperator_tc_brand">
        <targetids>
          <targetid>979a1626-9514-e711-8104-3863bb349770</targetid>
        </targetids>
      </m2mrelationship>
      <m2mrelationship sourceid="83ad83e5-9414-e711-8107-3863bb351d00" targetentityname="tc_brand" targetentitynameidfield="tc_brandid" m2mrelationshipname="tc_touroperator_tc_brand">
        <targetids>
          <targetid>ff9a1626-9514-e711-8104-3863bb349770</targetid>
        </targetids>
      </m2mrelationship>
      <m2mrelationship sourceid="89ad83e5-9414-e711-8107-3863bb351d00" targetentityname="tc_brand" targetentitynameidfield="tc_brandid" m2mrelationshipname="tc_touroperator_tc_brand">
        <targetids>
          <targetid>8c9a1626-9514-e711-8104-3863bb349770</targetid>
        </targetids>
      </m2mrelationship>
      <m2mrelationship sourceid="8bad83e5-9414-e711-8107-3863bb351d00" targetentityname="tc_brand" targetentitynameidfield="tc_brandid" m2mrelationshipname="tc_touroperator_tc_brand">
        <targetids>
          <targetid>869a1626-9514-e711-8104-3863bb349770</targetid>
          <targetid>019b1626-9514-e711-8104-3863bb349770</targetid>
        </targetids>
      </m2mrelationship>
      <m2mrelationship sourceid="8dad83e5-9414-e711-8107-3863bb351d00" targetentityname="tc_brand" targetentitynameidfield="tc_brandid" m2mrelationshipname="tc_touroperator_tc_brand">
        <targetids>
          <targetid>849a1626-9514-e711-8104-3863bb349770</targetid>
          <targetid>9d9a1626-9514-e711-8104-3863bb349770</targetid>
          <targetid>039b1626-9514-e711-8104-3863bb349770</targetid>
          <targetid>059b1626-9514-e711-8104-3863bb349770</targetid>
        </targetids>
      </m2mrelationship>
      <m2mrelationship sourceid="8fad83e5-9414-e711-8107-3863bb351d00" targetentityname="tc_brand" targetentitynameidfield="tc_brandid" m2mrelationshipname="tc_touroperator_tc_brand">
        <targetids>
          <targetid>a99a1626-9514-e711-8104-3863bb349770</targetid>
        </targetids>
      </m2mrelationship>
      <m2mrelationship sourceid="91ad83e5-9414-e711-8107-3863bb351d00" targetentityname="tc_brand" targetentitynameidfield="tc_brandid" m2mrelationshipname="tc_touroperator_tc_brand">
        <targetids>
          <targetid>079b1626-9514-e711-8104-3863bb349770</targetid>
          <targetid>099b1626-9514-e711-8104-3863bb349770</targetid>
          <targetid>0b9b1626-9514-e711-8104-3863bb349770</targetid>
        </targetids>
      </m2mrelationship>
      <m2mrelationship sourceid="93ad83e5-9414-e711-8107-3863bb351d00" targetentityname="tc_brand" targetentitynameidfield="tc_brandid" m2mrelationshipname="tc_touroperator_tc_brand">
        <targetids>
          <targetid>829a1626-9514-e711-8104-3863bb349770</targetid>
          <targetid>889a1626-9514-e711-8104-3863bb349770</targetid>
          <targetid>8a9a1626-9514-e711-8104-3863bb349770</targetid>
          <targetid>8e9a1626-9514-e711-8104-3863bb349770</targetid>
          <targetid>909a1626-9514-e711-8104-3863bb349770</targetid>
          <targetid>939a1626-9514-e711-8104-3863bb349770</targetid>
          <targetid>959a1626-9514-e711-8104-3863bb349770</targetid>
          <targetid>999a1626-9514-e711-8104-3863bb349770</targetid>
          <targetid>af9a1626-9514-e711-8104-3863bb349770</targetid>
          <targetid>b39a1626-9514-e711-8104-3863bb349770</targetid>
          <targetid>199b1626-9514-e711-8104-3863bb349770</targetid>
          <targetid>e13fb084-3150-e711-8127-e0071b659e11</targetid>
          <targetid>474a238f-3150-e711-8127-e0071b659e11</targetid>
          <targetid>f50a2b99-3150-e711-8127-e0071b659e11</targetid>
          <targetid>91ec2eaa-3150-e711-8127-e0071b659e11</targetid>
        </targetids>
      </m2mrelationship>
      <m2mrelationship sourceid="95ad83e5-9414-e711-8107-3863bb351d00" targetentityname="tc_brand" targetentitynameidfield="tc_brandid" m2mrelationshipname="tc_touroperator_tc_brand">
        <targetids>
          <targetid>0d9b1626-9514-e711-8104-3863bb349770</targetid>
        </targetids>
      </m2mrelationship>
      <m2mrelationship sourceid="97ad83e5-9414-e711-8107-3863bb351d00" targetentityname="tc_brand" targetentitynameidfield="tc_brandid" m2mrelationshipname="tc_touroperator_tc_brand">
        <targetids>
          <targetid>0f9b1626-9514-e711-8104-3863bb349770</targetid>
          <targetid>119b1626-9514-e711-8104-3863bb349770</targetid>
        </targetids>
      </m2mrelationship>
      <m2mrelationship sourceid="99ad83e5-9414-e711-8107-3863bb351d00" targetentityname="tc_brand" targetentitynameidfield="tc_brandid" m2mrelationshipname="tc_touroperator_tc_brand">
        <targetids>
          <targetid>139b1626-9514-e711-8104-3863bb349770</targetid>
          <targetid>159b1626-9514-e711-8104-3863bb349770</targetid>
        </targetids>
      </m2mrelationship>
      <m2mrelationship sourceid="9fad83e5-9414-e711-8107-3863bb351d00" targetentityname="tc_brand" targetentitynameidfield="tc_brandid" m2mrelationshipname="tc_touroperator_tc_brand">
        <targetids>
          <targetid>179b1626-9514-e711-8104-3863bb349770</targetid>
        </targetids>
      </m2mrelationship>
    </m2mrelationships>
  </entity>
</entities>