<ImportExportXml version="8.2.0000.0792" SolutionPackageVersion="8.2" languagecode="1033" generatedBy="CrmLive" xmlns:xsi="http://www.w3.org/2001/XMLSchema-instance">
  <SolutionManifest>
    <UniqueName>ThomasCook</UniqueName>
    <LocalizedNames>
      <LocalizedName description="Thomas Cook" languagecode="1033" />
    </LocalizedNames>
    <Descriptions>
      <Description description="Version control&#xA;&#xA;1.0.0.x" languagecode="1033" />
    </Descriptions>
    <Version>1.0.0.35</Version>
    <Managed>0</Managed>
    <Publisher>
      <UniqueName>thomascook</UniqueName>
      <LocalizedNames>
        <LocalizedName description="Thomas Cook" languagecode="1033" />
      </LocalizedNames>
      <Descriptions />
      <EMailAddress xsi:nil="true"></EMailAddress>
      <SupportingWebsiteUrl xsi:nil="true"></SupportingWebsiteUrl>
      <CustomizationPrefix>tc</CustomizationPrefix>
      <CustomizationOptionValuePrefix>95000</CustomizationOptionValuePrefix>
      <Addresses>
        <Address>
          <AddressNumber>1</AddressNumber>
          <AddressTypeCode>1</AddressTypeCode>
          <City>Egham</City>
          <County xsi:nil="true"></County>
          <Country>United Kingdom</Country>
          <Fax xsi:nil="true"></Fax>
          <FreightTermsCode xsi:nil="true"></FreightTermsCode>
          <ImportSequenceNumber xsi:nil="true"></ImportSequenceNumber>
          <Latitude xsi:nil="true"></Latitude>
          <Line1>Axon House</Line1>
          <Line2 xsi:nil="true"></Line2>
          <Line3 xsi:nil="true"></Line3>
          <Longitude xsi:nil="true"></Longitude>
          <Name xsi:nil="true"></Name>
          <PostalCode>TW20</PostalCode>
          <PostOfficeBox xsi:nil="true"></PostOfficeBox>
          <PrimaryContactName xsi:nil="true"></PrimaryContactName>
          <ShippingMethodCode>1</ShippingMethodCode>
          <StateOrProvince>Surrey</StateOrProvince>
          <Telephone1 xsi:nil="true"></Telephone1>
          <Telephone2 xsi:nil="true"></Telephone2>
          <Telephone3 xsi:nil="true"></Telephone3>
          <TimeZoneRuleVersionNumber xsi:nil="true"></TimeZoneRuleVersionNumber>
          <UPSZone xsi:nil="true"></UPSZone>
          <UTCOffset xsi:nil="true"></UTCOffset>
          <UTCConversionTimeZoneCode xsi:nil="true"></UTCConversionTimeZoneCode>
        </Address>
        <Address>
          <AddressNumber>2</AddressNumber>
          <AddressTypeCode>1</AddressTypeCode>
          <City xsi:nil="true"></City>
          <County xsi:nil="true"></County>
          <Country xsi:nil="true"></Country>
          <Fax xsi:nil="true"></Fax>
          <FreightTermsCode xsi:nil="true"></FreightTermsCode>
          <ImportSequenceNumber xsi:nil="true"></ImportSequenceNumber>
          <Latitude xsi:nil="true"></Latitude>
          <Line1 xsi:nil="true"></Line1>
          <Line2 xsi:nil="true"></Line2>
          <Line3 xsi:nil="true"></Line3>
          <Longitude xsi:nil="true"></Longitude>
          <Name xsi:nil="true"></Name>
          <PostalCode xsi:nil="true"></PostalCode>
          <PostOfficeBox xsi:nil="true"></PostOfficeBox>
          <PrimaryContactName xsi:nil="true"></PrimaryContactName>
          <ShippingMethodCode>1</ShippingMethodCode>
          <StateOrProvince xsi:nil="true"></StateOrProvince>
          <Telephone1 xsi:nil="true"></Telephone1>
          <Telephone2 xsi:nil="true"></Telephone2>
          <Telephone3 xsi:nil="true"></Telephone3>
          <TimeZoneRuleVersionNumber xsi:nil="true"></TimeZoneRuleVersionNumber>
          <UPSZone xsi:nil="true"></UPSZone>
          <UTCOffset xsi:nil="true"></UTCOffset>
          <UTCConversionTimeZoneCode xsi:nil="true"></UTCConversionTimeZoneCode>
        </Address>
      </Addresses>
    </Publisher>
    <RootComponents>
      <RootComponent type="1" schemaName="account" behavior="0" />
      <RootComponent type="1" schemaName="activitymimeattachment" behavior="0" />
      <RootComponent type="1" schemaName="annotation" behavior="0" />
      <RootComponent type="1" schemaName="category" behavior="1" />
      <RootComponent type="1" schemaName="competitor" behavior="1" />
      <RootComponent type="1" schemaName="contact" behavior="0" />
      <RootComponent type="1" schemaName="email" behavior="1" />
      <RootComponent type="1" schemaName="incident" behavior="0" />
      <RootComponent type="1" schemaName="invoice" behavior="1" />
      <RootComponent type="1" schemaName="lead" behavior="1" />
      <RootComponent type="1" schemaName="opportunity" behavior="1" />
      <RootComponent type="1" schemaName="product" behavior="1" />
      <RootComponent type="1" schemaName="quote" behavior="1" />
      <RootComponent type="1" schemaName="salesorder" behavior="1" />
      <RootComponent type="1" schemaName="slakpiinstance" behavior="0" />
      <RootComponent type="1" schemaName="socialprofile" behavior="1" />
      <RootComponent type="1" schemaName="systemuser" behavior="0" />
      <RootComponent type="1" schemaName="tc_booking" behavior="0" />
      <RootComponent type="1" schemaName="tc_bookingaccommodation" behavior="0" />
      <RootComponent type="1" schemaName="tc_bookingextraservice" behavior="0" />
      <RootComponent type="1" schemaName="tc_bookingtransfer" behavior="0" />
      <RootComponent type="1" schemaName="tc_bookingtransport" behavior="0" />
      <RootComponent type="1" schemaName="tc_brand" behavior="0" />
      <RootComponent type="1" schemaName="tc_casecategory" behavior="0" />
      <RootComponent type="1" schemaName="tc_caseflow" behavior="0" />
      <RootComponent type="1" schemaName="tc_caseline" behavior="0" />
      <RootComponent type="1" schemaName="tc_casetype" behavior="0" />
      <RootComponent type="1" schemaName="tc_compensation" behavior="0" />
      <RootComponent type="1" schemaName="tc_compensationline" behavior="0" />
      <RootComponent type="1" schemaName="tc_country" behavior="0" />
      <RootComponent type="1" schemaName="tc_customerbookingrole" behavior="0" />
      <RootComponent type="1" schemaName="tc_gateway" behavior="0" />
      <RootComponent type="1" schemaName="tc_hotel" behavior="0" />
      <RootComponent type="1" schemaName="tc_hotelpromises" behavior="0" />
      <RootComponent type="1" schemaName="tc_location" behavior="0" />
      <RootComponent type="1" schemaName="tc_locationoffice" behavior="0" />
      <RootComponent type="1" schemaName="tc_region" behavior="0" />
      <RootComponent type="1" schemaName="tc_touroperator" behavior="0" />
      <RootComponent type="1" schemaName="team" behavior="1" />
      <RootComponent type="1" schemaName="transactioncurrency" behavior="1" />
      <RootComponent type="9" schemaName="tc_24hourpromise" behavior="0" />
      <RootComponent type="9" schemaName="tc_bacsaccountnumberowner" behavior="0" />
      <RootComponent type="9" schemaName="tc_bacsaccounttype" behavior="0" />
      <RootComponent type="9" schemaName="tc_boardtype" behavior="0" />
      <RootComponent type="9" schemaName="tc_bookingservicetype" behavior="0" />
      <RootComponent type="9" schemaName="tc_casetype" behavior="0" />
      <RootComponent type="9" schemaName="tc_cashcurrencies" behavior="0" />
      <RootComponent type="9" schemaName="tc_comebackreason" behavior="0" />
      <RootComponent type="9" schemaName="tc_comebackresult" behavior="0" />
      <RootComponent type="9" schemaName="tc_compensationcostcover" behavior="0" />
      <RootComponent type="9" schemaName="tc_countries" behavior="0" />
      <RootComponent type="9" schemaName="tc_customerbookingrole" behavior="0" />
      <RootComponent type="9" schemaName="tc_customersegment" behavior="0" />
      <RootComponent type="9" schemaName="tc_emailaddresstype" behavior="0" />
      <RootComponent type="9" schemaName="tc_gender" behavior="0" />
      <RootComponent type="9" schemaName="tc_hotelcategory" behavior="0" />
      <RootComponent type="9" schemaName="tc_hotelpromisetype" behavior="0" />
      <RootComponent type="9" schemaName="tc_languages" behavior="0" />
      <RootComponent type="9" schemaName="tc_methodofcommunication" behavior="0" />
      <RootComponent type="9" schemaName="tc_nonfinancialcompensationsubtype" behavior="0" />
      <RootComponent type="9" schemaName="tc_remarktype" behavior="0" />
      <RootComponent type="9" schemaName="tc_salutation" behavior="0" />
      <RootComponent type="9" schemaName="tc_servicetype" behavior="0" />
      <RootComponent type="9" schemaName="tc_telephonetype" behavior="0" />
      <RootComponent type="9" schemaName="tc_transfertype" behavior="0" />
      <RootComponent type="9" schemaName="tc_yesno" behavior="0" />
      <RootComponent type="20" id="{1fc1d43b-f9f8-e611-8107-3863bb34fb48}" behavior="0" />
      <RootComponent type="20" id="{2eef0323-f9f8-e611-8107-3863bb34fb48}" behavior="0" />
      <RootComponent type="20" id="{5c0f71f4-f9f8-e611-8107-3863bb34fb48}" behavior="0" />
      <RootComponent type="20" id="{6bdb42af-86fa-e611-8100-3863bb354ff0}" behavior="0" />
      <RootComponent type="20" id="{6fd27bee-defc-e611-8108-3863bb34fb48}" behavior="0" />
      <RootComponent type="20" id="{808ffa91-f8f8-e611-8107-3863bb34fb48}" behavior="0" />
      <RootComponent type="20" id="{834ba58b-f8f8-e611-8107-3863bb34fb48}" behavior="0" />
      <RootComponent type="20" id="{a2518d2f-f9f8-e611-8107-3863bb34fb48}" behavior="0" />
      <RootComponent type="20" id="{a65769fa-f9f8-e611-8107-3863bb34fb48}" behavior="0" />
      <RootComponent type="20" id="{a87c699e-f8f8-e611-8107-3863bb34fb48}" behavior="0" />
      <RootComponent type="20" id="{d14317c4-18f8-e611-80ff-3863bb354ff0}" behavior="0" />
      <RootComponent type="20" id="{e478dc35-f9f8-e611-8107-3863bb34fb48}" behavior="0" />
      <RootComponent type="20" id="{ef5563ee-f9f8-e611-8107-3863bb34fb48}" behavior="0" />
      <RootComponent type="20" id="{f21e987f-f8f8-e611-8107-3863bb34fb48}" behavior="0" />
      <RootComponent type="20" id="{f6627159-76fa-e611-8108-3863bb34fb48}" behavior="0" />
      <RootComponent type="20" id="{f9c784c3-f9f8-e611-8107-3863bb34fb48}" behavior="0" />
      <RootComponent type="29" id="{02716d34-92a4-45ab-8b4a-272d2c3d5795}" behavior="0" />
      <RootComponent type="29" id="{06570f2d-e7fc-e611-8108-3863bb340dd8}" behavior="0" />
      <RootComponent type="29" id="{0685119b-1144-4e16-aafc-4ac62fa8d32f}" behavior="0" />
      <RootComponent type="29" id="{0abc2df7-6156-4314-bda5-97702499febc}" behavior="0" />
      <RootComponent type="29" id="{0f86ac3b-b2fd-e611-8100-3863bb354ff0}" behavior="0" />
      <RootComponent type="29" id="{12ea1b1d-8cfa-e611-8108-3863bb340dd8}" behavior="0" />
      <RootComponent type="29" id="{1c936574-a9fa-e611-8108-3863bb340dd8}" behavior="0" />
      <RootComponent type="29" id="{23fc4d98-82e4-e611-8109-1458d041f8e8}" behavior="0" />
      <RootComponent type="29" id="{2d806fdf-99fe-e611-810c-1458d041f8e8}" behavior="0" />
      <RootComponent type="29" id="{3b124525-a029-491a-9aee-9ede20378200}" behavior="0" />
      <RootComponent type="29" id="{433a41ef-d879-407d-8387-e3bf5bd54b8d}" behavior="0" />
      <RootComponent type="29" id="{43840855-dcfd-e611-8100-3863bb354ff0}" behavior="0" />
      <RootComponent type="29" id="{46eea6c9-17dd-4172-af9f-061dd5b32211}" behavior="0" />
      <RootComponent type="29" id="{47fe5461-a4fa-e611-8108-3863bb340dd8}" behavior="0" />
      <RootComponent type="29" id="{5001b066-8cfa-e611-8108-3863bb340dd8}" behavior="0" />
      <RootComponent type="29" id="{5e7ef0bd-dbfd-e611-8100-3863bb354ff0}" behavior="0" />
      <RootComponent type="29" id="{5f4d9486-a7fa-e611-8108-3863bb340dd8}" behavior="0" />
      <RootComponent type="29" id="{6122109e-c337-458f-a337-d9f1b84d4402}" behavior="0" />
      <RootComponent type="29" id="{65d69e6d-4700-e711-8108-3863bb34fb48}" behavior="0" />
      <RootComponent type="29" id="{6a7ac9d1-9778-4067-8754-5f66b0f29bf7}" behavior="0" />
      <RootComponent type="29" id="{6c996694-498b-4030-81fa-3f6d741dbbc0}" behavior="0" />
      <RootComponent type="29" id="{7131c8d4-584e-4200-95fd-7932bff3699e}" behavior="0" />
      <RootComponent type="29" id="{74cab45f-4700-e711-8108-3863bb34fb48}" behavior="0" />
      <RootComponent type="29" id="{75ae6fcf-e5f8-e611-810b-1458d041f8e8}" behavior="0" />
      <RootComponent type="29" id="{79fb3128-a0fd-e611-8100-3863bb354ff0}" behavior="0" />
      <RootComponent type="29" id="{7b10c326-807c-4f01-a3d0-4264dec1f418}" behavior="0" />
      <RootComponent type="29" id="{7bf73d13-8bfa-e611-8108-3863bb340dd8}" behavior="0" />
      <RootComponent type="29" id="{8c84028a-b2fd-e611-8100-3863bb354ff0}" behavior="0" />
      <RootComponent type="29" id="{8f8d262f-cd8c-4229-8850-829197fb05fc}" behavior="0" />
      <RootComponent type="29" id="{918ef2bb-a6fa-e611-8108-3863bb340dd8}" behavior="0" />
      <RootComponent type="29" id="{95f2a4d8-2800-e711-8108-3863bb340dd8}" behavior="0" />
      <RootComponent type="29" id="{9a6527b8-defc-e611-8108-3863bb340dd8}" behavior="0" />
      <RootComponent type="29" id="{a2c3456b-3fff-e611-810c-1458d041f8e8}" behavior="0" />
      <RootComponent type="29" id="{a68f4c83-c569-4834-b9a1-abf1c452d5ce}" behavior="0" />
      <RootComponent type="29" id="{b7513a55-42ff-e611-810c-1458d041f8e8}" behavior="0" />
      <RootComponent type="29" id="{bdbb4930-3a00-e711-8108-3863bb340dd8}" behavior="0" />
      <RootComponent type="29" id="{cc56eb5b-edf8-e611-810b-1458d041f8e8}" behavior="0" />
      <RootComponent type="29" id="{d67ee786-9bfd-e611-810c-1458d041f8e8}" behavior="0" />
      <RootComponent type="29" id="{d96dbcb4-278f-4cd3-ae45-1ec316fd0a28}" behavior="0" />
      <RootComponent type="29" id="{d9ac0d49-ed7a-4b99-b518-6f51df34b0d1}" behavior="0" />
      <RootComponent type="29" id="{db3240e8-b5fd-e611-8100-3863bb354ff0}" behavior="0" />
      <RootComponent type="29" id="{ddbbc1b9-2203-4cc1-a65e-f48c7a57120f}" behavior="0" />
      <RootComponent type="29" id="{dfb1b8e3-b0fa-e611-8108-3863bb340dd8}" behavior="0" />
      <RootComponent type="29" id="{e42625cf-bd82-4b04-b3be-ba5d6454fa79}" behavior="0" />
      <RootComponent type="29" id="{e456c8d1-4b6e-4d1f-b746-520f32a4cfc9}" behavior="0" />
      <RootComponent type="29" id="{e64bda7f-a5fa-e611-8108-3863bb340dd8}" behavior="0" />
      <RootComponent type="29" id="{e656ed68-4352-4d91-8590-ba9e5312ea4c}" behavior="0" />
      <RootComponent type="29" id="{eb6a3cae-9a0a-4a05-9a09-40433863b431}" behavior="0" />
      <RootComponent type="29" id="{fcae3925-e201-e711-8101-3863bb354ff0}" behavior="0" />
      <RootComponent type="29" id="{feb64858-65f3-e611-8107-3863bb34fb48}" behavior="0" />
      <RootComponent type="36" id="{7d164ca4-73f7-e611-80ff-3863bb354ff0}" behavior="0" />
      <RootComponent type="60" id="{0619ad6c-95d6-462f-ac3d-d27eac8a4840}" behavior="0" />
      <RootComponent type="60" id="{0d1e47ff-12b2-4f53-9090-bee951b98cb4}" />
      <RootComponent type="60" id="{0ea91742-bb28-430a-b92e-076f181381b7}" behavior="0" />
      <RootComponent type="60" id="{15915835-b87c-49ec-9ffc-bfac3ac44ef1}" behavior="0" />
      <RootComponent type="60" id="{187197f1-ab1d-44e2-a2bb-e93bef4aed66}" behavior="0" />
      <RootComponent type="60" id="{1c5b35af-5f0d-4e31-a5cd-25c149792427}" behavior="0" />
      <RootComponent type="60" id="{1f849572-4d3f-42a5-b8ae-b8bf0b32b4a2}" behavior="0" />
      <RootComponent type="60" id="{1fed44d1-ae68-4a41-bd2b-f13acac4acfa}" behavior="0" />
      <RootComponent type="60" id="{238fe671-b59d-4fcc-84fd-6949db6c2dfa}" behavior="0" />
      <RootComponent type="60" id="{27216331-e27b-4216-b50f-628419db3d32}" behavior="0" />
      <RootComponent type="60" id="{2852c805-2e64-49d7-ab12-52333121efe4}" behavior="0" />
      <RootComponent type="60" id="{2b36a508-65da-402c-a5f7-30e76f7ec778}" behavior="0" />
      <RootComponent type="60" id="{3a0b2969-21c0-49c7-8590-43bd0688145d}" behavior="0" />
      <RootComponent type="60" id="{47795f41-6ce9-49e0-8a7c-59b0d0e3b80c}" behavior="0" />
      <RootComponent type="60" id="{4a63c8d1-6c1e-48ec-9db4-3e6c7155334c}" behavior="0" />
      <RootComponent type="60" id="{4a7b0d08-760e-4b3c-999e-9b7bae357d70}" behavior="0" />
      <RootComponent type="60" id="{4c868c6d-2fff-e611-8108-3863bb34fb48}" behavior="0" />
      <RootComponent type="60" id="{4ed5377d-04f0-4ea9-8a33-d479f6ac795a}" behavior="0" />
      <RootComponent type="60" id="{4f469c79-25cb-41e6-8cf3-6c4d65800986}" behavior="0" />
      <RootComponent type="60" id="{55ec3a33-a81a-43c7-b356-06b455cafa84}" behavior="0" />
      <RootComponent type="60" id="{5998bdf9-b8aa-416c-9d3e-7b7bcd3390d7}" behavior="0" />
      <RootComponent type="60" id="{5f79e89a-ba4c-4b24-b4b5-4349f414faf9}" behavior="0" />
      <RootComponent type="60" id="{61a21ee4-7943-4d00-8a41-42097c88e110}" behavior="0" />
      <RootComponent type="60" id="{661157fe-2fc9-4eaa-835f-5bfa2f7b64f7}" behavior="0" />
      <RootComponent type="60" id="{6a59d3e6-ce8b-4d2f-8019-5ec48a74b241}" behavior="0" />
      <RootComponent type="60" id="{704332b7-6387-4d8f-b6bd-4ff369824e8c}" behavior="0" />
      <RootComponent type="60" id="{707fc57b-c5e6-471b-a180-e37ed28a38e2}" behavior="0" />
      <RootComponent type="60" id="{70ad8b15-e3f3-4d7d-9e4b-16cb4e51b484}" behavior="0" />
      <RootComponent type="60" id="{72b3222f-1cc4-4cd0-8855-079161cc5340}" behavior="0" />
      <RootComponent type="60" id="{73b30fee-9928-4f19-abbe-48911d95ef04}" behavior="0" />
      <RootComponent type="60" id="{7ba7fac1-1418-4335-935f-f7f8dfd73fcc}" />
      <RootComponent type="60" id="{81497873-7e70-4d2e-81fd-7a99b4a791bb}" behavior="0" />
      <RootComponent type="60" id="{814ce71e-6be2-4470-99bd-399aca0c5994}" behavior="0" />
      <RootComponent type="60" id="{8448b78f-8f42-454e-8e2a-f8196b0419af}" behavior="0" />
      <RootComponent type="60" id="{84de63cd-e724-483d-be24-57064d3d1e89}" behavior="0" />
      <RootComponent type="60" id="{88599263-c11e-4c33-bf9d-a46fcee7595b}" behavior="0" />
      <RootComponent type="60" id="{8a500bd5-5230-48f1-af4e-7e72f77a7fa0}" behavior="0" />
      <RootComponent type="60" id="{8e10b902-0b3e-441c-8b12-88e6c1793848}" behavior="0" />
      <RootComponent type="60" id="{915f6055-2e07-4276-ae08-2b96c8d02c57}" behavior="0" />
      <RootComponent type="60" id="{9aca58e8-6630-461f-8d7d-6bf1d43d6676}" behavior="0" />
      <RootComponent type="60" id="{9d0bc1e4-713f-42e6-a107-9e662730f9e7}" behavior="0" />
      <RootComponent type="60" id="{b028db32-3619-48a5-ac51-cf3f947b0ef3}" behavior="0" />
      <RootComponent type="60" id="{bc3f9e9d-3021-4fde-b424-37bd3ac1cc88}" behavior="0" />
      <RootComponent type="60" id="{c49ccb7d-ed78-401c-8797-d8719e678f49}" behavior="0" />
      <RootComponent type="60" id="{c4bc3e8c-71a3-41f6-9a2a-5a4f147d92e8}" behavior="0" />
      <RootComponent type="60" id="{c52c7230-0cab-4de5-a996-80af7b36a33e}" behavior="0" />
      <RootComponent type="60" id="{c555bc66-715c-483d-a0dd-ef3806dcbc06}" behavior="0" />
      <RootComponent type="60" id="{c6615f56-67b7-413b-b238-2a7005cea726}" behavior="0" />
      <RootComponent type="60" id="{ca8dfced-338c-43b2-b212-83745e257c28}" />
      <RootComponent type="60" id="{d1e9fb5f-c4b3-4cd5-bda3-16f664c7b4e7}" behavior="0" />
      <RootComponent type="60" id="{d4b6ee17-768c-4e93-8276-eef3140a8d02}" behavior="0" />
      <RootComponent type="60" id="{dc9bae21-7ec6-4ef4-8483-e9090c14e1f6}" behavior="0" />
      <RootComponent type="60" id="{de9e32bd-1a1d-48e6-9c18-0fb705453a13}" behavior="0" />
      <RootComponent type="60" id="{e5f3114d-0bc1-4f30-a88c-85f890a39afe}" behavior="0" />
      <RootComponent type="60" id="{e6fa6e79-4b6a-4b08-916f-5cf1ba40fd8c}" behavior="0" />
      <RootComponent type="60" id="{eb3748b8-5f90-4050-a039-8b7d279ad8fe}" behavior="0" />
      <RootComponent type="60" id="{ec641943-514b-4cd4-b965-cb4c61c6d40c}" behavior="0" />
      <RootComponent type="60" id="{ed92b7e8-4e36-458a-9a89-273ddf68f03e}" behavior="0" />
      <RootComponent type="60" id="{efd07c8e-c7b7-44d2-885c-7862747ff7b0}" behavior="0" />
      <RootComponent type="60" id="{f2b8a98b-7418-4821-9066-ce182141887d}" behavior="0" />
      <RootComponent type="60" id="{fdd6d28a-6a67-4bf3-802c-37eb1a472ae2}" />
      <RootComponent type="60" id="{ff46e7c1-edf6-4368-9e77-c121bd15f2b2}" behavior="0" />
      <RootComponent type="61" schemaName="popat_/PowerAttachmentsHTML" behavior="0" />
      <RootComponent type="61" schemaName="tc_BookingAccommodationIcon16" behavior="0" />
      <RootComponent type="61" schemaName="tc_BookingAccommodationIcon32" behavior="0" />
      <RootComponent type="61" schemaName="tc_BookingExtraService16" behavior="0" />
      <RootComponent type="61" schemaName="tc_BookingExtraService32" behavior="0" />
      <RootComponent type="61" schemaName="tc_BookingIcon16" behavior="0" />
      <RootComponent type="61" schemaName="tc_BookingIcon32" behavior="0" />
      <RootComponent type="61" schemaName="tc_BookingTransferIcon16" behavior="0" />
      <RootComponent type="61" schemaName="tc_BookingTransferIcon32" behavior="0" />
      <RootComponent type="61" schemaName="tc_BookingTransportAeroplaneIcon16" behavior="0" />
      <RootComponent type="61" schemaName="tc_BookingTransportAeroplaneIcon32" behavior="0" />
      <RootComponent type="61" schemaName="tc_BrandIcon16" behavior="0" />
      <RootComponent type="61" schemaName="tc_BrandIcon32" behavior="0" />
      <RootComponent type="61" schemaName="tc_CaseCategoryIcon16" behavior="0" />
      <RootComponent type="61" schemaName="tc_CaseCategoryIcon32" behavior="0" />
      <RootComponent type="61" schemaName="tc_CaseFlow16" behavior="0" />
      <RootComponent type="61" schemaName="tc_CaseFlow32" behavior="0" />
      <RootComponent type="61" schemaName="tc_CaseLineIcon16" behavior="0" />
      <RootComponent type="61" schemaName="tc_CaseLineIcon32" behavior="0" />
      <RootComponent type="61" schemaName="tc_CaseTypes16" behavior="0" />
      <RootComponent type="61" schemaName="tc_CaseTypes32" behavior="0" />
      <RootComponent type="61" schemaName="tc_CompensationIcon16" behavior="0" />
      <RootComponent type="61" schemaName="tc_CompensationIcon32" behavior="0" />
      <RootComponent type="61" schemaName="tc_CompensationLineIcon16" behavior="0" />
      <RootComponent type="61" schemaName="tc_CompensationLineIcon32" behavior="0" />
      <RootComponent type="61" schemaName="tc_ConnectedAppIcon" behavior="0" />
      <RootComponent type="61" schemaName="tc_CountryWorldIcon16" behavior="0" />
      <RootComponent type="61" schemaName="tc_CountryWorldIcon32" behavior="0" />
      <RootComponent type="61" schemaName="tc_CustomerBookingRole16" behavior="0" />
      <RootComponent type="61" schemaName="tc_CustomerBookingRole32" behavior="0" />
      <RootComponent type="61" schemaName="tc_CustomerKPIChartIcon16" behavior="0" />
      <RootComponent type="61" schemaName="tc_CustomerKPIChartIcon32" behavior="0" />
      <RootComponent type="61" schemaName="tc_GatewayGateIcon16" behavior="0" />
      <RootComponent type="61" schemaName="tc_GatewayGateIcon32" behavior="0" />
      <RootComponent type="61" schemaName="tc_HotelIcon16" behavior="0" />
      <RootComponent type="61" schemaName="tc_HotelIcon32" behavior="0" />
      <RootComponent type="61" schemaName="tc_HotelPromiseIcon16" behavior="0" />
      <RootComponent type="61" schemaName="tc_HotelPromiseIcon32" behavior="0" />
      <RootComponent type="61" schemaName="tc_LocationOfficeIcon16" behavior="0" />
      <RootComponent type="61" schemaName="tc_LocationOfficeIcon32" behavior="0" />
      <RootComponent type="61" schemaName="tc_LocationPyramidIcon16" behavior="0" />
      <RootComponent type="61" schemaName="tc_LocationPyramidIcon32" behavior="0" />
      <RootComponent type="61" schemaName="tc_ParticipantIcon16" behavior="0" />
      <RootComponent type="61" schemaName="tc_ParticipantIcon32" behavior="0" />
      <RootComponent type="61" schemaName="tc_RegionIcon16" behavior="0" />
      <RootComponent type="61" schemaName="tc_RegionIcon32" behavior="0" />
      <RootComponent type="61" schemaName="tc_Remark16" behavior="0" />
      <RootComponent type="61" schemaName="tc_Remark32" behavior="0" />
      <RootComponent type="61" schemaName="tc_SiteMapDataArea32x32" behavior="0" />
      <RootComponent type="61" schemaName="tc_Tc.Crm.Scripts.Events.Email.js" behavior="0" />
      <RootComponent type="61" schemaName="tc_ThomasCookStripLogoDevelopment" behavior="0" />
      <RootComponent type="61" schemaName="tc_ThomasCookStripLogoProduction" behavior="0" />
      <RootComponent type="61" schemaName="tc_ThomasCookStripLogoSIT" behavior="0" />
      <RootComponent type="61" schemaName="tc_ThomasCookStripLogoTraining" behavior="0" />
      <RootComponent type="61" schemaName="tc_ThomasCookStripLogoUAT" behavior="0" />
      <RootComponent type="61" schemaName="tc_TourOperatorIcon16" behavior="0" />
      <RootComponent type="61" schemaName="tc_TourOperatorIcon32" behavior="0" />
      <RootComponent type="62" behavior="0" />
      <RootComponent type="91" schemaName="Tc.Crm.CustomWorkflowSteps, Version=1.0.0.0, Culture=neutral, PublicKeyToken=3101817c1108e849" behavior="0" />
      <RootComponent type="152" id="{af5613b0-e6f8-e611-810b-1458d041f8e8}" behavior="0" />
      <RootComponent type="161" id="{c7087acd-b0ef-e611-8106-3863bb340dd8}" behavior="0" />
    </RootComponents>
    <MissingDependencies>
      <MissingDependency>
        <Required key="0" type="1" schemaName="msdyn_wallsavedqueryusersettings" displayName="Filter" solution="ActivityFeedsCore (8.2.0.0)" />
        <Dependent key="1" type="1" schemaName="systemuser" displayName="User" />
      </MissingDependency>
      <MissingDependency>
        <Required key="2" type="1" schemaName="msdyn_postconfig" displayName="Post Configuration" solution="ActivityFeedsCore (8.2.0.0)" />
        <Dependent key="3" type="62" />
      </MissingDependency>
      <MissingDependency>
        <Required key="4" type="1" schemaName="msdyn_postruleconfig" displayName="Post Rule Configuration" solution="ActivityFeedsCore (8.2.0.0)" />
        <Dependent key="3" type="62" />
      </MissingDependency>
      <MissingDependency>
        <Required key="5" type="61" schemaName="msdyn_/PersonalWall.htm" displayName="msdyn_/PersonalWall.htm" solution="ActivityFeedsCore (8.2.0.0)" />
        <Dependent key="3" type="62" />
      </MissingDependency>
      <MissingDependency>
        <Required key="6" type="61" schemaName="msdyn_/Images/Wall_16.png" displayName="msdyn_/Images/Wall_16.png" solution="ActivityFeedsCore (8.2.0.0)" />
        <Dependent key="3" type="62" />
      </MissingDependency>
      <MissingDependency>
        <Required key="7" type="61" schemaName="popat_/PowerAttachmentsHTML" displayName="popat_/PowerAttachmentsHTML" solution="PowerAttachment (1.2.2.2013)" />
        <Dependent key="7" type="61" schemaName="popat_/PowerAttachmentsHTML" displayName="popat_/PowerAttachmentsHTML" />
      </MissingDependency>
    </MissingDependencies>
  </SolutionManifest>
</ImportExportXml>