<Components xmlns:xsd="http://www.w3.org/2001/XMLSchema" xmlns:xsi="http://www.w3.org/2001/XMLSchema-instance" xmlns="http://schemas.microsoft.com/crm/2009/"><Component><Id>a6e2b2f2-2cba-e511-80d6-00155dcfc14d</Id><Name>Site Map</Name><ComponentType>62</ComponentType><TypeName /><Action>Edit</Action><Comments><Comment>Edited to remove the required components with higher version</Comment><Comment>The Sitemap SubArea nav_syncerror hasn't been added to the solution because it contains components , which won't work in earlier versions of CRM.</Comment><Comment>The Sitemap SubArea nav_relationshipIntelligence hasn't been added to the solution because it contains components , which won't work in earlier versions of CRM.</Comment></Comments></Component><Component><Id>1f02ae7c-8a3c-e611-80e1-00155dcfc041</Id><Name>Last SLA applied</Name><ComponentType>2</ComponentType><TypeName>Attribute</TypeName><ParentEntity>SMS Message</ParentEntity><Action>Remove</Action><Comments><Comment>The Attribute Last SLA applied hasn't been added to the solution because it's a new Attribute, or it contains components that won't work in earlier versions of CRM. 
    </Comment></Comments></Component><Component><Id>22fbe3bb-c9e3-e611-80eb-00155dcfc041</Id><Name>Exchange WebLink</Name><ComponentType>2</ComponentType><TypeName>Attribute</TypeName><ParentEntity>SMS Message</ParentEntity><Action>Remove</Action><Comments><Comment>The Attribute Exchange WebLink hasn't been added to the solution because it's a new Attribute, or it contains components that won't work in earlier versions of CRM. 
    </Comment></Comments></Component><Component><Id>1e02ae7c-8a3c-e611-80e1-00155dcfc041</Id><Name>SLA</Name><ComponentType>2</ComponentType><TypeName>Attribute</TypeName><ParentEntity>SMS Message</ParentEntity><Action>Remove</Action><Comments><Comment>The Attribute SLA hasn't been added to the solution because it's a new Attribute, or it contains components that won't work in earlier versions of CRM. 
    </Comment></Comments></Component><Component><Id>1c02ae7c-8a3c-e611-80e1-00155dcfc041</Id><Name>Last On Hold Time</Name><ComponentType>2</ComponentType><TypeName>Attribute</TypeName><ParentEntity>SMS Message</ParentEntity><Action>Remove</Action><Comments><Comment>The Attribute Last On Hold Time hasn't been added to the solution because it's a new Attribute, or it contains components that won't work in earlier versions of CRM. 
    </Comment></Comments></Component><Component><Id>23fbe3bb-c9e3-e611-80eb-00155dcfc041</Id><Name>Sort Date</Name><ComponentType>2</ComponentType><TypeName>Attribute</TypeName><ParentEntity>SMS Message</ParentEntity><Action>Remove</Action><Comments><Comment>The Attribute Sort Date hasn't been added to the solution because it's a new Attribute, or it contains components that won't work in earlier versions of CRM. 
    </Comment></Comments></Component><Component><Id>21fbe3bb-c9e3-e611-80eb-00155dcfc041</Id><Name>Exchange Item ID</Name><ComponentType>2</ComponentType><TypeName>Attribute</TypeName><ParentEntity>SMS Message</ParentEntity><Action>Remove</Action><Comments><Comment>The Attribute Exchange Item ID hasn't been added to the solution because it's a new Attribute, or it contains components that won't work in earlier versions of CRM. 
    </Comment></Comments></Component><Component><Id>1d02ae7c-8a3c-e611-80e1-00155dcfc041</Id><Name>On Hold Time (Minutes)</Name><ComponentType>2</ComponentType><TypeName>Attribute</TypeName><ParentEntity>SMS Message</ParentEntity><Action>Remove</Action><Comments><Comment>The Attribute On Hold Time (Minutes) hasn't been added to the solution because it's a new Attribute, or it contains components that won't work in earlier versions of CRM. 
    </Comment></Comments></Component><Component><Id>2d02ae7c-8a3c-e611-80e1-00155dcfc041</Id><Name>posms_smsmessage_sla_slaid</Name><ComponentType>10</ComponentType><TypeName>EntityRelationship</TypeName><ParentEntity>SLA</ParentEntity><Action>Remove</Action><Comments><Comment>The EntityRelationship posms_smsmessage_sla_slaid hasn't been added to the solution because it contains at least one DependencyFeature that won't work in earlier versions of CRM. 
    </Comment></Comments></Component><Component><Id>2e02ae7c-8a3c-e611-80e1-00155dcfc041</Id><Name>posms_smsmessage_sla_slainvokedid</Name><ComponentType>10</ComponentType><TypeName>EntityRelationship</TypeName><ParentEntity>SLA</ParentEntity><Action>Remove</Action><Comments><Comment>The EntityRelationship posms_smsmessage_sla_slainvokedid hasn't been added to the solution because it contains at least one DependencyFeature that won't work in earlier versions of CRM. 
    </Comment></Comments></Component></Components>