<ImportExportXml version="8.2.0000.0749" SolutionPackageVersion="8.0" languagecode="1033" generatedBy="OnPremise" xmlns:xsi="http://www.w3.org/2001/XMLSchema-instance">
  <SolutionManifest>
    <UniqueName>PowerSMS</UniqueName>
    <LocalizedNames>
      <LocalizedName description="Power SMS" languagecode="1033" />
    </LocalizedNames>
    <Descriptions>
      <Description description="PowerSMS is an add-on provided by PowerObjects that allows CRM users to send SMS messages out of Microsoft Dynamics CRM." languagecode="1033" />
    </Descriptions>
    <Version>2.2.4.2016</Version>
    <Managed>1</Managed>
    <ConfigurationPage>posms_/PowerSMSConfigure.html</ConfigurationPage>
    <Publisher>
      <UniqueName>powersms</UniqueName>
      <LocalizedNames>
        <LocalizedName description="PowerObjects" languagecode="1033" />
      </LocalizedNames>
      <Descriptions>
        <Description description="PowerObjects is a recognized leader in delivering Microsoft Dynamics CRM/xRM solutions to customers in a variety of industries. As a Microsoft Gold Certified Partner with numerous CRM/xRM projects under our belt, we combine the right focus with the right people and the right processes to bring value to every organization we work with.&#xA;&#xA;Our core focus is Microsoft Dynamics CRM, and we handle everything from standard implementations to creating a complex line of business applications using CRM as an &quot;xRM&quot; platform. &#xA;&#xA;PowerObjects can offer you a solution that fits your organization, including:&#xA;&#xA;- Hosted CRM. Fast and affordable CRM solutions without the IT burden.&#xA;- On-Premise CRM deployment with ultimate customization and integration capabilities.&#xA;- xRM. Build a solution on top of the CRM platform to allow you to manage more than just sales and marketing functionality.&#xA;&#xA;All PowerObjects customers receive additional value and CRM functionality free of charge through our PowerPack modules. These modules include PowerEmail, PowerDashboard, PowerSurvey, PowerView, PowerEdit, and PowerFax.&#xA;&#xA;PowerObjects works with customers in multiple industries, and has a strong focus on serving the health and life sciences sector. We have provided CRM solutions for multiple customers in the health and life sciences industry that have helped reduce organizational inefficiencies, optimize care, and improve overall financial management." languagecode="1033" />
      </Descriptions>
      <EMailAddress>sales@powerobjects.com</EMailAddress>
      <SupportingWebsiteUrl>http://www.powerobjects.com</SupportingWebsiteUrl>
      <CustomizationPrefix>posms</CustomizationPrefix>
      <CustomizationOptionValuePrefix>10000</CustomizationOptionValuePrefix>
      <Addresses>
        <Address>
          <AddressNumber>1</AddressNumber>
          <AddressTypeCode>1</AddressTypeCode>
          <City>minneapolis</City>
          <County xsi:nil="true"></County>
          <Country>usa</Country>
          <Fax xsi:nil="true"></Fax>
          <FreightTermsCode xsi:nil="true"></FreightTermsCode>
          <ImportSequenceNumber xsi:nil="true"></ImportSequenceNumber>
          <Latitude xsi:nil="true"></Latitude>
          <Line1>718 washington av n ste 202</Line1>
          <Line2 xsi:nil="true"></Line2>
          <Line3 xsi:nil="true"></Line3>
          <Longitude xsi:nil="true"></Longitude>
          <Name xsi:nil="true"></Name>
          <PostalCode>55401</PostalCode>
          <PostOfficeBox xsi:nil="true"></PostOfficeBox>
          <PrimaryContactName xsi:nil="true"></PrimaryContactName>
          <ShippingMethodCode>1</ShippingMethodCode>
          <StateOrProvince>mn</StateOrProvince>
          <Telephone1>612.339.3355</Telephone1>
          <Telephone2 xsi:nil="true"></Telephone2>
          <Telephone3 xsi:nil="true"></Telephone3>
          <TimeZoneRuleVersionNumber xsi:nil="true"></TimeZoneRuleVersionNumber>
          <UPSZone xsi:nil="true"></UPSZone>
          <UTCOffset xsi:nil="true"></UTCOffset>
          <UTCConversionTimeZoneCode xsi:nil="true"></UTCConversionTimeZoneCode>
        </Address>
        <Address>
          <AddressNumber>2</AddressNumber>
          <AddressTypeCode>1</AddressTypeCode>
          <City xsi:nil="true"></City>
          <County xsi:nil="true"></County>
          <Country xsi:nil="true"></Country>
          <Fax xsi:nil="true"></Fax>
          <FreightTermsCode xsi:nil="true"></FreightTermsCode>
          <ImportSequenceNumber xsi:nil="true"></ImportSequenceNumber>
          <Latitude xsi:nil="true"></Latitude>
          <Line1 xsi:nil="true"></Line1>
          <Line2 xsi:nil="true"></Line2>
          <Line3 xsi:nil="true"></Line3>
          <Longitude xsi:nil="true"></Longitude>
          <Name xsi:nil="true"></Name>
          <PostalCode xsi:nil="true"></PostalCode>
          <PostOfficeBox xsi:nil="true"></PostOfficeBox>
          <PrimaryContactName xsi:nil="true"></PrimaryContactName>
          <ShippingMethodCode>1</ShippingMethodCode>
          <StateOrProvince xsi:nil="true"></StateOrProvince>
          <Telephone1 xsi:nil="true"></Telephone1>
          <Telephone2 xsi:nil="true"></Telephone2>
          <Telephone3 xsi:nil="true"></Telephone3>
          <TimeZoneRuleVersionNumber xsi:nil="true"></TimeZoneRuleVersionNumber>
          <UPSZone xsi:nil="true"></UPSZone>
          <UTCOffset xsi:nil="true"></UTCOffset>
          <UTCConversionTimeZoneCode xsi:nil="true"></UTCConversionTimeZoneCode>
        </Address>
      </Addresses>
    </Publisher>
    <RootComponents>
      <RootComponent type="1" schemaName="posms_powersmsconfiguration" behavior="0" />
      <RootComponent type="1" schemaName="posms_powersmslog" behavior="0" />
      <RootComponent type="1" schemaName="posms_smsmessage" behavior="0" />
      <RootComponent type="20" id="{83b27124-2386-e211-bc15-000c298a36a7}" behavior="0" />
      <RootComponent type="20" id="{fb8e9dc4-b5ff-e511-9438-00155dcfc00d}" behavior="0" />
      <RootComponent type="61" schemaName="msdyn_/ActivityFeeds.Form.js" behavior="0" />
      <RootComponent type="61" schemaName="msdyn_/RecordWall.htm" behavior="0" />
      <RootComponent type="61" schemaName="posms_/deleteButton.js" behavior="0" />
      <RootComponent type="61" schemaName="posms_/Images/Add.png" behavior="0" />
      <RootComponent type="61" schemaName="posms_/Images/CloseDialog.png" behavior="0" />
      <RootComponent type="61" schemaName="posms_/Images/collapse_down.gif" behavior="0" />
      <RootComponent type="61" schemaName="posms_/Images/Delete.png" behavior="0" />
      <RootComponent type="61" schemaName="posms_/Images/Error.png" behavior="0" />
      <RootComponent type="61" schemaName="posms_/Images/Info.png" behavior="0" />
      <RootComponent type="61" schemaName="posms_/Images/MenuSpacer.png" behavior="0" />
      <RootComponent type="61" schemaName="posms_/Images/PowerObjectsLogo.png" behavior="0" />
      <RootComponent type="61" schemaName="posms_/Images/progress.gif" behavior="0" />
      <RootComponent type="61" schemaName="posms_/Images/save.png" behavior="0" />
      <RootComponent type="61" schemaName="posms_/Images/Warning.png" behavior="0" />
      <RootComponent type="61" schemaName="posms_/podatagrid/css/podatagrid.css" behavior="0" />
      <RootComponent type="61" schemaName="posms_/podatagrid/datepicker/images/arrow_left.png" behavior="0" />
      <RootComponent type="61" schemaName="posms_/podatagrid/datepicker/images/arrow_right.png" behavior="0" />
      <RootComponent type="61" schemaName="posms_/podatagrid/datepicker/jquery.ui.datepicker.min.css" behavior="0" />
      <RootComponent type="61" schemaName="posms_/podatagrid/datepicker/jquery.ui.datepicker.min.js" behavior="0" />
      <RootComponent type="61" schemaName="posms_/podatagrid/img/bar_line.gif" behavior="0" />
      <RootComponent type="61" schemaName="posms_/podatagrid/img/checkbox.png" behavior="0" />
      <RootComponent type="61" schemaName="posms_/podatagrid/img/checkbox_light.png" behavior="0" />
      <RootComponent type="61" schemaName="posms_/podatagrid/img/Error.png" behavior="0" />
      <RootComponent type="61" schemaName="posms_/podatagrid/img/frm_required.gif" behavior="0" />
      <RootComponent type="61" schemaName="posms_/podatagrid/img/grid_filter.png" behavior="0" />
      <RootComponent type="61" schemaName="posms_/podatagrid/img/grid_Refresh.gif" behavior="0" />
      <RootComponent type="61" schemaName="posms_/podatagrid/img/grid_refresh_hover.gif" behavior="0" />
      <RootComponent type="61" schemaName="posms_/podatagrid/img/processing_loader.gif" behavior="0" />
      <RootComponent type="61" schemaName="posms_/podatagrid/img/resize.gif" behavior="0" />
      <RootComponent type="61" schemaName="posms_/podatagrid/img/sorting_down.png" behavior="0" />
      <RootComponent type="61" schemaName="posms_/podatagrid/img/sorting_up.png" behavior="0" />
      <RootComponent type="61" schemaName="posms_/podatagrid/js/podatagrid.js" behavior="0" />
      <RootComponent type="61" schemaName="posms_/potoolbar/css/potoolbar.css" behavior="0" />
      <RootComponent type="61" schemaName="posms_/potoolbar/img/bar_line.gif" behavior="0" />
      <RootComponent type="61" schemaName="posms_/potoolbar/img/transparent.png" behavior="0" />
      <RootComponent type="61" schemaName="posms_/potoolbar/js/potoolbar.js" behavior="0" />
      <RootComponent type="61" schemaName="posms_/PowerSMSConfigure.html" behavior="0" />
      <RootComponent type="61" schemaName="posms_/Scripts/Bitly.js" behavior="0" />
      <RootComponent type="61" schemaName="posms_/Scripts/Cleanup.js" behavior="0" />
      <RootComponent type="61" schemaName="posms_/Scripts/Configuration.js" behavior="0" />
      <RootComponent type="61" schemaName="posms_/Scripts/Configure.js" behavior="0" />
      <RootComponent type="61" schemaName="posms_/Scripts/jquery.min.js" behavior="0" />
      <RootComponent type="61" schemaName="posms_/Scripts/jquery.ui.min.js" behavior="0" />
      <RootComponent type="61" schemaName="posms_/Scripts/json2.js" behavior="0" />
      <RootComponent type="61" schemaName="posms_/Scripts/knockout.min.js" behavior="0" />
      <RootComponent type="61" schemaName="posms_/Scripts/POExtClient.js" behavior="0" />
      <RootComponent type="61" schemaName="posms_/Scripts/Register.js" behavior="0" />
      <RootComponent type="61" schemaName="posms_/Scripts/SDK.MetaData.js" behavior="0" />
      <RootComponent type="61" schemaName="posms_/Scripts/SettingsForm.js" behavior="0" />
      <RootComponent type="61" schemaName="posms_/Styles/configuration.css" behavior="0" />
      <RootComponent type="61" schemaName="posms_/Styles/Register.css" behavior="0" />
      <RootComponent type="61" schemaName="posms_icon16x16" behavior="0" />
      <RootComponent type="61" schemaName="posms_icon32x32" behavior="0" />
      <RootComponent type="61" schemaName="posms_icon66x48" behavior="0" />
      <RootComponent type="61" schemaName="posms_PowerSmsConfiguration16x16.png" behavior="0" />
      <RootComponent type="61" schemaName="posms_PowerSmsConfiguration32x32.png" behavior="0" />
      <RootComponent type="61" schemaName="posms_PowerSmsConfiguration66x48.png" behavior="0" />
      <RootComponent type="61" schemaName="posms_PowerSmsLog16x16.png" behavior="0" />
      <RootComponent type="61" schemaName="posms_PowerSmsLog32x32.png" behavior="0" />
      <RootComponent type="61" schemaName="posms_PowerSmsLog66x48.png" behavior="0" />
      <RootComponent type="61" schemaName="posms_pp_area_icon" behavior="0" />
      <RootComponent type="61" schemaName="posms_SearchOrder_16" behavior="0" />
      <RootComponent type="61" schemaName="posms_SearchOrder_32" behavior="0" />
      <RootComponent type="61" schemaName="posms_SmsMessage.js" behavior="0" />
      <RootComponent type="62" behavior="0" />
      <RootComponent type="91" schemaName="PO.CRM.PowerSMS2013, Version=1.0.0.0, Culture=neutral, PublicKeyToken=4284320967d6e276" behavior="0" />
      <RootComponent type="91" schemaName="PowerObjects.Xrm.PowerPack.PowerSMS.Extensions, Version=1.0.0.0, Culture=neutral, PublicKeyToken=938a362b35431a45" behavior="0" />
      <RootComponent type="91" schemaName="PowerObjects.Xrm.PowerPack.PowerSMS.RegistrationExtension, Version=1.0.0.0, Culture=neutral, PublicKeyToken=aaf1425efeea5091" behavior="0" />
      <RootComponent type="91" schemaName="ReceivedSMSRegarding, Version=1.0.0.0, Culture=neutral, PublicKeyToken=6e7897dc8942fb46" behavior="0" />
      <RootComponent type="91" schemaName="SendSettingsToWebService, Version=1.0.0.0, Culture=neutral, PublicKeyToken=4dedbceef4adbdfb" behavior="0" />
      <RootComponent type="92" id="{12876b06-2ef1-e311-8a5c-00155dcfc11e}" behavior="0" />
      <RootComponent type="92" id="{14fc77d1-bc1b-e411-86c3-00155dcfc11e}" behavior="0" />
      <RootComponent type="92" id="{4dd3232f-11a2-e611-80f0-00155dcfc14e}" behavior="0" />
      <RootComponent type="92" id="{5365d3f0-7106-e411-9c9c-00155dcfc11e}" behavior="0" />
      <RootComponent type="92" id="{e3497201-edf1-e311-9c9c-00155dcfc11e}" behavior="0" />
      <RootComponent type="92" id="{e898f495-bc1b-e411-86c3-00155dcfc11e}" behavior="0" />
      <RootComponent type="92" id="{fa4c37d9-7106-e411-9c9c-00155dcfc11e}" behavior="0" />
    </RootComponents>
    <MissingDependencies>
      <MissingDependency>
        <Required key="0" type="1" schemaName="msdyn_postconfig" displayName="Post Configuration" solution="ActivityFeedsCore (8.2.0.0)" />
        <Dependent key="1" type="62" />
      </MissingDependency>
      <MissingDependency>
        <Required key="2" type="1" schemaName="msdyn_postruleconfig" displayName="Post Rule Configuration" solution="ActivityFeedsCore (8.2.0.0)" />
        <Dependent key="1" type="62" />
      </MissingDependency>
      <MissingDependency>
        <Required key="3" type="61" schemaName="msdyn_/PersonalWall.htm" displayName="msdyn_/PersonalWall.htm" solution="ActivityFeedsCore (8.2.0.0)" />
        <Dependent key="1" type="62" />
      </MissingDependency>
      <MissingDependency>
        <Required key="4" type="61" schemaName="msdyn_/RecordWall.htm" displayName="msdyn_/RecordWall.htm" solution="ActivityFeedsCore (8.2.0.0)" />
        <Dependent key="4" type="61" schemaName="msdyn_/RecordWall.htm" displayName="msdyn_/RecordWall.htm" />
      </MissingDependency>
      <MissingDependency>
        <Required key="5" type="61" schemaName="msdyn_/ActivityFeeds.Form.js" displayName="msdyn_/ActivityFeeds.Form.js" solution="ActivityFeedsCore (8.2.0.0)" />
        <Dependent key="5" type="61" schemaName="msdyn_/ActivityFeeds.Form.js" displayName="msdyn_/ActivityFeeds.Form.js" />
      </MissingDependency>
      <MissingDependency>
        <Required key="6" type="61" schemaName="msdyn_/Images/Wall_16.png" displayName="msdyn_/Images/Wall_16.png" solution="ActivityFeedsCore (8.2.0.0)" />
        <Dependent key="1" type="62" />
      </MissingDependency>
    </MissingDependencies>
  </SolutionManifest>
</ImportExportXml>