<entities xmlns:xsi="http://www.w3.org/2001/XMLSchema-instance">
  <entity name="tc_casecategory" displayname="Case Category" etc="10037" primaryidfield="tc_casecategoryid" primarynamefield="tc_name" disableplugins="false">
    <fields>
      <field updateCompare="true" displayname="Case Category" name="tc_casecategoryid" type="guid" primaryKey="true" />
      <field displayname="Case Type" name="tc_casetypeid" type="entityreference" lookupType="tc_casetype" customfield="true" />
      <field displayname="Name" name="tc_name" type="string" customfield="true" />
    </fields>
    <relationships>
      <relationship name="tc_tc_casecategory_tc_casecategory" manyToMany="true" isreflexive="true" relatedEntityName="tc_tc_casecategory_tc_casecategory" m2mTargetEntity="tc_casecategory" m2mTargetEntityPrimaryKey="tc_casecategoryid" />
    </relationships>
  </entity>
</entities>