<Components xmlns:xsd="http://www.w3.org/2001/XMLSchema" xmlns:xsi="http://www.w3.org/2001/XMLSchema-instance" xmlns="http://schemas.microsoft.com/crm/2009/"><Component><Id>73980706-148d-4ca1-b203-123e568a9fa7</Id><Name>Email Sender Name</Name><ComponentType>2</ComponentType><TypeName>Attribute</TypeName><ParentEntity>Email</ParentEntity><Action>Remove</Action><Comments><Comment>The Attribute Email Sender Name hasn't been added to the solution because it's a new Attribute, or it contains components that won't work in earlier versions of CRM. 
    </Comment></Comments></Component><Component><Id>3d8e8200-d166-4873-bf70-d1e3a60a219a</Id><Name>Email Sender Type</Name><ComponentType>2</ComponentType><TypeName>Attribute</TypeName><ParentEntity>Email</ParentEntity><Action>Remove</Action><Comments><Comment>The Attribute Email Sender Type hasn't been added to the solution because it's a new Attribute, or it contains components that won't work in earlier versions of CRM. 
    </Comment></Comments></Component><Component><Id>8c2d7f13-4d1e-41cf-afbc-6ef45063ea56</Id><Name>Email Sender Account Name</Name><ComponentType>2</ComponentType><TypeName>Attribute</TypeName><ParentEntity>Email</ParentEntity><Action>Remove</Action><Comments><Comment>The Attribute Email Sender Account Name hasn't been added to the solution because it's a new Attribute, or it contains components that won't work in earlier versions of CRM. 
    </Comment></Comments></Component><Component><Id>eb698c6f-8861-4299-9bc0-ef0e1f48db58</Id><Name>Email Sender yomi Name</Name><ComponentType>2</ComponentType><TypeName>Attribute</TypeName><ParentEntity>Email</ParentEntity><Action>Remove</Action><Comments><Comment>The Attribute Email Sender yomi Name hasn't been added to the solution because it's a new Attribute, or it contains components that won't work in earlier versions of CRM. 
    </Comment></Comments></Component><Component><Id>dc89078e-bf3b-4b64-9394-96b6e2938e01</Id><Name> SendersAccount Type</Name><ComponentType>2</ComponentType><TypeName>Attribute</TypeName><ParentEntity>Email</ParentEntity><Action>Remove</Action><Comments><Comment>The Attribute  SendersAccount Type hasn't been added to the solution because it's a new Attribute, or it contains components that won't work in earlier versions of CRM. 
    </Comment></Comments></Component><Component><Id>06a100b6-696a-4f81-82b6-91618395cd6d</Id><Name>Email Sender Account yomi Name</Name><ComponentType>2</ComponentType><TypeName>Attribute</TypeName><ParentEntity>Email</ParentEntity><Action>Remove</Action><Comments><Comment>The Attribute Email Sender Account yomi Name hasn't been added to the solution because it's a new Attribute, or it contains components that won't work in earlier versions of CRM. 
    </Comment></Comments></Component><Component><Id>5067cb30-f5a7-e211-90dd-00155d2c1704</Id><Name>entitlement_Emails</Name><ComponentType>10</ComponentType><TypeName>EntityRelationship</TypeName><ParentEntity>Email</ParentEntity><Action>Remove</Action><Comments><Comment>The EntityRelationship entitlement_Emails hasn't been added to the solution because it's a new EntityRelationship, or it contains components that won't work in earlier versions of CRM. 
    </Comment></Comments></Component><Component><Id>7c8fdb7b-f5a7-e211-90dd-00155d2c1704</Id><Name>entitlementtemplate_Emails</Name><ComponentType>10</ComponentType><TypeName>EntityRelationship</TypeName><ParentEntity>Email</ParentEntity><Action>Remove</Action><Comments><Comment>The EntityRelationship entitlementtemplate_Emails hasn't been added to the solution because it's a new EntityRelationship, or it contains components that won't work in earlier versions of CRM. 
    </Comment></Comments></Component><Component><Id>ad634653-9d42-450a-8b16-0c035113b4c3</Id><Name>Account_Email_SendersAccount</Name><ComponentType>10</ComponentType><TypeName>EntityRelationship</TypeName><ParentEntity>Email</ParentEntity><Action>Remove</Action><Comments><Comment>The EntityRelationship Account_Email_SendersAccount hasn't been added to the solution because it's a new EntityRelationship, or it contains components that won't work in earlier versions of CRM. 
    </Comment></Comments></Component><Component><Id>a5508e2d-4089-4a54-bf6e-0c093fc76c88</Id><Name>Account_Email_EmailSender</Name><ComponentType>10</ComponentType><TypeName>EntityRelationship</TypeName><ParentEntity>Email</ParentEntity><Action>Remove</Action><Comments><Comment>The EntityRelationship Account_Email_EmailSender hasn't been added to the solution because it's a new EntityRelationship, or it contains components that won't work in earlier versions of CRM. 
    </Comment></Comments></Component><Component><Id>84cb617a-e14f-43ec-9ef5-2934ec49ded3</Id><Name>Lead_Email_EmailSender</Name><ComponentType>10</ComponentType><TypeName>EntityRelationship</TypeName><ParentEntity>Email</ParentEntity><Action>Remove</Action><Comments><Comment>The EntityRelationship Lead_Email_EmailSender hasn't been added to the solution because it's a new EntityRelationship, or it contains components that won't work in earlier versions of CRM. 
    </Comment></Comments></Component><Component><Id>00ed57ad-1f2b-405d-9142-65d2f4298447</Id><Name>Contact_Email_EmailSender</Name><ComponentType>10</ComponentType><TypeName>EntityRelationship</TypeName><ParentEntity>Contact</ParentEntity><Action>Remove</Action><Comments><Comment>The EntityRelationship Contact_Email_EmailSender hasn't been added to the solution because it's a new EntityRelationship, or it contains components that won't work in earlier versions of CRM. 
    </Comment></Comments></Component><Component><Id>c57d0ba1-3255-4efc-b3a8-7e5886b6cb31</Id><Name>Queue_Email_EmailSender</Name><ComponentType>10</ComponentType><TypeName>EntityRelationship</TypeName><ParentEntity>Email</ParentEntity><Action>Remove</Action><Comments><Comment>The EntityRelationship Queue_Email_EmailSender hasn't been added to the solution because it's a new EntityRelationship, or it contains components that won't work in earlier versions of CRM. 
    </Comment></Comments></Component><Component><Id>82db2bf7-7df8-4da0-8f05-aeebce9f76aa</Id><Name>Equipment_Email_EmailSender</Name><ComponentType>10</ComponentType><TypeName>EntityRelationship</TypeName><ParentEntity>Email</ParentEntity><Action>Remove</Action><Comments><Comment>The EntityRelationship Equipment_Email_EmailSender hasn't been added to the solution because it's a new EntityRelationship, or it contains components that won't work in earlier versions of CRM. 
    </Comment></Comments></Component><Component><Id>fcc02623-5161-4044-9d12-dc6e0589fc31</Id><Name>SystemUser_Email_EmailSender</Name><ComponentType>10</ComponentType><TypeName>EntityRelationship</TypeName><ParentEntity>User</ParentEntity><Action>Remove</Action><Comments><Comment>The EntityRelationship SystemUser_Email_EmailSender hasn't been added to the solution because it's a new EntityRelationship, or it contains components that won't work in earlier versions of CRM. 
    </Comment></Comments></Component></Components>