<ImportExportXml version="6.1.0002.0112" SolutionPackageVersion="6.0" languagecode="1033" generatedBy="OnPremise" xmlns:xsi="http://www.w3.org/2001/XMLSchema-instance">
  <SolutionManifest>
    <UniqueName>PowerPhone</UniqueName>
    <LocalizedNames>
      <LocalizedName description="PowerPhone" languagecode="1033" />
    </LocalizedNames>
    <Descriptions />
    <Version>1.0.16.2013</Version>
    <Managed>1</Managed>
    <ConfigurationPage>pocall_/Configure.html</ConfigurationPage>
    <Publisher>
      <UniqueName>powerobjectspowerphone</UniqueName>
      <LocalizedNames>
        <LocalizedName description="PowerObjects" languagecode="1033" />
      </LocalizedNames>
      <Descriptions />
      <EMailAddress xsi:nil="true"></EMailAddress>
      <SupportingWebsiteUrl xsi:nil="true"></SupportingWebsiteUrl>
      <CustomizationPrefix>pocall</CustomizationPrefix>
      <CustomizationOptionValuePrefix>10023</CustomizationOptionValuePrefix>
      <Addresses>
        <Address>
          <AddressNumber>1</AddressNumber>
          <AddressTypeCode>1</AddressTypeCode>
          <City xsi:nil="true"></City>
          <County xsi:nil="true"></County>
          <Country xsi:nil="true"></Country>
          <Fax xsi:nil="true"></Fax>
          <FreightTermsCode xsi:nil="true"></FreightTermsCode>
          <ImportSequenceNumber xsi:nil="true"></ImportSequenceNumber>
          <Latitude xsi:nil="true"></Latitude>
          <Line1 xsi:nil="true"></Line1>
          <Line2 xsi:nil="true"></Line2>
          <Line3 xsi:nil="true"></Line3>
          <Longitude xsi:nil="true"></Longitude>
          <Name xsi:nil="true"></Name>
          <PostalCode xsi:nil="true"></PostalCode>
          <PostOfficeBox xsi:nil="true"></PostOfficeBox>
          <PrimaryContactName xsi:nil="true"></PrimaryContactName>
          <ShippingMethodCode>1</ShippingMethodCode>
          <StateOrProvince xsi:nil="true"></StateOrProvince>
          <Telephone1 xsi:nil="true"></Telephone1>
          <Telephone2 xsi:nil="true"></Telephone2>
          <Telephone3 xsi:nil="true"></Telephone3>
          <TimeZoneRuleVersionNumber xsi:nil="true"></TimeZoneRuleVersionNumber>
          <UPSZone xsi:nil="true"></UPSZone>
          <UTCOffset xsi:nil="true"></UTCOffset>
          <UTCConversionTimeZoneCode xsi:nil="true"></UTCConversionTimeZoneCode>
        </Address>
        <Address>
          <AddressNumber>2</AddressNumber>
          <AddressTypeCode>1</AddressTypeCode>
          <City xsi:nil="true"></City>
          <County xsi:nil="true"></County>
          <Country xsi:nil="true"></Country>
          <Fax xsi:nil="true"></Fax>
          <FreightTermsCode xsi:nil="true"></FreightTermsCode>
          <ImportSequenceNumber xsi:nil="true"></ImportSequenceNumber>
          <Latitude xsi:nil="true"></Latitude>
          <Line1 xsi:nil="true"></Line1>
          <Line2 xsi:nil="true"></Line2>
          <Line3 xsi:nil="true"></Line3>
          <Longitude xsi:nil="true"></Longitude>
          <Name xsi:nil="true"></Name>
          <PostalCode xsi:nil="true"></PostalCode>
          <PostOfficeBox xsi:nil="true"></PostOfficeBox>
          <PrimaryContactName xsi:nil="true"></PrimaryContactName>
          <ShippingMethodCode>1</ShippingMethodCode>
          <StateOrProvince xsi:nil="true"></StateOrProvince>
          <Telephone1 xsi:nil="true"></Telephone1>
          <Telephone2 xsi:nil="true"></Telephone2>
          <Telephone3 xsi:nil="true"></Telephone3>
          <TimeZoneRuleVersionNumber xsi:nil="true"></TimeZoneRuleVersionNumber>
          <UPSZone xsi:nil="true"></UPSZone>
          <UTCOffset xsi:nil="true"></UTCOffset>
          <UTCConversionTimeZoneCode xsi:nil="true"></UTCConversionTimeZoneCode>
        </Address>
      </Addresses>
    </Publisher>
    <RootComponents>
      <RootComponent type="1" schemaName="pocall_powerphoneagent" />
      <RootComponent type="1" schemaName="pocall_powerphoneconfiguration" />
      <RootComponent type="20" id="{045416fc-f79f-e311-8f27-000c295a41aa}" />
      <RootComponent type="50" schemaName=":RibbonDiffXml" />
      <RootComponent type="61" schemaName="pocall_/Configure.html" />
      <RootComponent type="61" schemaName="pocall_/images/add.png" />
      <RootComponent type="61" schemaName="pocall_/images/AnimatedPreloader_36.gif" />
      <RootComponent type="61" schemaName="pocall_/images/checkbox.png" />
      <RootComponent type="61" schemaName="pocall_/images/checkbox_light.png" />
      <RootComponent type="61" schemaName="pocall_/images/CloseDialog.png" />
      <RootComponent type="61" schemaName="pocall_/images/collapse_down.gif" />
      <RootComponent type="61" schemaName="pocall_/images/collapse_left.gif" />
      <RootComponent type="61" schemaName="pocall_/images/collapse_right.gif" />
      <RootComponent type="61" schemaName="pocall_/images/delete.png" />
      <RootComponent type="61" schemaName="pocall_/images/Error.png" />
      <RootComponent type="61" schemaName="pocall_/images/Info.png" />
      <RootComponent type="61" schemaName="pocall_/images/MenuSpacer.png" />
      <RootComponent type="61" schemaName="pocall_/images/PowerObjectsLogo.png" />
      <RootComponent type="61" schemaName="pocall_/images/progress.gif" />
      <RootComponent type="61" schemaName="pocall_/images/readingpane_bar.png" />
      <RootComponent type="61" schemaName="pocall_/images/save.png" />
      <RootComponent type="61" schemaName="pocall_/images/searchDown.gif" />
      <RootComponent type="61" schemaName="pocall_/images/slide_pane.png" />
      <RootComponent type="61" schemaName="pocall_/images/splitbar_dots.png" />
      <RootComponent type="61" schemaName="pocall_/images/Warning.png" />
      <RootComponent type="61" schemaName="pocall_/podatagrid/css/podatagrid.css" />
      <RootComponent type="61" schemaName="pocall_/podatagrid/img/attachment32.png" />
      <RootComponent type="61" schemaName="pocall_/podatagrid/img/bar_line.gif" />
      <RootComponent type="61" schemaName="pocall_/podatagrid/img/checkbox.png" />
      <RootComponent type="61" schemaName="pocall_/podatagrid/img/checkbox_light.png" />
      <RootComponent type="61" schemaName="pocall_/podatagrid/img/grid_filter.png" />
      <RootComponent type="61" schemaName="pocall_/podatagrid/img/grid_Refresh.gif" />
      <RootComponent type="61" schemaName="pocall_/podatagrid/img/grid_refresh_hover.gif" />
      <RootComponent type="61" schemaName="pocall_/podatagrid/img/page_FL0.gif" />
      <RootComponent type="61" schemaName="pocall_/podatagrid/img/page_FL1.gif" />
      <RootComponent type="61" schemaName="pocall_/podatagrid/img/page_L0.gif" />
      <RootComponent type="61" schemaName="pocall_/podatagrid/img/page_L1.gif" />
      <RootComponent type="61" schemaName="pocall_/podatagrid/img/page_R0.gif" />
      <RootComponent type="61" schemaName="pocall_/podatagrid/img/page_R1.gif" />
      <RootComponent type="61" schemaName="pocall_/podatagrid/img/processing_loader.gif" />
      <RootComponent type="61" schemaName="pocall_/podatagrid/img/resize.gif" />
      <RootComponent type="61" schemaName="pocall_/podatagrid/img/sorting_down.png" />
      <RootComponent type="61" schemaName="pocall_/podatagrid/img/sorting_up.png" />
      <RootComponent type="61" schemaName="pocall_/podatagrid/js/podatagrid.js" />
      <RootComponent type="61" schemaName="pocall_/poreadingpane/css/poreadingpane.css" />
      <RootComponent type="61" schemaName="pocall_/poreadingpane/img/Attachment_16.png" />
      <RootComponent type="61" schemaName="pocall_/poreadingpane/img/processing_loader.gif" />
      <RootComponent type="61" schemaName="pocall_/poreadingpane/js/poreadingpane.js" />
      <RootComponent type="61" schemaName="pocall_/potoolbar/css/potoolbar.css" />
      <RootComponent type="61" schemaName="pocall_/potoolbar/img/bar_line.gif" />
      <RootComponent type="61" schemaName="pocall_/potoolbar/js/potoolbar.js" />
      <RootComponent type="61" schemaName="pocall_/PowerPhone.html" />
      <RootComponent type="61" schemaName="pocall_/scripts/configuration.js" />
      <RootComponent type="61" schemaName="pocall_/scripts/Configure.js" />
      <RootComponent type="61" schemaName="pocall_/scripts/jquery.min.js" />
      <RootComponent type="61" schemaName="pocall_/scripts/jquery.ui.min.js" />
      <RootComponent type="61" schemaName="pocall_/scripts/json2.js" />
      <RootComponent type="61" schemaName="pocall_/scripts/knockout.min.js" />
      <RootComponent type="61" schemaName="pocall_/scripts/POExtClient.js" />
      <RootComponent type="61" schemaName="pocall_/scripts/PowerPhone.js" />
      <RootComponent type="61" schemaName="pocall_/scripts/PowerPhoneAgent.js" />
      <RootComponent type="61" schemaName="pocall_/scripts/Register.js" />
      <RootComponent type="61" schemaName="pocall_/styles/configuration.css" />
      <RootComponent type="61" schemaName="pocall_/styles/powerphone.css" />
      <RootComponent type="61" schemaName="pocall_/styles/Register.css" />
      <RootComponent type="61" schemaName="pocall_powerphoneagent_16x16.png" />
      <RootComponent type="61" schemaName="pocall_powerphoneagent_32x32.png" />
      <RootComponent type="61" schemaName="pocall_powerphone_16x16.png" />
      <RootComponent type="61" schemaName="pocall_powerphone_32x32.png" />
      <RootComponent type="91" schemaName="PowerObjects.Xrm.PowerPack.PowerPhone.Extensions, Version=1.0.0.0, Culture=neutral, PublicKeyToken=17f92cda7ae03c33" />
      <RootComponent type="92" id="{f103f18f-9f87-e311-bf4a-000c295a41aa}" />
    </RootComponents>
    <MissingDependencies />
  </SolutionManifest>
</ImportExportXml>