
<entities xmlns:xsd="http://www.w3.org/2001/XMLSchema" xmlns:xsi="http://www.w3.org/2001/XMLSchema-instance">
  <entity name="tc_locationoffice" displayname="Location Office">
    <records>
      <record id="95811f79-2f19-e711-810c-3863bb34fa70">
        <field name="tc_locationofficeid" value="95811f79-2f19-e711-810c-3863bb34fa70" />
        <field name="tc_name" value="Athens" />
      </record>
      <record id="97811f79-2f19-e711-810c-3863bb34fa70">
        <field name="tc_locationofficeid" value="97811f79-2f19-e711-810c-3863bb34fa70" />
        <field name="tc_name" value="Bali" />
      </record>
      <record id="99811f79-2f19-e711-810c-3863bb34fa70">
        <field name="tc_locationofficeid" value="99811f79-2f19-e711-810c-3863bb34fa70" />
        <field name="tc_name" value="Bulgaria - Burgas" />
      </record>
      <record id="9b811f79-2f19-e711-810c-3863bb34fa70">
        <field name="tc_locationofficeid" value="9b811f79-2f19-e711-810c-3863bb34fa70" />
        <field name="tc_name" value="Bulgaria - Varna" />
      </record>
      <record id="9d811f79-2f19-e711-810c-3863bb34fa70">
        <field name="tc_locationofficeid" value="9d811f79-2f19-e711-810c-3863bb34fa70" />
        <field name="tc_name" value="Cape Verde" />
      </record>
      <record id="9f811f79-2f19-e711-810c-3863bb34fa70">
        <field name="tc_locationofficeid" value="9f811f79-2f19-e711-810c-3863bb34fa70" />
        <field name="tc_name" value="Corfu Town" />
      </record>
      <record id="a1811f79-2f19-e711-810c-3863bb34fa70">
        <field name="tc_locationofficeid" value="a1811f79-2f19-e711-810c-3863bb34fa70" />
        <field name="tc_name" value="Almeria" />
      </record>
      <record id="a3811f79-2f19-e711-810c-3863bb34fa70">
        <field name="tc_locationofficeid" value="a3811f79-2f19-e711-810c-3863bb34fa70" />
        <field name="tc_name" value="Alicante / Costa Blanca" />
      </record>
      <record id="a5811f79-2f19-e711-810c-3863bb34fa70">
        <field name="tc_locationofficeid" value="a5811f79-2f19-e711-810c-3863bb34fa70" />
        <field name="tc_name" value="Girona" />
      </record>
      <record id="ab811f79-2f19-e711-810c-3863bb34fa70">
        <field name="tc_locationofficeid" value="ab811f79-2f19-e711-810c-3863bb34fa70" />
        <field name="tc_name" value="Jerez de la Frontera" />
      </record>
      <record id="ad811f79-2f19-e711-810c-3863bb34fa70">
        <field name="tc_locationofficeid" value="ad811f79-2f19-e711-810c-3863bb34fa70" />
        <field name="tc_name" value="Malaga / Costa del Sol" />
      </record>
      <record id="af811f79-2f19-e711-810c-3863bb34fa70">
        <field name="tc_locationofficeid" value="af811f79-2f19-e711-810c-3863bb34fa70" />
        <field name="tc_name" value="Reus / Costa Dorada" />
      </record>
      <record id="b1811f79-2f19-e711-810c-3863bb34fa70">
        <field name="tc_locationofficeid" value="b1811f79-2f19-e711-810c-3863bb34fa70" />
        <field name="tc_name" value="Heraklion (Crete)" />
      </record>
      <record id="b3811f79-2f19-e711-810c-3863bb34fa70">
        <field name="tc_locationofficeid" value="b3811f79-2f19-e711-810c-3863bb34fa70" />
        <field name="tc_name" value="Hersonissos (Crete)" />
      </record>
      <record id="b5811f79-2f19-e711-810c-3863bb34fa70">
        <field name="tc_locationofficeid" value="b5811f79-2f19-e711-810c-3863bb34fa70" />
        <field name="tc_name" value="Hellenic Zeus S.A. (Rethimnon)" />
      </record>
      <record id="b7811f79-2f19-e711-810c-3863bb34fa70">
        <field name="tc_locationofficeid" value="b7811f79-2f19-e711-810c-3863bb34fa70" />
        <field name="tc_name" value="Split" />
      </record>
      <record id="b9811f79-2f19-e711-810c-3863bb34fa70">
        <field name="tc_locationofficeid" value="b9811f79-2f19-e711-810c-3863bb34fa70" />
        <field name="tc_name" value="Ayia Napa" />
      </record>
      <record id="bb811f79-2f19-e711-810c-3863bb34fa70">
        <field name="tc_locationofficeid" value="bb811f79-2f19-e711-810c-3863bb34fa70" />
        <field name="tc_name" value="Paphos" />
      </record>
      <record id="bd811f79-2f19-e711-810c-3863bb34fa70">
        <field name="tc_locationofficeid" value="bd811f79-2f19-e711-810c-3863bb34fa70" />
        <field name="tc_name" value="Punta Cana" />
      </record>
      <record id="bf811f79-2f19-e711-810c-3863bb34fa70">
        <field name="tc_locationofficeid" value="bf811f79-2f19-e711-810c-3863bb34fa70" />
        <field name="tc_name" value="Hurghada" />
      </record>
      <record id="c1811f79-2f19-e711-810c-3863bb34fa70">
        <field name="tc_locationofficeid" value="c1811f79-2f19-e711-810c-3863bb34fa70" />
        <field name="tc_name" value="Hurghada" />
      </record>
      <record id="c3811f79-2f19-e711-810c-3863bb34fa70">
        <field name="tc_locationofficeid" value="c3811f79-2f19-e711-810c-3863bb34fa70" />
        <field name="tc_name" value="Sharm el Sheikh" />
      </record>
      <record id="c5811f79-2f19-e711-810c-3863bb34fa70">
        <field name="tc_locationofficeid" value="c5811f79-2f19-e711-810c-3863bb34fa70" />
        <field name="tc_name" value="Florida" />
      </record>
      <record id="c7811f79-2f19-e711-810c-3863bb34fa70">
        <field name="tc_locationofficeid" value="c7811f79-2f19-e711-810c-3863bb34fa70" />
        <field name="tc_name" value="Fuerteventura " />
      </record>
      <record id="c9811f79-2f19-e711-810c-3863bb34fa70">
        <field name="tc_locationofficeid" value="c9811f79-2f19-e711-810c-3863bb34fa70" />
        <field name="tc_name" value="Gambia" />
      </record>
      <record id="cb811f79-2f19-e711-810c-3863bb34fa70">
        <field name="tc_locationofficeid" value="cb811f79-2f19-e711-810c-3863bb34fa70" />
        <field name="tc_name" value="Goa" />
      </record>
      <record id="cd811f79-2f19-e711-810c-3863bb34fa70">
        <field name="tc_locationofficeid" value="cd811f79-2f19-e711-810c-3863bb34fa70" />
        <field name="tc_name" value="Gran Canaria" />
      </record>
      <record id="cf811f79-2f19-e711-810c-3863bb34fa70">
        <field name="tc_locationofficeid" value="cf811f79-2f19-e711-810c-3863bb34fa70" />
        <field name="tc_name" value="Halkidiki" />
      </record>
      <record id="d1811f79-2f19-e711-810c-3863bb34fa70">
        <field name="tc_locationofficeid" value="d1811f79-2f19-e711-810c-3863bb34fa70" />
        <field name="tc_name" value="Ibiza Town" />
      </record>
      <record id="d3811f79-2f19-e711-810c-3863bb34fa70">
        <field name="tc_locationofficeid" value="d3811f79-2f19-e711-810c-3863bb34fa70" />
        <field name="tc_name" value="Calabria" />
      </record>
      <record id="d5811f79-2f19-e711-810c-3863bb34fa70">
        <field name="tc_locationofficeid" value="d5811f79-2f19-e711-810c-3863bb34fa70" />
        <field name="tc_name" value="Rimini" />
      </record>
      <record id="d7811f79-2f19-e711-810c-3863bb34fa70">
        <field name="tc_locationofficeid" value="d7811f79-2f19-e711-810c-3863bb34fa70" />
        <field name="tc_name" value="Italy - Olbia / Sardinia" />
      </record>
      <record id="d9811f79-2f19-e711-810c-3863bb34fa70">
        <field name="tc_locationofficeid" value="d9811f79-2f19-e711-810c-3863bb34fa70" />
        <field name="tc_name" value="Sicily" />
      </record>
      <record id="db811f79-2f19-e711-810c-3863bb34fa70">
        <field name="tc_locationofficeid" value="db811f79-2f19-e711-810c-3863bb34fa70" />
        <field name="tc_name" value="Sorrento" />
      </record>
      <record id="dd811f79-2f19-e711-810c-3863bb34fa70">
        <field name="tc_locationofficeid" value="dd811f79-2f19-e711-810c-3863bb34fa70" />
        <field name="tc_name" value="Montego Bay" />
      </record>
      <record id="df811f79-2f19-e711-810c-3863bb34fa70">
        <field name="tc_locationofficeid" value="df811f79-2f19-e711-810c-3863bb34fa70" />
        <field name="tc_name" value="Kalamata" />
      </record>
      <record id="e1811f79-2f19-e711-810c-3863bb34fa70">
        <field name="tc_locationofficeid" value="e1811f79-2f19-e711-810c-3863bb34fa70" />
        <field name="tc_name" value="Kefalonia" />
      </record>
      <record id="e3811f79-2f19-e711-810c-3863bb34fa70">
        <field name="tc_locationofficeid" value="e3811f79-2f19-e711-810c-3863bb34fa70" />
        <field name="tc_name" value="Mombasa" />
      </record>
      <record id="e5811f79-2f19-e711-810c-3863bb34fa70">
        <field name="tc_locationofficeid" value="e5811f79-2f19-e711-810c-3863bb34fa70" />
        <field name="tc_name" value="Kos Town" />
      </record>
      <record id="e7811f79-2f19-e711-810c-3863bb34fa70">
        <field name="tc_locationofficeid" value="e7811f79-2f19-e711-810c-3863bb34fa70" />
        <field name="tc_name" value="La Palma" />
      </record>
      <record id="e9811f79-2f19-e711-810c-3863bb34fa70">
        <field name="tc_locationofficeid" value="e9811f79-2f19-e711-810c-3863bb34fa70" />
        <field name="tc_name" value="Lanzarote" />
      </record>
      <record id="eb811f79-2f19-e711-810c-3863bb34fa70">
        <field name="tc_locationofficeid" value="eb811f79-2f19-e711-810c-3863bb34fa70" />
        <field name="tc_name" value="Las Vegas" />
      </record>
      <record id="ed811f79-2f19-e711-810c-3863bb34fa70">
        <field name="tc_locationofficeid" value="ed811f79-2f19-e711-810c-3863bb34fa70" />
        <field name="tc_name" value="Lefkas" />
      </record>
      <record id="ef811f79-2f19-e711-810c-3863bb34fa70">
        <field name="tc_locationofficeid" value="ef811f79-2f19-e711-810c-3863bb34fa70" />
        <field name="tc_name" value="Lesbos" />
      </record>
      <record id="f1811f79-2f19-e711-810c-3863bb34fa70">
        <field name="tc_locationofficeid" value="f1811f79-2f19-e711-810c-3863bb34fa70" />
        <field name="tc_name" value="Lourdes" />
      </record>
      <record id="f3811f79-2f19-e711-810c-3863bb34fa70">
        <field name="tc_locationofficeid" value="f3811f79-2f19-e711-810c-3863bb34fa70" />
        <field name="tc_name" value="Funchal" />
      </record>
      <record id="f5811f79-2f19-e711-810c-3863bb34fa70">
        <field name="tc_locationofficeid" value="f5811f79-2f19-e711-810c-3863bb34fa70" />
        <field name="tc_name" value="Maldives" />
      </record>
      <record id="f7811f79-2f19-e711-810c-3863bb34fa70">
        <field name="tc_locationofficeid" value="f7811f79-2f19-e711-810c-3863bb34fa70" />
        <field name="tc_name" value="Palma Airport" />
      </record>
      <record id="f9811f79-2f19-e711-810c-3863bb34fa70">
        <field name="tc_locationofficeid" value="f9811f79-2f19-e711-810c-3863bb34fa70" />
        <field name="tc_name" value="Alcudia Service Centre" />
      </record>
      <record id="fb811f79-2f19-e711-810c-3863bb34fa70">
        <field name="tc_locationofficeid" value="fb811f79-2f19-e711-810c-3863bb34fa70" />
        <field name="tc_name" value="Cala D&amp;#39;or" />
      </record>
      <record id="fe811f79-2f19-e711-810c-3863bb34fa70">
        <field name="tc_locationofficeid" value="fe811f79-2f19-e711-810c-3863bb34fa70" />
        <field name="tc_name" value="Cala Millor" />
      </record>
      <record id="00821f79-2f19-e711-810c-3863bb34fa70">
        <field name="tc_locationofficeid" value="00821f79-2f19-e711-810c-3863bb34fa70" />
        <field name="tc_name" value="Cala Ratjada" />
      </record>
      <record id="02821f79-2f19-e711-810c-3863bb34fa70">
        <field name="tc_locationofficeid" value="02821f79-2f19-e711-810c-3863bb34fa70" />
        <field name="tc_name" value="Can Picafort" />
      </record>
      <record id="04821f79-2f19-e711-810c-3863bb34fa70">
        <field name="tc_locationofficeid" value="04821f79-2f19-e711-810c-3863bb34fa70" />
        <field name="tc_name" value="Paguera Service Centre" />
      </record>
      <record id="06821f79-2f19-e711-810c-3863bb34fa70">
        <field name="tc_locationofficeid" value="06821f79-2f19-e711-810c-3863bb34fa70" />
        <field name="tc_name" value="Palma Central" />
      </record>
      <record id="08821f79-2f19-e711-810c-3863bb34fa70">
        <field name="tc_locationofficeid" value="08821f79-2f19-e711-810c-3863bb34fa70" />
        <field name="tc_name" value="Playa de Palma" />
      </record>
      <record id="0a821f79-2f19-e711-810c-3863bb34fa70">
        <field name="tc_locationofficeid" value="0a821f79-2f19-e711-810c-3863bb34fa70" />
        <field name="tc_name" value="Malta" />
      </record>
      <record id="0c821f79-2f19-e711-810c-3863bb34fa70">
        <field name="tc_locationofficeid" value="0c821f79-2f19-e711-810c-3863bb34fa70" />
        <field name="tc_name" value="Menorca" />
      </record>
      <record id="0e821f79-2f19-e711-810c-3863bb34fa70">
        <field name="tc_locationofficeid" value="0e821f79-2f19-e711-810c-3863bb34fa70" />
        <field name="tc_name" value="Cancun" />
      </record>
      <record id="11821f79-2f19-e711-810c-3863bb34fa70">
        <field name="tc_locationofficeid" value="11821f79-2f19-e711-810c-3863bb34fa70" />
        <field name="tc_name" value="Playa del Carmen" />
      </record>
      <record id="13821f79-2f19-e711-810c-3863bb34fa70">
        <field name="tc_locationofficeid" value="13821f79-2f19-e711-810c-3863bb34fa70" />
        <field name="tc_name" value="Mykonos" />
      </record>
      <record id="15821f79-2f19-e711-810c-3863bb34fa70">
        <field name="tc_locationofficeid" value="15821f79-2f19-e711-810c-3863bb34fa70" />
        <field name="tc_name" value="Faro" />
      </record>
      <record id="17821f79-2f19-e711-810c-3863bb34fa70">
        <field name="tc_locationofficeid" value="17821f79-2f19-e711-810c-3863bb34fa70" />
        <field name="tc_name" value="Rhodes Town" />
      </record>
      <record id="19821f79-2f19-e711-810c-3863bb34fa70">
        <field name="tc_locationofficeid" value="19821f79-2f19-e711-810c-3863bb34fa70" />
        <field name="tc_name" value="Samos" />
      </record>
      <record id="1b821f79-2f19-e711-810c-3863bb34fa70">
        <field name="tc_locationofficeid" value="1b821f79-2f19-e711-810c-3863bb34fa70" />
        <field name="tc_name" value="Santorini" />
      </record>
      <record id="1d821f79-2f19-e711-810c-3863bb34fa70">
        <field name="tc_locationofficeid" value="1d821f79-2f19-e711-810c-3863bb34fa70" />
        <field name="tc_name" value="Skiathos Town" />
      </record>
      <record id="1f821f79-2f19-e711-810c-3863bb34fa70">
        <field name="tc_locationofficeid" value="1f821f79-2f19-e711-810c-3863bb34fa70" />
        <field name="tc_name" value="Tenerife" />
      </record>
      <record id="21821f79-2f19-e711-810c-3863bb34fa70">
        <field name="tc_locationofficeid" value="21821f79-2f19-e711-810c-3863bb34fa70" />
        <field name="tc_name" value="Hotel Graceland" />
      </record>
      <record id="23821f79-2f19-e711-810c-3863bb34fa70">
        <field name="tc_locationofficeid" value="23821f79-2f19-e711-810c-3863bb34fa70" />
        <field name="tc_name" value="Thassos" />
      </record>
      <record id="26821f79-2f19-e711-810c-3863bb34fa70">
        <field name="tc_locationofficeid" value="26821f79-2f19-e711-810c-3863bb34fa70" />
        <field name="tc_name" value="Djerba" />
      </record>
      <record id="28821f79-2f19-e711-810c-3863bb34fa70">
        <field name="tc_locationofficeid" value="28821f79-2f19-e711-810c-3863bb34fa70" />
        <field name="tc_name" value="Sousse" />
      </record>
      <record id="2a821f79-2f19-e711-810c-3863bb34fa70">
        <field name="tc_locationofficeid" value="2a821f79-2f19-e711-810c-3863bb34fa70" />
        <field name="tc_name" value="Antalya" />
      </record>
      <record id="2c821f79-2f19-e711-810c-3863bb34fa70">
        <field name="tc_locationofficeid" value="2c821f79-2f19-e711-810c-3863bb34fa70" />
        <field name="tc_name" value="Bodrum" />
      </record>
      <record id="2e821f79-2f19-e711-810c-3863bb34fa70">
        <field name="tc_locationofficeid" value="2e821f79-2f19-e711-810c-3863bb34fa70" />
        <field name="tc_name" value="Marmaris" />
      </record>
      <record id="30821f79-2f19-e711-810c-3863bb34fa70">
        <field name="tc_locationofficeid" value="30821f79-2f19-e711-810c-3863bb34fa70" />
        <field name="tc_name" value="Fethiye" />
      </record>
      <record id="32821f79-2f19-e711-810c-3863bb34fa70">
        <field name="tc_locationofficeid" value="32821f79-2f19-e711-810c-3863bb34fa70" />
        <field name="tc_name" value="Izmir" />
      </record>
      <record id="34821f79-2f19-e711-810c-3863bb34fa70">
        <field name="tc_locationofficeid" value="34821f79-2f19-e711-810c-3863bb34fa70" />
        <field name="tc_name" value="Side" />
      </record>
      <record id="36821f79-2f19-e711-810c-3863bb34fa70">
        <field name="tc_locationofficeid" value="36821f79-2f19-e711-810c-3863bb34fa70" />
        <field name="tc_name" value="Zakynthos Town" />
      </record>
      <record id="38821f79-2f19-e711-810c-3863bb34fa70">
        <field name="tc_locationofficeid" value="38821f79-2f19-e711-810c-3863bb34fa70" />
        <field name="tc_name" value="Zanzibar" />
      </record>
    </records>
    <m2mrelationships />
  </entity>
</entities>