<entities xmlns:xsi="http://www.w3.org/2001/XMLSchema-instance">
  <entity name="tc_hotel" displayname="Hotel" etc="10044" primaryidfield="tc_hotelid" primarynamefield="tc_name" disableplugins="false">
    <fields>
      <field displayname="Address" name="tc_address" type="string" customfield="true" />
      <field displayname="Category" name="tc_category" type="optionsetvalue" customfield="true" />
      <field displayname="Complex Type" name="tc_complextype" type="optionsetvalue" customfield="true" />
      <field displayname="Complex Type Description" name="tc_complextypedescription" type="string" customfield="true" />
      <field updateCompare="true" displayname="Hotel" name="tc_hotelid" type="guid" primaryKey="true" />
      <field displayname="Location" name="tc_locationid" type="entityreference" lookupType="tc_location" customfield="true" />
      <field displayname="Master Hotel ID" name="tc_masterhotelid" type="string" customfield="true" />
      <field displayname="Name" name="tc_name" type="string" customfield="true" />
      <field displayname="Primary Email Address" name="tc_primaryemailaddress" type="string" customfield="true" />
    </fields>
  </entity>
</entities>