
<entities xmlns:xsd="http://www.w3.org/2001/XMLSchema" xmlns:xsi="http://www.w3.org/2001/XMLSchema-instance">
  <entity name="tc_country" displayname="Country">
    <records>
      <record id="0299deee-2319-e711-8104-3863bb349770">
        <field name="tc_iso_code" value="Cura&amp;#231;ao" />
        <field name="tc_countryid" value="0299deee-2319-e711-8104-3863bb349770" />
        <field name="tc_countryname" value="950000075" />
        <field name="tc_iso2code" value="CW" />
        <field name="tc_officialcountry" value="True" />
      </record>
      <record id="0699deee-2319-e711-8104-3863bb349770">
        <field name="tc_iso_code" value="Hong Kong" />
        <field name="tc_countryid" value="0699deee-2319-e711-8104-3863bb349770" />
        <field name="tc_countryname" value="950000174" />
        <field name="tc_iso2code" value="HK" />
        <field name="tc_officialcountry" value="True" />
      </record>
      <record id="a4255c25-8a14-e711-810c-3863bb34fa70">
        <field name="tc_iso_code" value="Morocco" />
        <field name="tc_countryid" value="a4255c25-8a14-e711-810c-3863bb34fa70" />
        <field name="tc_countryname" value="950000097" />
        <field name="tc_iso2code" value="MA" />
        <field name="tc_officialcountry" value="True" />
      </record>
      <record id="a6255c25-8a14-e711-810c-3863bb34fa70">
        <field name="tc_iso_code" value="Dominican Republic" />
        <field name="tc_countryid" value="a6255c25-8a14-e711-810c-3863bb34fa70" />
        <field name="tc_countryname" value="950000017" />
        <field name="tc_iso2code" value="DO" />
        <field name="tc_officialcountry" value="True" />
      </record>
      <record id="a8255c25-8a14-e711-810c-3863bb34fa70">
        <field name="tc_iso_code" value="South Africa" />
        <field name="tc_countryid" value="a8255c25-8a14-e711-810c-3863bb34fa70" />
        <field name="tc_countryname" value="950000123" />
        <field name="tc_iso2code" value="ZA" />
        <field name="tc_officialcountry" value="True" />
      </record>
      <record id="aa255c25-8a14-e711-810c-3863bb34fa70">
        <field name="tc_iso_code" value="Andorra" />
        <field name="tc_countryid" value="aa255c25-8a14-e711-810c-3863bb34fa70" />
        <field name="tc_countryname" value="950000056" />
        <field name="tc_iso2code" value="AD" />
        <field name="tc_officialcountry" value="True" />
      </record>
      <record id="ac255c25-8a14-e711-810c-3863bb34fa70">
        <field name="tc_iso_code" value="United Arab Emirates" />
        <field name="tc_countryid" value="ac255c25-8a14-e711-810c-3863bb34fa70" />
        <field name="tc_countryname" value="950000131" />
        <field name="tc_iso2code" value="AE" />
        <field name="tc_officialcountry" value="True" />
      </record>
      <record id="ae255c25-8a14-e711-810c-3863bb34fa70">
        <field name="tc_iso_code" value="Antigua and Barbuda" />
        <field name="tc_countryid" value="ae255c25-8a14-e711-810c-3863bb34fa70" />
        <field name="tc_countryname" value="950000057" />
        <field name="tc_iso2code" value="AG" />
        <field name="tc_officialcountry" value="True" />
      </record>
      <record id="b0255c25-8a14-e711-810c-3863bb34fa70">
        <field name="tc_iso_code" value="Albania" />
        <field name="tc_countryid" value="b0255c25-8a14-e711-810c-3863bb34fa70" />
        <field name="tc_countryname" value="950000054" />
        <field name="tc_iso2code" value="AL" />
        <field name="tc_officialcountry" value="True" />
      </record>
      <record id="b2255c25-8a14-e711-810c-3863bb34fa70">
        <field name="tc_iso_code" value="Netherlands Antilles" />
        <field name="tc_countryid" value="b2255c25-8a14-e711-810c-3863bb34fa70" />
        <field name="tc_countryname" value="950000102" />
        <field name="tc_iso2code" value="AN" />
        <field name="tc_officialcountry" value="True" />
      </record>
      <record id="b4255c25-8a14-e711-810c-3863bb34fa70">
        <field name="tc_iso_code" value="Argentina" />
        <field name="tc_countryid" value="b4255c25-8a14-e711-810c-3863bb34fa70" />
        <field name="tc_countryname" value="950000058" />
        <field name="tc_iso2code" value="AR" />
        <field name="tc_officialcountry" value="True" />
      </record>
      <record id="b6255c25-8a14-e711-810c-3863bb34fa70">
        <field name="tc_iso_code" value="Austria" />
        <field name="tc_countryid" value="b6255c25-8a14-e711-810c-3863bb34fa70" />
        <field name="tc_countryname" value="950000000" />
        <field name="tc_iso2code" value="AT" />
        <field name="tc_officialcountry" value="True" />
      </record>
      <record id="b8255c25-8a14-e711-810c-3863bb34fa70">
        <field name="tc_iso_code" value="Australia" />
        <field name="tc_countryid" value="b8255c25-8a14-e711-810c-3863bb34fa70" />
        <field name="tc_countryname" value="950000060" />
        <field name="tc_iso2code" value="AU" />
        <field name="tc_officialcountry" value="True" />
      </record>
      <record id="ba255c25-8a14-e711-810c-3863bb34fa70">
        <field name="tc_iso_code" value="Aruba" />
        <field name="tc_countryid" value="ba255c25-8a14-e711-810c-3863bb34fa70" />
        <field name="tc_countryname" value="950000059" />
        <field name="tc_iso2code" value="AW" />
        <field name="tc_officialcountry" value="True" />
      </record>
      <record id="bc255c25-8a14-e711-810c-3863bb34fa70">
        <field name="tc_iso_code" value="Bosnia and Herzegovina" />
        <field name="tc_countryid" value="bc255c25-8a14-e711-810c-3863bb34fa70" />
        <field name="tc_countryname" value="950000063" />
        <field name="tc_iso2code" value="BA" />
        <field name="tc_officialcountry" value="True" />
      </record>
      <record id="be255c25-8a14-e711-810c-3863bb34fa70">
        <field name="tc_iso_code" value="Barbados" />
        <field name="tc_countryid" value="be255c25-8a14-e711-810c-3863bb34fa70" />
        <field name="tc_countryname" value="950000002" />
        <field name="tc_iso2code" value="BB" />
        <field name="tc_officialcountry" value="True" />
      </record>
      <record id="c0255c25-8a14-e711-810c-3863bb34fa70">
        <field name="tc_iso_code" value="Belgium" />
        <field name="tc_countryid" value="c0255c25-8a14-e711-810c-3863bb34fa70" />
        <field name="tc_countryname" value="950000004" />
        <field name="tc_iso2code" value="BE" />
        <field name="tc_officialcountry" value="True" />
      </record>
      <record id="c2255c25-8a14-e711-810c-3863bb34fa70">
        <field name="tc_iso_code" value="Bulgaria" />
        <field name="tc_countryid" value="c2255c25-8a14-e711-810c-3863bb34fa70" />
        <field name="tc_countryname" value="950000065" />
        <field name="tc_iso2code" value="BG" />
        <field name="tc_officialcountry" value="True" />
      </record>
      <record id="c4255c25-8a14-e711-810c-3863bb34fa70">
        <field name="tc_iso_code" value="Bahrain" />
        <field name="tc_countryid" value="c4255c25-8a14-e711-810c-3863bb34fa70" />
        <field name="tc_countryname" value="950000061" />
        <field name="tc_iso2code" value="BH" />
        <field name="tc_officialcountry" value="True" />
      </record>
      <record id="c6255c25-8a14-e711-810c-3863bb34fa70">
        <field name="tc_iso_code" value="Saint Barthelemy" />
        <field name="tc_countryid" value="c6255c25-8a14-e711-810c-3863bb34fa70" />
        <field name="tc_countryname" value="950000113" />
        <field name="tc_iso2code" value="BL" />
        <field name="tc_officialcountry" value="True" />
      </record>
      <record id="c8255c25-8a14-e711-810c-3863bb34fa70">
        <field name="tc_iso_code" value="Bermuda" />
        <field name="tc_countryid" value="c8255c25-8a14-e711-810c-3863bb34fa70" />
        <field name="tc_countryname" value="950000006" />
        <field name="tc_iso2code" value="BM" />
        <field name="tc_officialcountry" value="True" />
      </record>
      <record id="ca255c25-8a14-e711-810c-3863bb34fa70">
        <field name="tc_iso_code" value="Bolivia" />
        <field name="tc_countryid" value="ca255c25-8a14-e711-810c-3863bb34fa70" />
        <field name="tc_countryname" value="950000062" />
        <field name="tc_iso2code" value="BO" />
        <field name="tc_officialcountry" value="True" />
      </record>
      <record id="cc255c25-8a14-e711-810c-3863bb34fa70">
        <field name="tc_iso_code" value="Brazil" />
        <field name="tc_countryid" value="cc255c25-8a14-e711-810c-3863bb34fa70" />
        <field name="tc_countryname" value="950000007" />
        <field name="tc_iso2code" value="BR" />
        <field name="tc_officialcountry" value="True" />
      </record>
      <record id="ce255c25-8a14-e711-810c-3863bb34fa70">
        <field name="tc_iso_code" value="Bahamas" />
        <field name="tc_countryid" value="ce255c25-8a14-e711-810c-3863bb34fa70" />
        <field name="tc_countryname" value="950000001" />
        <field name="tc_iso2code" value="BS" />
        <field name="tc_officialcountry" value="True" />
      </record>
      <record id="d0255c25-8a14-e711-810c-3863bb34fa70">
        <field name="tc_iso_code" value="Botswana" />
        <field name="tc_countryid" value="d0255c25-8a14-e711-810c-3863bb34fa70" />
        <field name="tc_countryname" value="950000064" />
        <field name="tc_iso2code" value="BW" />
        <field name="tc_officialcountry" value="True" />
      </record>
      <record id="d2255c25-8a14-e711-810c-3863bb34fa70">
        <field name="tc_iso_code" value="Canada" />
        <field name="tc_countryid" value="d2255c25-8a14-e711-810c-3863bb34fa70" />
        <field name="tc_countryname" value="950000008" />
        <field name="tc_iso2code" value="CA" />
        <field name="tc_officialcountry" value="True" />
      </record>
      <record id="d4255c25-8a14-e711-810c-3863bb34fa70">
        <field name="tc_iso_code" value="Switzerland" />
        <field name="tc_countryid" value="d4255c25-8a14-e711-810c-3863bb34fa70" />
        <field name="tc_countryname" value="950000049" />
        <field name="tc_iso2code" value="CH" />
        <field name="tc_officialcountry" value="True" />
      </record>
      <record id="d6255c25-8a14-e711-810c-3863bb34fa70">
        <field name="tc_iso_code" value="Chile" />
        <field name="tc_countryid" value="d6255c25-8a14-e711-810c-3863bb34fa70" />
        <field name="tc_countryname" value="950000069" />
        <field name="tc_iso2code" value="CL" />
        <field name="tc_officialcountry" value="True" />
      </record>
      <record id="d8255c25-8a14-e711-810c-3863bb34fa70">
        <field name="tc_iso_code" value="China" />
        <field name="tc_countryid" value="d8255c25-8a14-e711-810c-3863bb34fa70" />
        <field name="tc_countryname" value="950000070" />
        <field name="tc_iso2code" value="CN" />
        <field name="tc_officialcountry" value="True" />
      </record>
      <record id="da255c25-8a14-e711-810c-3863bb34fa70">
        <field name="tc_iso_code" value="Colombia" />
        <field name="tc_countryid" value="da255c25-8a14-e711-810c-3863bb34fa70" />
        <field name="tc_countryname" value="950000071" />
        <field name="tc_iso2code" value="CO" />
        <field name="tc_officialcountry" value="True" />
      </record>
      <record id="dc255c25-8a14-e711-810c-3863bb34fa70">
        <field name="tc_iso_code" value="Costa Rica" />
        <field name="tc_countryid" value="dc255c25-8a14-e711-810c-3863bb34fa70" />
        <field name="tc_countryname" value="950000010" />
        <field name="tc_iso2code" value="CR" />
        <field name="tc_officialcountry" value="True" />
      </record>
      <record id="de255c25-8a14-e711-810c-3863bb34fa70">
        <field name="tc_iso_code" value="Cuba" />
        <field name="tc_countryid" value="de255c25-8a14-e711-810c-3863bb34fa70" />
        <field name="tc_countryname" value="950000013" />
        <field name="tc_iso2code" value="CU" />
        <field name="tc_officialcountry" value="True" />
      </record>
      <record id="e0255c25-8a14-e711-810c-3863bb34fa70">
        <field name="tc_iso_code" value="Cape Verde" />
        <field name="tc_countryid" value="e0255c25-8a14-e711-810c-3863bb34fa70" />
        <field name="tc_countryname" value="950000067" />
        <field name="tc_iso2code" value="CV" />
        <field name="tc_officialcountry" value="True" />
      </record>
      <record id="e2255c25-8a14-e711-810c-3863bb34fa70">
        <field name="tc_iso_code" value="Cyprus" />
        <field name="tc_countryid" value="e2255c25-8a14-e711-810c-3863bb34fa70" />
        <field name="tc_countryname" value="950000014" />
        <field name="tc_iso2code" value="CY" />
        <field name="tc_officialcountry" value="True" />
      </record>
      <record id="e4255c25-8a14-e711-810c-3863bb34fa70">
        <field name="tc_iso_code" value="Czech Republic" />
        <field name="tc_countryid" value="e4255c25-8a14-e711-810c-3863bb34fa70" />
        <field name="tc_countryname" value="950000015" />
        <field name="tc_iso2code" value="CZ" />
        <field name="tc_officialcountry" value="True" />
      </record>
      <record id="e6255c25-8a14-e711-810c-3863bb34fa70">
        <field name="tc_iso_code" value="Germany" />
        <field name="tc_countryid" value="e6255c25-8a14-e711-810c-3863bb34fa70" />
        <field name="tc_countryname" value="950000020" />
        <field name="tc_iso2code" value="DE" />
        <field name="tc_officialcountry" value="True" />
      </record>
      <record id="e8255c25-8a14-e711-810c-3863bb34fa70">
        <field name="tc_iso_code" value="Denmark" />
        <field name="tc_countryid" value="e8255c25-8a14-e711-810c-3863bb34fa70" />
        <field name="tc_countryname" value="950000016" />
        <field name="tc_iso2code" value="DK" />
        <field name="tc_officialcountry" value="True" />
      </record>
      <record id="ea255c25-8a14-e711-810c-3863bb34fa70">
        <field name="tc_iso_code" value="Algeria" />
        <field name="tc_countryid" value="ea255c25-8a14-e711-810c-3863bb34fa70" />
        <field name="tc_countryname" value="950000055" />
        <field name="tc_iso2code" value="DZ" />
        <field name="tc_officialcountry" value="True" />
      </record>
      <record id="ec255c25-8a14-e711-810c-3863bb34fa70">
        <field name="tc_iso_code" value="Ecuador" />
        <field name="tc_countryid" value="ec255c25-8a14-e711-810c-3863bb34fa70" />
        <field name="tc_countryname" value="950000072" />
        <field name="tc_iso2code" value="EC" />
        <field name="tc_officialcountry" value="True" />
      </record>
      <record id="ee255c25-8a14-e711-810c-3863bb34fa70">
        <field name="tc_iso_code" value="Estonia" />
        <field name="tc_countryid" value="ee255c25-8a14-e711-810c-3863bb34fa70" />
        <field name="tc_countryname" value="950000073" />
        <field name="tc_iso2code" value="EE" />
        <field name="tc_officialcountry" value="True" />
      </record>
      <record id="f0255c25-8a14-e711-810c-3863bb34fa70">
        <field name="tc_iso_code" value="Egypt" />
        <field name="tc_countryid" value="f0255c25-8a14-e711-810c-3863bb34fa70" />
        <field name="tc_countryname" value="950000018" />
        <field name="tc_iso2code" value="EG" />
        <field name="tc_officialcountry" value="True" />
      </record>
      <record id="f2255c25-8a14-e711-810c-3863bb34fa70">
        <field name="tc_iso_code" value="Spain" />
        <field name="tc_countryid" value="f2255c25-8a14-e711-810c-3863bb34fa70" />
        <field name="tc_countryname" value="950000046" />
        <field name="tc_iso2code" value="ES" />
        <field name="tc_officialcountry" value="True" />
      </record>
      <record id="f4255c25-8a14-e711-810c-3863bb34fa70">
        <field name="tc_iso_code" value="Finland" />
        <field name="tc_countryid" value="f4255c25-8a14-e711-810c-3863bb34fa70" />
        <field name="tc_countryname" value="950000019" />
        <field name="tc_iso2code" value="FI" />
        <field name="tc_officialcountry" value="True" />
      </record>
      <record id="f6255c25-8a14-e711-810c-3863bb34fa70">
        <field name="tc_iso_code" value="Fiji" />
        <field name="tc_countryid" value="f6255c25-8a14-e711-810c-3863bb34fa70" />
        <field name="tc_countryname" value="950000074" />
        <field name="tc_iso2code" value="FJ" />
        <field name="tc_officialcountry" value="True" />
      </record>
      <record id="f8255c25-8a14-e711-810c-3863bb34fa70">
        <field name="tc_iso_code" value="France" />
        <field name="tc_countryid" value="f8255c25-8a14-e711-810c-3863bb34fa70" />
        <field name="tc_countryname" value="950000076" />
        <field name="tc_iso2code" value="FR" />
        <field name="tc_officialcountry" value="True" />
      </record>
      <record id="fa255c25-8a14-e711-810c-3863bb34fa70">
        <field name="tc_iso_code" value="United Kingdom" />
        <field name="tc_countryid" value="fa255c25-8a14-e711-810c-3863bb34fa70" />
        <field name="tc_countryname" value="950000052" />
        <field name="tc_iso2code" value="GB" />
        <field name="tc_officialcountry" value="True" />
      </record>
      <record id="fc255c25-8a14-e711-810c-3863bb34fa70">
        <field name="tc_iso_code" value="Grenada" />
        <field name="tc_countryid" value="fc255c25-8a14-e711-810c-3863bb34fa70" />
        <field name="tc_countryname" value="950000080" />
        <field name="tc_iso2code" value="GD" />
        <field name="tc_officialcountry" value="True" />
      </record>
      <record id="fe255c25-8a14-e711-810c-3863bb34fa70">
        <field name="tc_iso_code" value="Georgia" />
        <field name="tc_countryid" value="fe255c25-8a14-e711-810c-3863bb34fa70" />
        <field name="tc_countryname" value="950000079" />
        <field name="tc_iso2code" value="GE" />
        <field name="tc_officialcountry" value="True" />
      </record>
      <record id="00265c25-8a14-e711-810c-3863bb34fa70">
        <field name="tc_iso_code" value="Gibraltar" />
        <field name="tc_countryid" value="00265c25-8a14-e711-810c-3863bb34fa70" />
        <field name="tc_countryname" value="950000021" />
        <field name="tc_iso2code" value="GI" />
        <field name="tc_officialcountry" value="True" />
      </record>
      <record id="02265c25-8a14-e711-810c-3863bb34fa70">
        <field name="tc_iso_code" value="Gambia" />
        <field name="tc_countryid" value="02265c25-8a14-e711-810c-3863bb34fa70" />
        <field name="tc_countryname" value="950000078" />
        <field name="tc_iso2code" value="GM" />
        <field name="tc_officialcountry" value="True" />
      </record>
      <record id="04265c25-8a14-e711-810c-3863bb34fa70">
        <field name="tc_iso_code" value="Guadeloupe" />
        <field name="tc_countryid" value="04265c25-8a14-e711-810c-3863bb34fa70" />
        <field name="tc_countryname" value="950000081" />
        <field name="tc_iso2code" value="GP" />
        <field name="tc_officialcountry" value="True" />
      </record>
      <record id="06265c25-8a14-e711-810c-3863bb34fa70">
        <field name="tc_iso_code" value="Greece" />
        <field name="tc_countryid" value="06265c25-8a14-e711-810c-3863bb34fa70" />
        <field name="tc_countryname" value="950000022" />
        <field name="tc_iso2code" value="GR" />
        <field name="tc_officialcountry" value="True" />
      </record>
      <record id="08265c25-8a14-e711-810c-3863bb34fa70">
        <field name="tc_iso_code" value="Croatia" />
        <field name="tc_countryid" value="08265c25-8a14-e711-810c-3863bb34fa70" />
        <field name="tc_countryname" value="950000012" />
        <field name="tc_iso2code" value="HR" />
        <field name="tc_officialcountry" value="True" />
      </record>
      <record id="0a265c25-8a14-e711-810c-3863bb34fa70">
        <field name="tc_iso_code" value="Hungary" />
        <field name="tc_countryid" value="0a265c25-8a14-e711-810c-3863bb34fa70" />
        <field name="tc_countryname" value="950000023" />
        <field name="tc_iso2code" value="HU" />
        <field name="tc_officialcountry" value="True" />
      </record>
      <record id="0c265c25-8a14-e711-810c-3863bb34fa70">
        <field name="tc_iso_code" value="Indonesia" />
        <field name="tc_countryid" value="0c265c25-8a14-e711-810c-3863bb34fa70" />
        <field name="tc_countryname" value="950000082" />
        <field name="tc_iso2code" value="ID" />
        <field name="tc_officialcountry" value="True" />
      </record>
      <record id="0e265c25-8a14-e711-810c-3863bb34fa70">
        <field name="tc_iso_code" value="Ireland" />
        <field name="tc_countryid" value="0e265c25-8a14-e711-810c-3863bb34fa70" />
        <field name="tc_countryname" value="950000026" />
        <field name="tc_iso2code" value="IE" />
        <field name="tc_officialcountry" value="True" />
      </record>
      <record id="10265c25-8a14-e711-810c-3863bb34fa70">
        <field name="tc_iso_code" value="Israel" />
        <field name="tc_countryid" value="10265c25-8a14-e711-810c-3863bb34fa70" />
        <field name="tc_countryname" value="950000083" />
        <field name="tc_iso2code" value="IL" />
        <field name="tc_officialcountry" value="True" />
      </record>
      <record id="12265c25-8a14-e711-810c-3863bb34fa70">
        <field name="tc_iso_code" value="India" />
        <field name="tc_countryid" value="12265c25-8a14-e711-810c-3863bb34fa70" />
        <field name="tc_countryname" value="950000025" />
        <field name="tc_iso2code" value="IN" />
        <field name="tc_officialcountry" value="True" />
      </record>
      <record id="14265c25-8a14-e711-810c-3863bb34fa70">
        <field name="tc_iso_code" value="Iceland" />
        <field name="tc_countryid" value="14265c25-8a14-e711-810c-3863bb34fa70" />
        <field name="tc_countryname" value="950000024" />
        <field name="tc_iso2code" value="IS" />
        <field name="tc_officialcountry" value="True" />
      </record>
      <record id="16265c25-8a14-e711-810c-3863bb34fa70">
        <field name="tc_iso_code" value="Italy" />
        <field name="tc_countryid" value="16265c25-8a14-e711-810c-3863bb34fa70" />
        <field name="tc_countryname" value="950000028" />
        <field name="tc_iso2code" value="IT" />
        <field name="tc_officialcountry" value="True" />
      </record>
      <record id="18265c25-8a14-e711-810c-3863bb34fa70">
        <field name="tc_iso_code" value="Jamaica" />
        <field name="tc_countryid" value="18265c25-8a14-e711-810c-3863bb34fa70" />
        <field name="tc_countryname" value="950000029" />
        <field name="tc_iso2code" value="JM" />
        <field name="tc_officialcountry" value="True" />
      </record>
      <record id="1a265c25-8a14-e711-810c-3863bb34fa70">
        <field name="tc_iso_code" value="Jordan" />
        <field name="tc_countryid" value="1a265c25-8a14-e711-810c-3863bb34fa70" />
        <field name="tc_countryname" value="950000084" />
        <field name="tc_iso2code" value="JO" />
        <field name="tc_officialcountry" value="True" />
      </record>
      <record id="1c265c25-8a14-e711-810c-3863bb34fa70">
        <field name="tc_iso_code" value="Japan" />
        <field name="tc_countryid" value="1c265c25-8a14-e711-810c-3863bb34fa70" />
        <field name="tc_countryname" value="950000030" />
        <field name="tc_iso2code" value="JP" />
        <field name="tc_officialcountry" value="True" />
      </record>
      <record id="1e265c25-8a14-e711-810c-3863bb34fa70">
        <field name="tc_iso_code" value="Kenya" />
        <field name="tc_countryid" value="1e265c25-8a14-e711-810c-3863bb34fa70" />
        <field name="tc_countryname" value="950000033" />
        <field name="tc_iso2code" value="KE" />
        <field name="tc_officialcountry" value="True" />
      </record>
      <record id="20265c25-8a14-e711-810c-3863bb34fa70">
        <field name="tc_iso_code" value="Cambodia" />
        <field name="tc_countryid" value="20265c25-8a14-e711-810c-3863bb34fa70" />
        <field name="tc_countryname" value="950000066" />
        <field name="tc_iso2code" value="KH" />
        <field name="tc_officialcountry" value="True" />
      </record>
      <record id="22265c25-8a14-e711-810c-3863bb34fa70">
        <field name="tc_iso_code" value="South Korea" />
        <field name="tc_countryid" value="22265c25-8a14-e711-810c-3863bb34fa70" />
        <field name="tc_countryname" value="950000124" />
        <field name="tc_iso2code" value="KR" />
        <field name="tc_officialcountry" value="True" />
      </record>
      <record id="24265c25-8a14-e711-810c-3863bb34fa70">
        <field name="tc_iso_code" value="Kuwait" />
        <field name="tc_countryid" value="24265c25-8a14-e711-810c-3863bb34fa70" />
        <field name="tc_countryname" value="950000085" />
        <field name="tc_iso2code" value="KW" />
        <field name="tc_officialcountry" value="True" />
      </record>
      <record id="26265c25-8a14-e711-810c-3863bb34fa70">
        <field name="tc_iso_code" value="Cayman Islands" />
        <field name="tc_countryid" value="26265c25-8a14-e711-810c-3863bb34fa70" />
        <field name="tc_countryname" value="950000068" />
        <field name="tc_iso2code" value="KY" />
        <field name="tc_officialcountry" value="True" />
      </record>
      <record id="28265c25-8a14-e711-810c-3863bb34fa70">
        <field name="tc_iso_code" value="Laos" />
        <field name="tc_countryid" value="28265c25-8a14-e711-810c-3863bb34fa70" />
        <field name="tc_countryname" value="950000086" />
        <field name="tc_iso2code" value="LA" />
        <field name="tc_officialcountry" value="True" />
      </record>
      <record id="2a265c25-8a14-e711-810c-3863bb34fa70">
        <field name="tc_iso_code" value="Lebanon" />
        <field name="tc_countryid" value="2a265c25-8a14-e711-810c-3863bb34fa70" />
        <field name="tc_countryname" value="950000088" />
        <field name="tc_iso2code" value="LB" />
        <field name="tc_officialcountry" value="True" />
      </record>
      <record id="2c265c25-8a14-e711-810c-3863bb34fa70">
        <field name="tc_iso_code" value="Saint Lucia" />
        <field name="tc_countryid" value="2c265c25-8a14-e711-810c-3863bb34fa70" />
        <field name="tc_countryname" value="950000114" />
        <field name="tc_iso2code" value="LC" />
        <field name="tc_officialcountry" value="True" />
      </record>
      <record id="2e265c25-8a14-e711-810c-3863bb34fa70">
        <field name="tc_iso_code" value="Liechtenstein" />
        <field name="tc_countryid" value="2e265c25-8a14-e711-810c-3863bb34fa70" />
        <field name="tc_countryname" value="950000090" />
        <field name="tc_iso2code" value="LI" />
        <field name="tc_officialcountry" value="True" />
      </record>
      <record id="30265c25-8a14-e711-810c-3863bb34fa70">
        <field name="tc_iso_code" value="Sri Lanka" />
        <field name="tc_countryid" value="30265c25-8a14-e711-810c-3863bb34fa70" />
        <field name="tc_countryname" value="950000047" />
        <field name="tc_iso2code" value="LK" />
        <field name="tc_officialcountry" value="True" />
      </record>
      <record id="32265c25-8a14-e711-810c-3863bb34fa70">
        <field name="tc_iso_code" value="Lesotho" />
        <field name="tc_countryid" value="32265c25-8a14-e711-810c-3863bb34fa70" />
        <field name="tc_countryname" value="950000089" />
        <field name="tc_iso2code" value="LS" />
        <field name="tc_officialcountry" value="True" />
      </record>
      <record id="34265c25-8a14-e711-810c-3863bb34fa70">
        <field name="tc_iso_code" value="Lithuania" />
        <field name="tc_countryid" value="34265c25-8a14-e711-810c-3863bb34fa70" />
        <field name="tc_countryname" value="950000091" />
        <field name="tc_iso2code" value="LT" />
        <field name="tc_officialcountry" value="True" />
      </record>
      <record id="36265c25-8a14-e711-810c-3863bb34fa70">
        <field name="tc_iso_code" value="Luxembourg" />
        <field name="tc_countryid" value="36265c25-8a14-e711-810c-3863bb34fa70" />
        <field name="tc_countryname" value="950000034" />
        <field name="tc_iso2code" value="LU" />
        <field name="tc_officialcountry" value="True" />
      </record>
      <record id="38265c25-8a14-e711-810c-3863bb34fa70">
        <field name="tc_iso_code" value="Latvia" />
        <field name="tc_countryid" value="38265c25-8a14-e711-810c-3863bb34fa70" />
        <field name="tc_countryname" value="950000087" />
        <field name="tc_iso2code" value="LV" />
        <field name="tc_officialcountry" value="True" />
      </record>
      <record id="3a265c25-8a14-e711-810c-3863bb34fa70">
        <field name="tc_iso_code" value="Monaco" />
        <field name="tc_countryid" value="3a265c25-8a14-e711-810c-3863bb34fa70" />
        <field name="tc_countryname" value="950000095" />
        <field name="tc_iso2code" value="MC" />
        <field name="tc_officialcountry" value="True" />
      </record>
      <record id="3c265c25-8a14-e711-810c-3863bb34fa70">
        <field name="tc_iso_code" value="Moldova" />
        <field name="tc_countryid" value="3c265c25-8a14-e711-810c-3863bb34fa70" />
        <field name="tc_countryname" value="950000094" />
        <field name="tc_iso2code" value="MD" />
        <field name="tc_officialcountry" value="True" />
      </record>
      <record id="3e265c25-8a14-e711-810c-3863bb34fa70">
        <field name="tc_iso_code" value="Montenegro" />
        <field name="tc_countryid" value="3e265c25-8a14-e711-810c-3863bb34fa70" />
        <field name="tc_countryname" value="950000096" />
        <field name="tc_iso2code" value="ME" />
        <field name="tc_officialcountry" value="True" />
      </record>
      <record id="40265c25-8a14-e711-810c-3863bb34fa70">
        <field name="tc_iso_code" value="Saint Martin" />
        <field name="tc_countryid" value="40265c25-8a14-e711-810c-3863bb34fa70" />
        <field name="tc_countryname" value="950000115" />
        <field name="tc_iso2code" value="MF" />
        <field name="tc_officialcountry" value="True" />
      </record>
      <record id="42265c25-8a14-e711-810c-3863bb34fa70">
        <field name="tc_iso_code" value="Macedonia" />
        <field name="tc_countryid" value="42265c25-8a14-e711-810c-3863bb34fa70" />
        <field name="tc_countryname" value="950000092" />
        <field name="tc_iso2code" value="MK" />
        <field name="tc_officialcountry" value="True" />
      </record>
      <record id="44265c25-8a14-e711-810c-3863bb34fa70">
        <field name="tc_iso_code" value="Myanmar" />
        <field name="tc_countryid" value="44265c25-8a14-e711-810c-3863bb34fa70" />
        <field name="tc_countryname" value="950000099" />
        <field name="tc_iso2code" value="MM" />
        <field name="tc_officialcountry" value="True" />
      </record>
      <record id="46265c25-8a14-e711-810c-3863bb34fa70">
        <field name="tc_iso_code" value="Martinique" />
        <field name="tc_countryid" value="46265c25-8a14-e711-810c-3863bb34fa70" />
        <field name="tc_countryname" value="950000093" />
        <field name="tc_iso2code" value="MQ" />
        <field name="tc_officialcountry" value="True" />
      </record>
      <record id="48265c25-8a14-e711-810c-3863bb34fa70">
        <field name="tc_iso_code" value="Malta" />
        <field name="tc_countryid" value="48265c25-8a14-e711-810c-3863bb34fa70" />
        <field name="tc_countryname" value="950000039" />
        <field name="tc_iso2code" value="MT" />
        <field name="tc_officialcountry" value="True" />
      </record>
      <record id="4a265c25-8a14-e711-810c-3863bb34fa70">
        <field name="tc_iso_code" value="Mauritius" />
        <field name="tc_countryid" value="4a265c25-8a14-e711-810c-3863bb34fa70" />
        <field name="tc_countryname" value="950000040" />
        <field name="tc_iso2code" value="MU" />
        <field name="tc_officialcountry" value="True" />
      </record>
      <record id="4c265c25-8a14-e711-810c-3863bb34fa70">
        <field name="tc_iso_code" value="Maldives" />
        <field name="tc_countryid" value="4c265c25-8a14-e711-810c-3863bb34fa70" />
        <field name="tc_countryname" value="950000037" />
        <field name="tc_iso2code" value="MV" />
        <field name="tc_officialcountry" value="True" />
      </record>
      <record id="4e265c25-8a14-e711-810c-3863bb34fa70">
        <field name="tc_iso_code" value="Mexico" />
        <field name="tc_countryid" value="4e265c25-8a14-e711-810c-3863bb34fa70" />
        <field name="tc_countryname" value="950000041" />
        <field name="tc_iso2code" value="MX" />
        <field name="tc_officialcountry" value="True" />
      </record>
      <record id="50265c25-8a14-e711-810c-3863bb34fa70">
        <field name="tc_iso_code" value="Malaysia" />
        <field name="tc_countryid" value="50265c25-8a14-e711-810c-3863bb34fa70" />
        <field name="tc_countryname" value="950000036" />
        <field name="tc_iso2code" value="MY" />
        <field name="tc_officialcountry" value="True" />
      </record>
      <record id="52265c25-8a14-e711-810c-3863bb34fa70">
        <field name="tc_iso_code" value="Mozambique" />
        <field name="tc_countryid" value="52265c25-8a14-e711-810c-3863bb34fa70" />
        <field name="tc_countryname" value="950000098" />
        <field name="tc_iso2code" value="MZ" />
        <field name="tc_officialcountry" value="True" />
      </record>
      <record id="54265c25-8a14-e711-810c-3863bb34fa70">
        <field name="tc_iso_code" value="Namibia" />
        <field name="tc_countryid" value="54265c25-8a14-e711-810c-3863bb34fa70" />
        <field name="tc_countryname" value="950000100" />
        <field name="tc_iso2code" value="NA" />
        <field name="tc_officialcountry" value="True" />
      </record>
      <record id="56265c25-8a14-e711-810c-3863bb34fa70">
        <field name="tc_iso_code" value="Nicaragua" />
        <field name="tc_countryid" value="56265c25-8a14-e711-810c-3863bb34fa70" />
        <field name="tc_countryname" value="950000104" />
        <field name="tc_iso2code" value="NI" />
        <field name="tc_officialcountry" value="True" />
      </record>
      <record id="58265c25-8a14-e711-810c-3863bb34fa70">
        <field name="tc_iso_code" value="Netherlands" />
        <field name="tc_countryid" value="58265c25-8a14-e711-810c-3863bb34fa70" />
        <field name="tc_countryname" value="950000101" />
        <field name="tc_iso2code" value="NL" />
        <field name="tc_officialcountry" value="True" />
      </record>
      <record id="5a265c25-8a14-e711-810c-3863bb34fa70">
        <field name="tc_iso_code" value="Norway" />
        <field name="tc_countryid" value="5a265c25-8a14-e711-810c-3863bb34fa70" />
        <field name="tc_countryname" value="950000042" />
        <field name="tc_iso2code" value="NO" />
        <field name="tc_officialcountry" value="True" />
      </record>
      <record id="5c265c25-8a14-e711-810c-3863bb34fa70">
        <field name="tc_iso_code" value="New Zealand" />
        <field name="tc_countryid" value="5c265c25-8a14-e711-810c-3863bb34fa70" />
        <field name="tc_countryname" value="950000103" />
        <field name="tc_iso2code" value="NZ" />
        <field name="tc_officialcountry" value="True" />
      </record>
      <record id="5e265c25-8a14-e711-810c-3863bb34fa70">
        <field name="tc_iso_code" value="Oman" />
        <field name="tc_countryid" value="5e265c25-8a14-e711-810c-3863bb34fa70" />
        <field name="tc_countryname" value="950000105" />
        <field name="tc_iso2code" value="OM" />
        <field name="tc_officialcountry" value="True" />
      </record>
      <record id="60265c25-8a14-e711-810c-3863bb34fa70">
        <field name="tc_iso_code" value="Panama" />
        <field name="tc_countryid" value="60265c25-8a14-e711-810c-3863bb34fa70" />
        <field name="tc_countryname" value="950000106" />
        <field name="tc_iso2code" value="PA" />
        <field name="tc_officialcountry" value="True" />
      </record>
      <record id="62265c25-8a14-e711-810c-3863bb34fa70">
        <field name="tc_iso_code" value="Peru" />
        <field name="tc_countryid" value="62265c25-8a14-e711-810c-3863bb34fa70" />
        <field name="tc_countryname" value="950000107" />
        <field name="tc_iso2code" value="PE" />
        <field name="tc_officialcountry" value="True" />
      </record>
      <record id="64265c25-8a14-e711-810c-3863bb34fa70">
        <field name="tc_iso_code" value="French Polynesia" />
        <field name="tc_countryid" value="64265c25-8a14-e711-810c-3863bb34fa70" />
        <field name="tc_countryname" value="950000077" />
        <field name="tc_iso2code" value="PF" />
        <field name="tc_officialcountry" value="True" />
      </record>
      <record id="66265c25-8a14-e711-810c-3863bb34fa70">
        <field name="tc_iso_code" value="Philippines" />
        <field name="tc_countryid" value="66265c25-8a14-e711-810c-3863bb34fa70" />
        <field name="tc_countryname" value="950000108" />
        <field name="tc_iso2code" value="PH" />
        <field name="tc_officialcountry" value="True" />
      </record>
      <record id="68265c25-8a14-e711-810c-3863bb34fa70">
        <field name="tc_iso_code" value="Poland" />
        <field name="tc_countryid" value="68265c25-8a14-e711-810c-3863bb34fa70" />
        <field name="tc_countryname" value="950000043" />
        <field name="tc_iso2code" value="PL" />
        <field name="tc_officialcountry" value="True" />
      </record>
      <record id="6a265c25-8a14-e711-810c-3863bb34fa70">
        <field name="tc_iso_code" value="Puerto Rico" />
        <field name="tc_countryid" value="6a265c25-8a14-e711-810c-3863bb34fa70" />
        <field name="tc_countryname" value="950000109" />
        <field name="tc_iso2code" value="PR" />
        <field name="tc_officialcountry" value="True" />
      </record>
      <record id="6c265c25-8a14-e711-810c-3863bb34fa70">
        <field name="tc_iso_code" value="Portugal" />
        <field name="tc_countryid" value="6c265c25-8a14-e711-810c-3863bb34fa70" />
        <field name="tc_countryname" value="950000044" />
        <field name="tc_iso2code" value="PT" />
        <field name="tc_officialcountry" value="True" />
      </record>
      <record id="6e265c25-8a14-e711-810c-3863bb34fa70">
        <field name="tc_iso_code" value="Qatar" />
        <field name="tc_countryid" value="6e265c25-8a14-e711-810c-3863bb34fa70" />
        <field name="tc_countryname" value="950000110" />
        <field name="tc_iso2code" value="QA" />
        <field name="tc_officialcountry" value="True" />
      </record>
      <record id="70265c25-8a14-e711-810c-3863bb34fa70">
        <field name="tc_iso_code" value="Reunion" />
        <field name="tc_countryid" value="70265c25-8a14-e711-810c-3863bb34fa70" />
        <field name="tc_countryname" value="950000111" />
        <field name="tc_iso2code" value="RE" />
        <field name="tc_officialcountry" value="True" />
      </record>
      <record id="72265c25-8a14-e711-810c-3863bb34fa70">
        <field name="tc_iso_code" value="Romania" />
        <field name="tc_countryid" value="72265c25-8a14-e711-810c-3863bb34fa70" />
        <field name="tc_countryname" value="950000045" />
        <field name="tc_iso2code" value="RO" />
        <field name="tc_officialcountry" value="True" />
      </record>
      <record id="74265c25-8a14-e711-810c-3863bb34fa70">
        <field name="tc_iso_code" value="Serbia" />
        <field name="tc_countryid" value="74265c25-8a14-e711-810c-3863bb34fa70" />
        <field name="tc_countryname" value="950000118" />
        <field name="tc_iso2code" value="RS" />
        <field name="tc_officialcountry" value="True" />
      </record>
      <record id="76265c25-8a14-e711-810c-3863bb34fa70">
        <field name="tc_iso_code" value="Russia" />
        <field name="tc_countryid" value="76265c25-8a14-e711-810c-3863bb34fa70" />
        <field name="tc_countryname" value="950000112" />
        <field name="tc_iso2code" value="RU" />
        <field name="tc_officialcountry" value="True" />
      </record>
      <record id="78265c25-8a14-e711-810c-3863bb34fa70">
        <field name="tc_iso_code" value="Saudi Arabia" />
        <field name="tc_countryid" value="78265c25-8a14-e711-810c-3863bb34fa70" />
        <field name="tc_countryname" value="950000116" />
        <field name="tc_iso2code" value="SA" />
        <field name="tc_officialcountry" value="True" />
      </record>
      <record id="7a265c25-8a14-e711-810c-3863bb34fa70">
        <field name="tc_iso_code" value="Seychelles" />
        <field name="tc_countryid" value="7a265c25-8a14-e711-810c-3863bb34fa70" />
        <field name="tc_countryname" value="950000119" />
        <field name="tc_iso2code" value="SC" />
        <field name="tc_officialcountry" value="True" />
      </record>
      <record id="7c265c25-8a14-e711-810c-3863bb34fa70">
        <field name="tc_iso_code" value="Sweden" />
        <field name="tc_countryid" value="7c265c25-8a14-e711-810c-3863bb34fa70" />
        <field name="tc_countryname" value="950000048" />
        <field name="tc_iso2code" value="SE" />
        <field name="tc_officialcountry" value="True" />
      </record>
      <record id="7e265c25-8a14-e711-810c-3863bb34fa70">
        <field name="tc_iso_code" value="Singapore" />
        <field name="tc_countryid" value="7e265c25-8a14-e711-810c-3863bb34fa70" />
        <field name="tc_countryname" value="950000120" />
        <field name="tc_iso2code" value="SG" />
        <field name="tc_officialcountry" value="True" />
      </record>
      <record id="80265c25-8a14-e711-810c-3863bb34fa70">
        <field name="tc_iso_code" value="Slovenia" />
        <field name="tc_countryid" value="80265c25-8a14-e711-810c-3863bb34fa70" />
        <field name="tc_countryname" value="950000122" />
        <field name="tc_iso2code" value="SI" />
        <field name="tc_officialcountry" value="True" />
      </record>
      <record id="82265c25-8a14-e711-810c-3863bb34fa70">
        <field name="tc_iso_code" value="Slovakia" />
        <field name="tc_countryid" value="82265c25-8a14-e711-810c-3863bb34fa70" />
        <field name="tc_countryname" value="950000121" />
        <field name="tc_iso2code" value="SK" />
        <field name="tc_officialcountry" value="True" />
      </record>
      <record id="84265c25-8a14-e711-810c-3863bb34fa70">
        <field name="tc_iso_code" value="Senegal" />
        <field name="tc_countryid" value="84265c25-8a14-e711-810c-3863bb34fa70" />
        <field name="tc_countryname" value="950000117" />
        <field name="tc_iso2code" value="SN" />
        <field name="tc_officialcountry" value="True" />
      </record>
      <record id="86265c25-8a14-e711-810c-3863bb34fa70">
        <field name="tc_iso_code" value="Swaziland" />
        <field name="tc_countryid" value="86265c25-8a14-e711-810c-3863bb34fa70" />
        <field name="tc_countryname" value="950000137" />
        <field name="tc_iso2code" value="SZ" />
        <field name="tc_officialcountry" value="True" />
      </record>
      <record id="88265c25-8a14-e711-810c-3863bb34fa70">
        <field name="tc_iso_code" value="Turks and Caicos Islands" />
        <field name="tc_countryid" value="88265c25-8a14-e711-810c-3863bb34fa70" />
        <field name="tc_countryname" value="950000129" />
        <field name="tc_iso2code" value="TC" />
        <field name="tc_officialcountry" value="True" />
      </record>
      <record id="8a265c25-8a14-e711-810c-3863bb34fa70">
        <field name="tc_iso_code" value="Thailand" />
        <field name="tc_countryid" value="8a265c25-8a14-e711-810c-3863bb34fa70" />
        <field name="tc_countryname" value="950000050" />
        <field name="tc_iso2code" value="TH" />
        <field name="tc_officialcountry" value="True" />
      </record>
      <record id="8c265c25-8a14-e711-810c-3863bb34fa70">
        <field name="tc_iso_code" value="Tunisia" />
        <field name="tc_countryid" value="8c265c25-8a14-e711-810c-3863bb34fa70" />
        <field name="tc_countryname" value="950000051" />
        <field name="tc_iso2code" value="TN" />
        <field name="tc_officialcountry" value="True" />
      </record>
      <record id="8e265c25-8a14-e711-810c-3863bb34fa70">
        <field name="tc_iso_code" value="Turkey" />
        <field name="tc_countryid" value="8e265c25-8a14-e711-810c-3863bb34fa70" />
        <field name="tc_countryname" value="950000128" />
        <field name="tc_iso2code" value="TR" />
        <field name="tc_officialcountry" value="True" />
      </record>
      <record id="90265c25-8a14-e711-810c-3863bb34fa70">
        <field name="tc_iso_code" value="Trinidad and Tobago" />
        <field name="tc_countryid" value="90265c25-8a14-e711-810c-3863bb34fa70" />
        <field name="tc_countryname" value="950000127" />
        <field name="tc_iso2code" value="TT" />
        <field name="tc_officialcountry" value="True" />
      </record>
      <record id="92265c25-8a14-e711-810c-3863bb34fa70">
        <field name="tc_iso_code" value="Taiwan" />
        <field name="tc_countryid" value="92265c25-8a14-e711-810c-3863bb34fa70" />
        <field name="tc_countryname" value="950000125" />
        <field name="tc_iso2code" value="TW" />
        <field name="tc_officialcountry" value="True" />
      </record>
      <record id="94265c25-8a14-e711-810c-3863bb34fa70">
        <field name="tc_iso_code" value="Tanzania" />
        <field name="tc_countryid" value="94265c25-8a14-e711-810c-3863bb34fa70" />
        <field name="tc_countryname" value="950000126" />
        <field name="tc_iso2code" value="TZ" />
        <field name="tc_officialcountry" value="True" />
      </record>
      <record id="96265c25-8a14-e711-810c-3863bb34fa70">
        <field name="tc_iso_code" value="Ukraine" />
        <field name="tc_countryid" value="96265c25-8a14-e711-810c-3863bb34fa70" />
        <field name="tc_countryname" value="950000130" />
        <field name="tc_iso2code" value="UA" />
        <field name="tc_officialcountry" value="True" />
      </record>
      <record id="98265c25-8a14-e711-810c-3863bb34fa70">
        <field name="tc_iso_code" value="United States" />
        <field name="tc_countryid" value="98265c25-8a14-e711-810c-3863bb34fa70" />
        <field name="tc_countryname" value="950000053" />
        <field name="tc_iso2code" value="US" />
        <field name="tc_officialcountry" value="True" />
      </record>
      <record id="9a265c25-8a14-e711-810c-3863bb34fa70">
        <field name="tc_iso_code" value="Uruguay" />
        <field name="tc_countryid" value="9a265c25-8a14-e711-810c-3863bb34fa70" />
        <field name="tc_countryname" value="950000132" />
        <field name="tc_iso2code" value="UY" />
        <field name="tc_officialcountry" value="True" />
      </record>
      <record id="9c265c25-8a14-e711-810c-3863bb34fa70">
        <field name="tc_iso_code" value="Venezuela" />
        <field name="tc_countryid" value="9c265c25-8a14-e711-810c-3863bb34fa70" />
        <field name="tc_countryname" value="950000133" />
        <field name="tc_iso2code" value="VE" />
        <field name="tc_officialcountry" value="True" />
      </record>
      <record id="9e265c25-8a14-e711-810c-3863bb34fa70">
        <field name="tc_iso_code" value="Vietnam" />
        <field name="tc_countryid" value="9e265c25-8a14-e711-810c-3863bb34fa70" />
        <field name="tc_countryname" value="950000134" />
        <field name="tc_iso2code" value="VN" />
        <field name="tc_officialcountry" value="True" />
      </record>
      <record id="a0265c25-8a14-e711-810c-3863bb34fa70">
        <field name="tc_iso_code" value="Zambia" />
        <field name="tc_countryid" value="a0265c25-8a14-e711-810c-3863bb34fa70" />
        <field name="tc_countryname" value="950000135" />
        <field name="tc_iso2code" value="ZM" />
        <field name="tc_officialcountry" value="True" />
      </record>
      <record id="a2265c25-8a14-e711-810c-3863bb34fa70">
        <field name="tc_iso_code" value="Zimbabwe" />
        <field name="tc_countryid" value="a2265c25-8a14-e711-810c-3863bb34fa70" />
        <field name="tc_countryname" value="950000136" />
        <field name="tc_iso2code" value="ZW" />
        <field name="tc_officialcountry" value="True" />
      </record>
      <record id="a4265c25-8a14-e711-810c-3863bb34fa70">
        <field name="tc_iso_code" value="Sao Tome and Principe" />
        <field name="tc_countryid" value="a4265c25-8a14-e711-810c-3863bb34fa70" />
        <field name="tc_countryname" value="950000160" />
        <field name="tc_iso2code" value="ST" />
        <field name="tc_officialcountry" value="True" />
      </record>
      <record id="a6265c25-8a14-e711-810c-3863bb34fa70">
        <field name="tc_iso_code" value="Togo" />
        <field name="tc_countryid" value="a6265c25-8a14-e711-810c-3863bb34fa70" />
        <field name="tc_countryname" value="950000163" />
        <field name="tc_iso2code" value="TG" />
        <field name="tc_officialcountry" value="True" />
      </record>
      <record id="a8265c25-8a14-e711-810c-3863bb34fa70">
        <field name="tc_iso_code" value="Guatemala" />
        <field name="tc_countryid" value="a8265c25-8a14-e711-810c-3863bb34fa70" />
        <field name="tc_countryname" value="950000150" />
        <field name="tc_iso2code" value="GT" />
        <field name="tc_officialcountry" value="True" />
      </record>
      <record id="aa265c25-8a14-e711-810c-3863bb34fa70">
        <field name="tc_iso_code" value="Cook Islands" />
        <field name="tc_countryid" value="aa265c25-8a14-e711-810c-3863bb34fa70" />
        <field name="tc_countryname" value="950000009" />
        <field name="tc_iso2code" value="CK" />
        <field name="tc_officialcountry" value="True" />
      </record>
      <record id="ac265c25-8a14-e711-810c-3863bb34fa70">
        <field name="tc_iso_code" value="Congo" />
        <field name="tc_countryid" value="ac265c25-8a14-e711-810c-3863bb34fa70" />
        <field name="tc_countryname" value="950000145" />
        <field name="tc_iso2code" value="CG" />
        <field name="tc_officialcountry" value="True" />
      </record>
      <record id="ae265c25-8a14-e711-810c-3863bb34fa70">
        <field name="tc_iso_code" value="Syrian Arab Republic" />
        <field name="tc_countryid" value="ae265c25-8a14-e711-810c-3863bb34fa70" />
        <field name="tc_countryname" value="950000162" />
        <field name="tc_iso2code" value="SY" />
        <field name="tc_officialcountry" value="True" />
      </record>
      <record id="b0265c25-8a14-e711-810c-3863bb34fa70">
        <field name="tc_iso_code" value="Belize" />
        <field name="tc_countryid" value="b0265c25-8a14-e711-810c-3863bb34fa70" />
        <field name="tc_countryname" value="950000005" />
        <field name="tc_iso2code" value="BZ" />
        <field name="tc_officialcountry" value="True" />
      </record>
      <record id="b2265c25-8a14-e711-810c-3863bb34fa70">
        <field name="tc_iso_code" value="Saint Vincent and the Grenadines" />
        <field name="tc_countryid" value="b2265c25-8a14-e711-810c-3863bb34fa70" />
        <field name="tc_countryname" value="950000159" />
        <field name="tc_iso2code" value="VC" />
        <field name="tc_officialcountry" value="True" />
      </record>
      <record id="b4265c25-8a14-e711-810c-3863bb34fa70">
        <field name="tc_iso_code" value="Saint Helena, Ascension and Tristan da Cunha" />
        <field name="tc_countryid" value="b4265c25-8a14-e711-810c-3863bb34fa70" />
        <field name="tc_countryname" value="950000157" />
        <field name="tc_iso2code" value="SH" />
        <field name="tc_officialcountry" value="True" />
      </record>
      <record id="b6265c25-8a14-e711-810c-3863bb34fa70">
        <field name="tc_iso_code" value="Angola" />
        <field name="tc_countryid" value="b6265c25-8a14-e711-810c-3863bb34fa70" />
        <field name="tc_countryname" value="950000139" />
        <field name="tc_iso2code" value="AO" />
        <field name="tc_officialcountry" value="True" />
      </record>
      <record id="b8265c25-8a14-e711-810c-3863bb34fa70">
        <field name="tc_iso_code" value="Uganda" />
        <field name="tc_countryid" value="b8265c25-8a14-e711-810c-3863bb34fa70" />
        <field name="tc_countryname" value="950000166" />
        <field name="tc_iso2code" value="UG" />
        <field name="tc_officialcountry" value="True" />
      </record>
      <record id="ba265c25-8a14-e711-810c-3863bb34fa70">
        <field name="tc_iso_code" value="French Guiana" />
        <field name="tc_countryid" value="ba265c25-8a14-e711-810c-3863bb34fa70" />
        <field name="tc_countryname" value="950000148" />
        <field name="tc_iso2code" value="GF" />
        <field name="tc_officialcountry" value="True" />
      </record>
      <record id="bc265c25-8a14-e711-810c-3863bb34fa70">
        <field name="tc_iso_code" value="Uzbekistan" />
        <field name="tc_countryid" value="bc265c25-8a14-e711-810c-3863bb34fa70" />
        <field name="tc_countryname" value="950000167" />
        <field name="tc_iso2code" value="UZ" />
        <field name="tc_officialcountry" value="True" />
      </record>
      <record id="be265c25-8a14-e711-810c-3863bb34fa70">
        <field name="tc_iso_code" value="Paraguay" />
        <field name="tc_countryid" value="be265c25-8a14-e711-810c-3863bb34fa70" />
        <field name="tc_countryname" value="950000156" />
        <field name="tc_iso2code" value="PY" />
        <field name="tc_officialcountry" value="True" />
      </record>
      <record id="c0265c25-8a14-e711-810c-3863bb34fa70">
        <field name="tc_iso_code" value="Ghana" />
        <field name="tc_countryid" value="c0265c25-8a14-e711-810c-3863bb34fa70" />
        <field name="tc_countryname" value="950000149" />
        <field name="tc_iso2code" value="GH" />
        <field name="tc_officialcountry" value="True" />
      </record>
      <record id="c2265c25-8a14-e711-810c-3863bb34fa70">
        <field name="tc_iso_code" value="Haiti" />
        <field name="tc_countryid" value="c2265c25-8a14-e711-810c-3863bb34fa70" />
        <field name="tc_countryname" value="950000152" />
        <field name="tc_iso2code" value="HT" />
        <field name="tc_officialcountry" value="True" />
      </record>
      <record id="c4265c25-8a14-e711-810c-3863bb34fa70">
        <field name="tc_iso_code" value="Saint Kitts and Nevis" />
        <field name="tc_countryid" value="c4265c25-8a14-e711-810c-3863bb34fa70" />
        <field name="tc_countryname" value="950000158" />
        <field name="tc_iso2code" value="KN" />
        <field name="tc_officialcountry" value="True" />
      </record>
      <record id="c6265c25-8a14-e711-810c-3863bb34fa70">
        <field name="tc_iso_code" value="Kazakhstan" />
        <field name="tc_countryid" value="c6265c25-8a14-e711-810c-3863bb34fa70" />
        <field name="tc_countryname" value="950000154" />
        <field name="tc_iso2code" value="KZ" />
        <field name="tc_officialcountry" value="True" />
      </record>
      <record id="c8265c25-8a14-e711-810c-3863bb34fa70">
        <field name="tc_iso_code" value="Ethiopia" />
        <field name="tc_countryid" value="c8265c25-8a14-e711-810c-3863bb34fa70" />
        <field name="tc_countryname" value="950000147" />
        <field name="tc_iso2code" value="ET" />
        <field name="tc_officialcountry" value="True" />
      </record>
      <record id="ca265c25-8a14-e711-810c-3863bb34fa70">
        <field name="tc_iso_code" value="Brunei Darussalam" />
        <field name="tc_countryid" value="ca265c25-8a14-e711-810c-3863bb34fa70" />
        <field name="tc_countryname" value="950000141" />
        <field name="tc_iso2code" value="BN" />
        <field name="tc_officialcountry" value="True" />
      </record>
      <record id="cc265c25-8a14-e711-810c-3863bb34fa70">
        <field name="tc_iso_code" value="Belarus" />
        <field name="tc_countryid" value="cc265c25-8a14-e711-810c-3863bb34fa70" />
        <field name="tc_countryname" value="950000003" />
        <field name="tc_iso2code" value="BY" />
        <field name="tc_officialcountry" value="True" />
      </record>
      <record id="ce265c25-8a14-e711-810c-3863bb34fa70">
        <field name="tc_iso_code" value="Burundi" />
        <field name="tc_countryid" value="ce265c25-8a14-e711-810c-3863bb34fa70" />
        <field name="tc_countryname" value="950000143" />
        <field name="tc_iso2code" value="BI" />
        <field name="tc_officialcountry" value="True" />
      </record>
      <record id="d0265c25-8a14-e711-810c-3863bb34fa70">
        <field name="tc_iso_code" value="Comoros" />
        <field name="tc_countryid" value="d0265c25-8a14-e711-810c-3863bb34fa70" />
        <field name="tc_countryname" value="950000144" />
        <field name="tc_iso2code" value="KM" />
        <field name="tc_officialcountry" value="True" />
      </record>
      <record id="d2265c25-8a14-e711-810c-3863bb34fa70">
        <field name="tc_iso_code" value="Suriname" />
        <field name="tc_countryid" value="d2265c25-8a14-e711-810c-3863bb34fa70" />
        <field name="tc_countryname" value="950000161" />
        <field name="tc_iso2code" value="SR" />
        <field name="tc_officialcountry" value="True" />
      </record>
      <record id="d4265c25-8a14-e711-810c-3863bb34fa70">
        <field name="tc_iso_code" value="Yemen" />
        <field name="tc_countryid" value="d4265c25-8a14-e711-810c-3863bb34fa70" />
        <field name="tc_countryname" value="950000170" />
        <field name="tc_iso2code" value="YE" />
        <field name="tc_officialcountry" value="True" />
      </record>
      <record id="d6265c25-8a14-e711-810c-3863bb34fa70">
        <field name="tc_iso_code" value="Burkina Faso" />
        <field name="tc_countryid" value="d6265c25-8a14-e711-810c-3863bb34fa70" />
        <field name="tc_countryname" value="950000142" />
        <field name="tc_iso2code" value="BF" />
        <field name="tc_officialcountry" value="True" />
      </record>
      <record id="d8265c25-8a14-e711-810c-3863bb34fa70">
        <field name="tc_iso_code" value="Madagascar" />
        <field name="tc_countryid" value="d8265c25-8a14-e711-810c-3863bb34fa70" />
        <field name="tc_countryname" value="950000035" />
        <field name="tc_iso2code" value="MG" />
        <field name="tc_officialcountry" value="True" />
      </record>
      <record id="da265c25-8a14-e711-810c-3863bb34fa70">
        <field name="tc_iso_code" value="Tonga" />
        <field name="tc_countryid" value="da265c25-8a14-e711-810c-3863bb34fa70" />
        <field name="tc_countryname" value="950000164" />
        <field name="tc_iso2code" value="TO" />
        <field name="tc_officialcountry" value="True" />
      </record>
      <record id="dc265c25-8a14-e711-810c-3863bb34fa70">
        <field name="tc_iso_code" value="Nepal" />
        <field name="tc_countryid" value="dc265c25-8a14-e711-810c-3863bb34fa70" />
        <field name="tc_countryname" value="950000155" />
        <field name="tc_iso2code" value="NP" />
        <field name="tc_officialcountry" value="True" />
      </record>
      <record id="de265c25-8a14-e711-810c-3863bb34fa70">
        <field name="tc_iso_code" value="Honduras" />
        <field name="tc_countryid" value="de265c25-8a14-e711-810c-3863bb34fa70" />
        <field name="tc_countryname" value="950000153" />
        <field name="tc_iso2code" value="HN" />
        <field name="tc_officialcountry" value="True" />
      </record>
      <record id="e0265c25-8a14-e711-810c-3863bb34fa70">
        <field name="tc_iso_code" value="El Salvador" />
        <field name="tc_countryid" value="e0265c25-8a14-e711-810c-3863bb34fa70" />
        <field name="tc_countryname" value="950000146" />
        <field name="tc_iso2code" value="SV" />
        <field name="tc_officialcountry" value="True" />
      </record>
      <record id="e2265c25-8a14-e711-810c-3863bb34fa70">
        <field name="tc_iso_code" value="Virgin Islands, U.S." />
        <field name="tc_countryid" value="e2265c25-8a14-e711-810c-3863bb34fa70" />
        <field name="tc_countryname" value="950000171" />
        <field name="tc_iso2code" value="VI" />
        <field name="tc_officialcountry" value="True" />
      </record>
      <record id="e4265c25-8a14-e711-810c-3863bb34fa70">
        <field name="tc_iso_code" value="Bangladesh" />
        <field name="tc_countryid" value="e4265c25-8a14-e711-810c-3863bb34fa70" />
        <field name="tc_countryname" value="950000140" />
        <field name="tc_iso2code" value="BD" />
        <field name="tc_officialcountry" value="True" />
      </record>
      <record id="e6265c25-8a14-e711-810c-3863bb34fa70">
        <field name="tc_iso_code" value="American Samoa" />
        <field name="tc_countryid" value="e6265c25-8a14-e711-810c-3863bb34fa70" />
        <field name="tc_countryname" value="950000138" />
        <field name="tc_iso2code" value="AS" />
        <field name="tc_officialcountry" value="True" />
      </record>
      <record id="e8265c25-8a14-e711-810c-3863bb34fa70">
        <field name="tc_iso_code" value="Guyana" />
        <field name="tc_countryid" value="e8265c25-8a14-e711-810c-3863bb34fa70" />
        <field name="tc_countryname" value="950000151" />
        <field name="tc_iso2code" value="GY" />
        <field name="tc_officialcountry" value="True" />
      </record>
      <record id="ea265c25-8a14-e711-810c-3863bb34fa70">
        <field name="tc_iso_code" value="Turkmenistan" />
        <field name="tc_countryid" value="ea265c25-8a14-e711-810c-3863bb34fa70" />
        <field name="tc_countryname" value="950000165" />
        <field name="tc_iso2code" value="TM" />
        <field name="tc_officialcountry" value="True" />
      </record>
      <record id="ec265c25-8a14-e711-810c-3863bb34fa70">
        <field name="tc_iso_code" value="Virgin Islands, British" />
        <field name="tc_countryid" value="ec265c25-8a14-e711-810c-3863bb34fa70" />
        <field name="tc_countryname" value="950000168" />
        <field name="tc_iso2code" value="VG" />
        <field name="tc_officialcountry" value="True" />
      </record>
      <record id="ee265c25-8a14-e711-810c-3863bb34fa70">
        <field name="tc_iso_code" value="Malawi" />
        <field name="tc_countryid" value="ee265c25-8a14-e711-810c-3863bb34fa70" />
        <field name="tc_countryname" value="950000172" />
        <field name="tc_iso2code" value="MW" />
        <field name="tc_officialcountry" value="True" />
      </record>
      <record id="f0265c25-8a14-e711-810c-3863bb34fa70">
        <field name="tc_iso_code" value="Samoa" />
        <field name="tc_countryid" value="f0265c25-8a14-e711-810c-3863bb34fa70" />
        <field name="tc_countryname" value="950000173" />
        <field name="tc_iso2code" value="WS" />
        <field name="tc_officialcountry" value="True" />
      </record>
      <record id="f2265c25-8a14-e711-810c-3863bb34fa70">
        <field name="tc_iso_code" value="Libya" />
        <field name="tc_countryid" value="f2265c25-8a14-e711-810c-3863bb34fa70" />
        <field name="tc_countryname" value="950000169" />
        <field name="tc_iso2code" value="LY" />
        <field name="tc_officialcountry" value="True" />
      </record>
      <record id="c689c6e8-0a88-e711-8105-5065f38bc531">
        <field name="tc_iso_code" value="Balearics All" />
        <field name="tc_countryid" value="c689c6e8-0a88-e711-8105-5065f38bc531" />
        <field name="tc_countryname" value="950000178" />
        <field name="tc_iso2code" value="QM" />
        <field name="tc_officialcountry" value="False" />
      </record>
      <record id="9c8075f0-0a88-e711-8105-5065f38bc531">
        <field name="tc_iso_code" value="Canaries All" />
        <field name="tc_countryid" value="9c8075f0-0a88-e711-8105-5065f38bc531" />
        <field name="tc_countryname" value="950000177" />
        <field name="tc_iso2code" value="QZ" />
        <field name="tc_officialcountry" value="False" />
      </record>
      <record id="30c451f8-0a88-e711-8105-5065f38bc531">
        <field name="tc_iso_code" value="Caribbean All" />
        <field name="tc_countryid" value="30c451f8-0a88-e711-8105-5065f38bc531" />
        <field name="tc_countryname" value="950000176" />
        <field name="tc_iso2code" value="AA" />
        <field name="tc_officialcountry" value="False" />
      </record>
      <record id="48a29b78-df9e-e711-8106-5065f38bd561">
        <field name="tc_iso_code" value="Sierra Leone" />
        <field name="tc_countryid" value="48a29b78-df9e-e711-8106-5065f38bd561" />
        <field name="tc_countryname" value="950000175" />
        <field name="tc_iso2code" value="SL" />
        <field name="tc_officialcountry" value="True" />
      </record>
      <record id="de67a6d0-e09e-e711-8106-5065f38bd561">
        <field name="tc_iso_code" value="Pakistan" />
        <field name="tc_countryid" value="de67a6d0-e09e-e711-8106-5065f38bd561" />
        <field name="tc_countryname" value="950000179" />
        <field name="tc_iso2code" value="PK" />
        <field name="tc_officialcountry" value="False" />
      </record>
      <record id="cc8f43ec-e09e-e711-8106-5065f38bd561">
        <field name="tc_iso_code" value="Sudan" />
        <field name="tc_countryid" value="cc8f43ec-e09e-e711-8106-5065f38bd561" />
        <field name="tc_countryname" value="950000180" />
        <field name="tc_iso2code" value="SD" />
        <field name="tc_officialcountry" value="False" />
      </record>
    </records>
    <m2mrelationships />
  </entity>
</entities>