
<entities xmlns:xsd="http://www.w3.org/2001/XMLSchema" xmlns:xsi="http://www.w3.org/2001/XMLSchema-instance">
  <entity name="tc_ukregion" displayname="UK Region">
    <records>
      <record id="212e4469-e673-e711-8106-e0071b65fe61">
        <field name="createdby" value="0e601adf-d8d7-e611-80f9-3863bb349770" lookupentity="systemuser" lookupentityname="Brian Edge" />
        <field name="createdon" value="28/07/2017 22:45:24" />
        <field name="importsequencenumber" value="182" />
        <field name="modifiedby" value="0e601adf-d8d7-e611-80f9-3863bb349770" lookupentity="systemuser" lookupentityname="Brian Edge" />
        <field name="modifiedon" value="28/07/2017 22:45:24" />
        <field name="tc_name" value="Belfast and Douglas" />
        <field name="ownerid" value="0e601adf-d8d7-e611-80f9-3863bb349770" lookupentity="systemuser" lookupentityname="Brian Edge" />
        <field name="owningbusinessunit" value="29876693-2ec7-e611-80fe-3863bb34da28" lookupentity="businessunit" />
        <field name="owninguser" value="0e601adf-d8d7-e611-80f9-3863bb349770" lookupentity="systemuser" />
        <field name="statecode" value="0" />
        <field name="statuscode" value="1" />
        <field name="tc_ukregionid" value="212e4469-e673-e711-8106-e0071b65fe61" />
      </record>
      <record id="232e4469-e673-e711-8106-e0071b65fe61">
        <field name="createdby" value="0e601adf-d8d7-e611-80f9-3863bb349770" lookupentity="systemuser" lookupentityname="Brian Edge" />
        <field name="createdon" value="28/07/2017 22:45:24" />
        <field name="importsequencenumber" value="182" />
        <field name="modifiedby" value="0e601adf-d8d7-e611-80f9-3863bb349770" lookupentity="systemuser" lookupentityname="Brian Edge" />
        <field name="modifiedon" value="28/07/2017 22:45:24" />
        <field name="tc_name" value="Birmingham and East Midlands" />
        <field name="ownerid" value="0e601adf-d8d7-e611-80f9-3863bb349770" lookupentity="systemuser" lookupentityname="Brian Edge" />
        <field name="owningbusinessunit" value="29876693-2ec7-e611-80fe-3863bb34da28" lookupentity="businessunit" />
        <field name="owninguser" value="0e601adf-d8d7-e611-80f9-3863bb349770" lookupentity="systemuser" />
        <field name="statecode" value="0" />
        <field name="statuscode" value="1" />
        <field name="tc_ukregionid" value="232e4469-e673-e711-8106-e0071b65fe61" />
      </record>
      <record id="252e4469-e673-e711-8106-e0071b65fe61">
        <field name="createdby" value="0e601adf-d8d7-e611-80f9-3863bb349770" lookupentity="systemuser" lookupentityname="Brian Edge" />
        <field name="createdon" value="28/07/2017 22:45:24" />
        <field name="importsequencenumber" value="182" />
        <field name="modifiedby" value="0e601adf-d8d7-e611-80f9-3863bb349770" lookupentity="systemuser" lookupentityname="Brian Edge" />
        <field name="modifiedon" value="28/07/2017 22:45:24" />
        <field name="tc_name" value="Birmingham Central" />
        <field name="ownerid" value="0e601adf-d8d7-e611-80f9-3863bb349770" lookupentity="systemuser" lookupentityname="Brian Edge" />
        <field name="owningbusinessunit" value="29876693-2ec7-e611-80fe-3863bb34da28" lookupentity="businessunit" />
        <field name="owninguser" value="0e601adf-d8d7-e611-80f9-3863bb349770" lookupentity="systemuser" />
        <field name="statecode" value="0" />
        <field name="statuscode" value="1" />
        <field name="tc_ukregionid" value="252e4469-e673-e711-8106-e0071b65fe61" />
      </record>
      <record id="272e4469-e673-e711-8106-e0071b65fe61">
        <field name="createdby" value="0e601adf-d8d7-e611-80f9-3863bb349770" lookupentity="systemuser" lookupentityname="Brian Edge" />
        <field name="createdon" value="28/07/2017 22:45:24" />
        <field name="importsequencenumber" value="182" />
        <field name="modifiedby" value="0e601adf-d8d7-e611-80f9-3863bb349770" lookupentity="systemuser" lookupentityname="Brian Edge" />
        <field name="modifiedon" value="28/07/2017 22:45:24" />
        <field name="tc_name" value="Birmingham South" />
        <field name="ownerid" value="0e601adf-d8d7-e611-80f9-3863bb349770" lookupentity="systemuser" lookupentityname="Brian Edge" />
        <field name="owningbusinessunit" value="29876693-2ec7-e611-80fe-3863bb34da28" lookupentity="businessunit" />
        <field name="owninguser" value="0e601adf-d8d7-e611-80f9-3863bb349770" lookupentity="systemuser" />
        <field name="statecode" value="0" />
        <field name="statuscode" value="1" />
        <field name="tc_ukregionid" value="272e4469-e673-e711-8106-e0071b65fe61" />
      </record>
      <record id="292e4469-e673-e711-8106-e0071b65fe61">
        <field name="createdby" value="0e601adf-d8d7-e611-80f9-3863bb349770" lookupentity="systemuser" lookupentityname="Brian Edge" />
        <field name="createdon" value="28/07/2017 22:45:24" />
        <field name="importsequencenumber" value="182" />
        <field name="modifiedby" value="0e601adf-d8d7-e611-80f9-3863bb349770" lookupentity="systemuser" lookupentityname="Brian Edge" />
        <field name="modifiedon" value="28/07/2017 22:45:24" />
        <field name="tc_name" value="Bristol and Exeter" />
        <field name="ownerid" value="0e601adf-d8d7-e611-80f9-3863bb349770" lookupentity="systemuser" lookupentityname="Brian Edge" />
        <field name="owningbusinessunit" value="29876693-2ec7-e611-80fe-3863bb34da28" lookupentity="businessunit" />
        <field name="owninguser" value="0e601adf-d8d7-e611-80f9-3863bb349770" lookupentity="systemuser" />
        <field name="statecode" value="0" />
        <field name="statuscode" value="1" />
        <field name="tc_ukregionid" value="292e4469-e673-e711-8106-e0071b65fe61" />
      </record>
      <record id="2b2e4469-e673-e711-8106-e0071b65fe61">
        <field name="createdby" value="0e601adf-d8d7-e611-80f9-3863bb349770" lookupentity="systemuser" lookupentityname="Brian Edge" />
        <field name="createdon" value="28/07/2017 22:45:24" />
        <field name="importsequencenumber" value="182" />
        <field name="modifiedby" value="0e601adf-d8d7-e611-80f9-3863bb349770" lookupentity="systemuser" lookupentityname="Brian Edge" />
        <field name="modifiedon" value="28/07/2017 22:45:24" />
        <field name="tc_name" value="Cardiff Central" />
        <field name="ownerid" value="0e601adf-d8d7-e611-80f9-3863bb349770" lookupentity="systemuser" lookupentityname="Brian Edge" />
        <field name="owningbusinessunit" value="29876693-2ec7-e611-80fe-3863bb34da28" lookupentity="businessunit" />
        <field name="owninguser" value="0e601adf-d8d7-e611-80f9-3863bb349770" lookupentity="systemuser" />
        <field name="statecode" value="0" />
        <field name="statuscode" value="1" />
        <field name="tc_ukregionid" value="2b2e4469-e673-e711-8106-e0071b65fe61" />
      </record>
      <record id="2d2e4469-e673-e711-8106-e0071b65fe61">
        <field name="createdby" value="0e601adf-d8d7-e611-80f9-3863bb349770" lookupentity="systemuser" lookupentityname="Brian Edge" />
        <field name="createdon" value="28/07/2017 22:45:24" />
        <field name="importsequencenumber" value="182" />
        <field name="modifiedby" value="0e601adf-d8d7-e611-80f9-3863bb349770" lookupentity="systemuser" lookupentityname="Brian Edge" />
        <field name="modifiedon" value="28/07/2017 22:45:24" />
        <field name="tc_name" value="East Midlands North" />
        <field name="ownerid" value="0e601adf-d8d7-e611-80f9-3863bb349770" lookupentity="systemuser" lookupentityname="Brian Edge" />
        <field name="owningbusinessunit" value="29876693-2ec7-e611-80fe-3863bb34da28" lookupentity="businessunit" />
        <field name="owninguser" value="0e601adf-d8d7-e611-80f9-3863bb349770" lookupentity="systemuser" />
        <field name="statecode" value="0" />
        <field name="statuscode" value="1" />
        <field name="tc_ukregionid" value="2d2e4469-e673-e711-8106-e0071b65fe61" />
      </record>
      <record id="2f2e4469-e673-e711-8106-e0071b65fe61">
        <field name="createdby" value="0e601adf-d8d7-e611-80f9-3863bb349770" lookupentity="systemuser" lookupentityname="Brian Edge" />
        <field name="createdon" value="28/07/2017 22:45:24" />
        <field name="importsequencenumber" value="182" />
        <field name="modifiedby" value="0e601adf-d8d7-e611-80f9-3863bb349770" lookupentity="systemuser" lookupentityname="Brian Edge" />
        <field name="modifiedon" value="28/07/2017 22:45:24" />
        <field name="tc_name" value="East Mids and Humberside" />
        <field name="ownerid" value="0e601adf-d8d7-e611-80f9-3863bb349770" lookupentity="systemuser" lookupentityname="Brian Edge" />
        <field name="owningbusinessunit" value="29876693-2ec7-e611-80fe-3863bb34da28" lookupentity="businessunit" />
        <field name="owninguser" value="0e601adf-d8d7-e611-80f9-3863bb349770" lookupentity="systemuser" />
        <field name="statecode" value="0" />
        <field name="statuscode" value="1" />
        <field name="tc_ukregionid" value="2f2e4469-e673-e711-8106-e0071b65fe61" />
      </record>
      <record id="312e4469-e673-e711-8106-e0071b65fe61">
        <field name="createdby" value="0e601adf-d8d7-e611-80f9-3863bb349770" lookupentity="systemuser" lookupentityname="Brian Edge" />
        <field name="createdon" value="28/07/2017 22:45:24" />
        <field name="importsequencenumber" value="182" />
        <field name="modifiedby" value="0e601adf-d8d7-e611-80f9-3863bb349770" lookupentity="systemuser" lookupentityname="Brian Edge" />
        <field name="modifiedon" value="28/07/2017 22:45:24" />
        <field name="tc_name" value="Edinburgh and Aberdeen" />
        <field name="ownerid" value="0e601adf-d8d7-e611-80f9-3863bb349770" lookupentity="systemuser" lookupentityname="Brian Edge" />
        <field name="owningbusinessunit" value="29876693-2ec7-e611-80fe-3863bb34da28" lookupentity="businessunit" />
        <field name="owninguser" value="0e601adf-d8d7-e611-80f9-3863bb349770" lookupentity="systemuser" />
        <field name="statecode" value="0" />
        <field name="statuscode" value="1" />
        <field name="tc_ukregionid" value="312e4469-e673-e711-8106-e0071b65fe61" />
      </record>
      <record id="332e4469-e673-e711-8106-e0071b65fe61">
        <field name="createdby" value="0e601adf-d8d7-e611-80f9-3863bb349770" lookupentity="systemuser" lookupentityname="Brian Edge" />
        <field name="createdon" value="28/07/2017 22:45:24" />
        <field name="importsequencenumber" value="182" />
        <field name="modifiedby" value="0e601adf-d8d7-e611-80f9-3863bb349770" lookupentity="systemuser" lookupentityname="Brian Edge" />
        <field name="modifiedon" value="28/07/2017 22:45:24" />
        <field name="tc_name" value="Gatwick East" />
        <field name="ownerid" value="0e601adf-d8d7-e611-80f9-3863bb349770" lookupentity="systemuser" lookupentityname="Brian Edge" />
        <field name="owningbusinessunit" value="29876693-2ec7-e611-80fe-3863bb34da28" lookupentity="businessunit" />
        <field name="owninguser" value="0e601adf-d8d7-e611-80f9-3863bb349770" lookupentity="systemuser" />
        <field name="statecode" value="0" />
        <field name="statuscode" value="1" />
        <field name="tc_ukregionid" value="332e4469-e673-e711-8106-e0071b65fe61" />
      </record>
      <record id="352e4469-e673-e711-8106-e0071b65fe61">
        <field name="createdby" value="0e601adf-d8d7-e611-80f9-3863bb349770" lookupentity="systemuser" lookupentityname="Brian Edge" />
        <field name="createdon" value="28/07/2017 22:45:24" />
        <field name="importsequencenumber" value="182" />
        <field name="modifiedby" value="0e601adf-d8d7-e611-80f9-3863bb349770" lookupentity="systemuser" lookupentityname="Brian Edge" />
        <field name="modifiedon" value="28/07/2017 22:45:24" />
        <field name="tc_name" value="Gatwick North" />
        <field name="ownerid" value="0e601adf-d8d7-e611-80f9-3863bb349770" lookupentity="systemuser" lookupentityname="Brian Edge" />
        <field name="owningbusinessunit" value="29876693-2ec7-e611-80fe-3863bb34da28" lookupentity="businessunit" />
        <field name="owninguser" value="0e601adf-d8d7-e611-80f9-3863bb349770" lookupentity="systemuser" />
        <field name="statecode" value="0" />
        <field name="statuscode" value="1" />
        <field name="tc_ukregionid" value="352e4469-e673-e711-8106-e0071b65fe61" />
      </record>
      <record id="372e4469-e673-e711-8106-e0071b65fe61">
        <field name="createdby" value="0e601adf-d8d7-e611-80f9-3863bb349770" lookupentity="systemuser" lookupentityname="Brian Edge" />
        <field name="createdon" value="28/07/2017 22:45:25" />
        <field name="importsequencenumber" value="182" />
        <field name="modifiedby" value="0e601adf-d8d7-e611-80f9-3863bb349770" lookupentity="systemuser" lookupentityname="Brian Edge" />
        <field name="modifiedon" value="28/07/2017 22:45:25" />
        <field name="tc_name" value="Gatwick South" />
        <field name="ownerid" value="0e601adf-d8d7-e611-80f9-3863bb349770" lookupentity="systemuser" lookupentityname="Brian Edge" />
        <field name="owningbusinessunit" value="29876693-2ec7-e611-80fe-3863bb34da28" lookupentity="businessunit" />
        <field name="owninguser" value="0e601adf-d8d7-e611-80f9-3863bb349770" lookupentity="systemuser" />
        <field name="statecode" value="0" />
        <field name="statuscode" value="1" />
        <field name="tc_ukregionid" value="372e4469-e673-e711-8106-e0071b65fe61" />
      </record>
      <record id="392e4469-e673-e711-8106-e0071b65fe61">
        <field name="createdby" value="0e601adf-d8d7-e611-80f9-3863bb349770" lookupentity="systemuser" lookupentityname="Brian Edge" />
        <field name="createdon" value="28/07/2017 22:45:25" />
        <field name="importsequencenumber" value="182" />
        <field name="modifiedby" value="0e601adf-d8d7-e611-80f9-3863bb349770" lookupentity="systemuser" lookupentityname="Brian Edge" />
        <field name="modifiedon" value="28/07/2017 22:45:25" />
        <field name="tc_name" value="Glasgow Central" />
        <field name="ownerid" value="0e601adf-d8d7-e611-80f9-3863bb349770" lookupentity="systemuser" lookupentityname="Brian Edge" />
        <field name="owningbusinessunit" value="29876693-2ec7-e611-80fe-3863bb34da28" lookupentity="businessunit" />
        <field name="owninguser" value="0e601adf-d8d7-e611-80f9-3863bb349770" lookupentity="systemuser" />
        <field name="statecode" value="0" />
        <field name="statuscode" value="1" />
        <field name="tc_ukregionid" value="392e4469-e673-e711-8106-e0071b65fe61" />
      </record>
      <record id="3b2e4469-e673-e711-8106-e0071b65fe61">
        <field name="createdby" value="0e601adf-d8d7-e611-80f9-3863bb349770" lookupentity="systemuser" lookupentityname="Brian Edge" />
        <field name="createdon" value="28/07/2017 22:45:25" />
        <field name="importsequencenumber" value="182" />
        <field name="modifiedby" value="0e601adf-d8d7-e611-80f9-3863bb349770" lookupentity="systemuser" lookupentityname="Brian Edge" />
        <field name="modifiedon" value="28/07/2017 22:45:25" />
        <field name="tc_name" value="Leeds and East Midlands" />
        <field name="ownerid" value="0e601adf-d8d7-e611-80f9-3863bb349770" lookupentity="systemuser" lookupentityname="Brian Edge" />
        <field name="owningbusinessunit" value="29876693-2ec7-e611-80fe-3863bb34da28" lookupentity="businessunit" />
        <field name="owninguser" value="0e601adf-d8d7-e611-80f9-3863bb349770" lookupentity="systemuser" />
        <field name="statecode" value="0" />
        <field name="statuscode" value="1" />
        <field name="tc_ukregionid" value="3b2e4469-e673-e711-8106-e0071b65fe61" />
      </record>
      <record id="3d2e4469-e673-e711-8106-e0071b65fe61">
        <field name="createdby" value="0e601adf-d8d7-e611-80f9-3863bb349770" lookupentity="systemuser" lookupentityname="Brian Edge" />
        <field name="createdon" value="28/07/2017 22:45:25" />
        <field name="importsequencenumber" value="182" />
        <field name="modifiedby" value="0e601adf-d8d7-e611-80f9-3863bb349770" lookupentity="systemuser" lookupentityname="Brian Edge" />
        <field name="modifiedon" value="28/07/2017 22:45:25" />
        <field name="tc_name" value="Leeds Bradford Central" />
        <field name="ownerid" value="0e601adf-d8d7-e611-80f9-3863bb349770" lookupentity="systemuser" lookupentityname="Brian Edge" />
        <field name="owningbusinessunit" value="29876693-2ec7-e611-80fe-3863bb34da28" lookupentity="businessunit" />
        <field name="owninguser" value="0e601adf-d8d7-e611-80f9-3863bb349770" lookupentity="systemuser" />
        <field name="statecode" value="0" />
        <field name="statuscode" value="1" />
        <field name="tc_ukregionid" value="3d2e4469-e673-e711-8106-e0071b65fe61" />
      </record>
      <record id="3f2e4469-e673-e711-8106-e0071b65fe61">
        <field name="createdby" value="0e601adf-d8d7-e611-80f9-3863bb349770" lookupentity="systemuser" lookupentityname="Brian Edge" />
        <field name="createdon" value="28/07/2017 22:45:25" />
        <field name="importsequencenumber" value="182" />
        <field name="modifiedby" value="0e601adf-d8d7-e611-80f9-3863bb349770" lookupentity="systemuser" lookupentityname="Brian Edge" />
        <field name="modifiedon" value="28/07/2017 22:45:25" />
        <field name="tc_name" value="Luton Central" />
        <field name="ownerid" value="0e601adf-d8d7-e611-80f9-3863bb349770" lookupentity="systemuser" lookupentityname="Brian Edge" />
        <field name="owningbusinessunit" value="29876693-2ec7-e611-80fe-3863bb34da28" lookupentity="businessunit" />
        <field name="owninguser" value="0e601adf-d8d7-e611-80f9-3863bb349770" lookupentity="systemuser" />
        <field name="statecode" value="0" />
        <field name="statuscode" value="1" />
        <field name="tc_ukregionid" value="3f2e4469-e673-e711-8106-e0071b65fe61" />
      </record>
      <record id="412e4469-e673-e711-8106-e0071b65fe61">
        <field name="createdby" value="0e601adf-d8d7-e611-80f9-3863bb349770" lookupentity="systemuser" lookupentityname="Brian Edge" />
        <field name="createdon" value="28/07/2017 22:45:25" />
        <field name="importsequencenumber" value="182" />
        <field name="modifiedby" value="0e601adf-d8d7-e611-80f9-3863bb349770" lookupentity="systemuser" lookupentityname="Brian Edge" />
        <field name="modifiedon" value="28/07/2017 22:45:25" />
        <field name="tc_name" value="Manchester and Liverpool" />
        <field name="ownerid" value="0e601adf-d8d7-e611-80f9-3863bb349770" lookupentity="systemuser" lookupentityname="Brian Edge" />
        <field name="owningbusinessunit" value="29876693-2ec7-e611-80fe-3863bb34da28" lookupentity="businessunit" />
        <field name="owninguser" value="0e601adf-d8d7-e611-80f9-3863bb349770" lookupentity="systemuser" />
        <field name="statecode" value="0" />
        <field name="statuscode" value="1" />
        <field name="tc_ukregionid" value="412e4469-e673-e711-8106-e0071b65fe61" />
      </record>
      <record id="432e4469-e673-e711-8106-e0071b65fe61">
        <field name="createdby" value="0e601adf-d8d7-e611-80f9-3863bb349770" lookupentity="systemuser" lookupentityname="Brian Edge" />
        <field name="createdon" value="28/07/2017 22:45:25" />
        <field name="importsequencenumber" value="182" />
        <field name="modifiedby" value="0e601adf-d8d7-e611-80f9-3863bb349770" lookupentity="systemuser" lookupentityname="Brian Edge" />
        <field name="modifiedon" value="28/07/2017 22:45:25" />
        <field name="tc_name" value="Manchester Central" />
        <field name="ownerid" value="0e601adf-d8d7-e611-80f9-3863bb349770" lookupentity="systemuser" lookupentityname="Brian Edge" />
        <field name="owningbusinessunit" value="29876693-2ec7-e611-80fe-3863bb34da28" lookupentity="businessunit" />
        <field name="owninguser" value="0e601adf-d8d7-e611-80f9-3863bb349770" lookupentity="systemuser" />
        <field name="statecode" value="0" />
        <field name="statuscode" value="1" />
        <field name="tc_ukregionid" value="432e4469-e673-e711-8106-e0071b65fe61" />
      </record>
      <record id="452e4469-e673-e711-8106-e0071b65fe61">
        <field name="createdby" value="0e601adf-d8d7-e611-80f9-3863bb349770" lookupentity="systemuser" lookupentityname="Brian Edge" />
        <field name="createdon" value="28/07/2017 22:45:25" />
        <field name="importsequencenumber" value="182" />
        <field name="modifiedby" value="0e601adf-d8d7-e611-80f9-3863bb349770" lookupentity="systemuser" lookupentityname="Brian Edge" />
        <field name="modifiedon" value="28/07/2017 22:45:25" />
        <field name="tc_name" value="Manchester South" />
        <field name="ownerid" value="0e601adf-d8d7-e611-80f9-3863bb349770" lookupentity="systemuser" lookupentityname="Brian Edge" />
        <field name="owningbusinessunit" value="29876693-2ec7-e611-80fe-3863bb34da28" lookupentity="businessunit" />
        <field name="owninguser" value="0e601adf-d8d7-e611-80f9-3863bb349770" lookupentity="systemuser" />
        <field name="statecode" value="0" />
        <field name="statuscode" value="1" />
        <field name="tc_ukregionid" value="452e4469-e673-e711-8106-e0071b65fe61" />
      </record>
      <record id="472e4469-e673-e711-8106-e0071b65fe61">
        <field name="createdby" value="0e601adf-d8d7-e611-80f9-3863bb349770" lookupentity="systemuser" lookupentityname="Brian Edge" />
        <field name="createdon" value="28/07/2017 22:45:25" />
        <field name="importsequencenumber" value="182" />
        <field name="modifiedby" value="0e601adf-d8d7-e611-80f9-3863bb349770" lookupentity="systemuser" lookupentityname="Brian Edge" />
        <field name="modifiedon" value="28/07/2017 22:45:25" />
        <field name="tc_name" value="Manchester West" />
        <field name="ownerid" value="0e601adf-d8d7-e611-80f9-3863bb349770" lookupentity="systemuser" lookupentityname="Brian Edge" />
        <field name="owningbusinessunit" value="29876693-2ec7-e611-80fe-3863bb34da28" lookupentity="businessunit" />
        <field name="owninguser" value="0e601adf-d8d7-e611-80f9-3863bb349770" lookupentity="systemuser" />
        <field name="statecode" value="0" />
        <field name="statuscode" value="1" />
        <field name="tc_ukregionid" value="472e4469-e673-e711-8106-e0071b65fe61" />
      </record>
      <record id="492e4469-e673-e711-8106-e0071b65fe61">
        <field name="createdby" value="0e601adf-d8d7-e611-80f9-3863bb349770" lookupentity="systemuser" lookupentityname="Brian Edge" />
        <field name="createdon" value="28/07/2017 22:45:25" />
        <field name="importsequencenumber" value="182" />
        <field name="modifiedby" value="0e601adf-d8d7-e611-80f9-3863bb349770" lookupentity="systemuser" lookupentityname="Brian Edge" />
        <field name="modifiedon" value="28/07/2017 22:45:25" />
        <field name="tc_name" value="Newcastle Central" />
        <field name="ownerid" value="0e601adf-d8d7-e611-80f9-3863bb349770" lookupentity="systemuser" lookupentityname="Brian Edge" />
        <field name="owningbusinessunit" value="29876693-2ec7-e611-80fe-3863bb34da28" lookupentity="businessunit" />
        <field name="owninguser" value="0e601adf-d8d7-e611-80f9-3863bb349770" lookupentity="systemuser" />
        <field name="statecode" value="0" />
        <field name="statuscode" value="1" />
        <field name="tc_ukregionid" value="492e4469-e673-e711-8106-e0071b65fe61" />
      </record>
      <record id="4b2e4469-e673-e711-8106-e0071b65fe61">
        <field name="createdby" value="0e601adf-d8d7-e611-80f9-3863bb349770" lookupentity="systemuser" lookupentityname="Brian Edge" />
        <field name="createdon" value="28/07/2017 22:45:25" />
        <field name="importsequencenumber" value="182" />
        <field name="modifiedby" value="0e601adf-d8d7-e611-80f9-3863bb349770" lookupentity="systemuser" lookupentityname="Brian Edge" />
        <field name="modifiedon" value="28/07/2017 22:45:25" />
        <field name="tc_name" value="South Glasgow and Manchester" />
        <field name="ownerid" value="0e601adf-d8d7-e611-80f9-3863bb349770" lookupentity="systemuser" lookupentityname="Brian Edge" />
        <field name="owningbusinessunit" value="29876693-2ec7-e611-80fe-3863bb34da28" lookupentity="businessunit" />
        <field name="owninguser" value="0e601adf-d8d7-e611-80f9-3863bb349770" lookupentity="systemuser" />
        <field name="statecode" value="0" />
        <field name="statuscode" value="1" />
        <field name="tc_ukregionid" value="4b2e4469-e673-e711-8106-e0071b65fe61" />
      </record>
      <record id="4d2e4469-e673-e711-8106-e0071b65fe61">
        <field name="createdby" value="0e601adf-d8d7-e611-80f9-3863bb349770" lookupentity="systemuser" lookupentityname="Brian Edge" />
        <field name="createdon" value="28/07/2017 22:45:25" />
        <field name="importsequencenumber" value="182" />
        <field name="modifiedby" value="0e601adf-d8d7-e611-80f9-3863bb349770" lookupentity="systemuser" lookupentityname="Brian Edge" />
        <field name="modifiedon" value="28/07/2017 22:45:25" />
        <field name="tc_name" value="Stansted and Luton" />
        <field name="ownerid" value="0e601adf-d8d7-e611-80f9-3863bb349770" lookupentity="systemuser" lookupentityname="Brian Edge" />
        <field name="owningbusinessunit" value="29876693-2ec7-e611-80fe-3863bb34da28" lookupentity="businessunit" />
        <field name="owninguser" value="0e601adf-d8d7-e611-80f9-3863bb349770" lookupentity="systemuser" />
        <field name="statecode" value="0" />
        <field name="statuscode" value="1" />
        <field name="tc_ukregionid" value="4d2e4469-e673-e711-8106-e0071b65fe61" />
      </record>
      <record id="4f2e4469-e673-e711-8106-e0071b65fe61">
        <field name="createdby" value="0e601adf-d8d7-e611-80f9-3863bb349770" lookupentity="systemuser" lookupentityname="Brian Edge" />
        <field name="createdon" value="28/07/2017 22:45:25" />
        <field name="importsequencenumber" value="182" />
        <field name="modifiedby" value="0e601adf-d8d7-e611-80f9-3863bb349770" lookupentity="systemuser" lookupentityname="Brian Edge" />
        <field name="modifiedon" value="28/07/2017 22:45:25" />
        <field name="tc_name" value="Stansted and Norwich" />
        <field name="ownerid" value="0e601adf-d8d7-e611-80f9-3863bb349770" lookupentity="systemuser" lookupentityname="Brian Edge" />
        <field name="owningbusinessunit" value="29876693-2ec7-e611-80fe-3863bb34da28" lookupentity="businessunit" />
        <field name="owninguser" value="0e601adf-d8d7-e611-80f9-3863bb349770" lookupentity="systemuser" />
        <field name="statecode" value="0" />
        <field name="statuscode" value="1" />
        <field name="tc_ukregionid" value="4f2e4469-e673-e711-8106-e0071b65fe61" />
      </record>
    </records>
    <m2mrelationships />
  </entity>
</entities>