
<entities xmlns:xsd="http://www.w3.org/2001/XMLSchema" xmlns:xsi="http://www.w3.org/2001/XMLSchema-instance">
  <entity name="tc_ukregion" displayname="UK Region">
    <records>
      <record id="668d5e09-237e-e711-8108-5065f38a9b51">
        <field name="createdby" value="0e601adf-d8d7-e611-80f9-3863bb349770" lookupentity="systemuser" lookupentityname="Brian Edge" />
        <field name="createdon" value="10/08/2017 23:24:31" />
        <field name="importsequencenumber" value="186" />
        <field name="modifiedby" value="0e601adf-d8d7-e611-80f9-3863bb349770" lookupentity="systemuser" lookupentityname="Brian Edge" />
        <field name="modifiedon" value="10/08/2017 23:24:31" />
        <field name="tc_name" value="Belfast and Douglas" />
        <field name="ownerid" value="0e601adf-d8d7-e611-80f9-3863bb349770" lookupentity="systemuser" lookupentityname="Brian Edge" />
        <field name="owningbusinessunit" value="29876693-2ec7-e611-80fe-3863bb34da28" lookupentity="businessunit" />
        <field name="owninguser" value="0e601adf-d8d7-e611-80f9-3863bb349770" lookupentity="systemuser" />
        <field name="statecode" value="0" />
        <field name="statuscode" value="1" />
        <field name="tc_ukregionid" value="668d5e09-237e-e711-8108-5065f38a9b51" />
      </record>
      <record id="688d5e09-237e-e711-8108-5065f38a9b51">
        <field name="createdby" value="0e601adf-d8d7-e611-80f9-3863bb349770" lookupentity="systemuser" lookupentityname="Brian Edge" />
        <field name="createdon" value="10/08/2017 23:24:31" />
        <field name="importsequencenumber" value="186" />
        <field name="modifiedby" value="0e601adf-d8d7-e611-80f9-3863bb349770" lookupentity="systemuser" lookupentityname="Brian Edge" />
        <field name="modifiedon" value="10/08/2017 23:24:31" />
        <field name="tc_name" value="Birmingham and East Midlands" />
        <field name="ownerid" value="0e601adf-d8d7-e611-80f9-3863bb349770" lookupentity="systemuser" lookupentityname="Brian Edge" />
        <field name="owningbusinessunit" value="29876693-2ec7-e611-80fe-3863bb34da28" lookupentity="businessunit" />
        <field name="owninguser" value="0e601adf-d8d7-e611-80f9-3863bb349770" lookupentity="systemuser" />
        <field name="statecode" value="0" />
        <field name="statuscode" value="1" />
        <field name="tc_ukregionid" value="688d5e09-237e-e711-8108-5065f38a9b51" />
      </record>
      <record id="6a8d5e09-237e-e711-8108-5065f38a9b51">
        <field name="createdby" value="0e601adf-d8d7-e611-80f9-3863bb349770" lookupentity="systemuser" lookupentityname="Brian Edge" />
        <field name="createdon" value="10/08/2017 23:24:31" />
        <field name="importsequencenumber" value="186" />
        <field name="modifiedby" value="0e601adf-d8d7-e611-80f9-3863bb349770" lookupentity="systemuser" lookupentityname="Brian Edge" />
        <field name="modifiedon" value="10/08/2017 23:24:31" />
        <field name="tc_name" value="Birmingham Central" />
        <field name="ownerid" value="0e601adf-d8d7-e611-80f9-3863bb349770" lookupentity="systemuser" lookupentityname="Brian Edge" />
        <field name="owningbusinessunit" value="29876693-2ec7-e611-80fe-3863bb34da28" lookupentity="businessunit" />
        <field name="owninguser" value="0e601adf-d8d7-e611-80f9-3863bb349770" lookupentity="systemuser" />
        <field name="statecode" value="0" />
        <field name="statuscode" value="1" />
        <field name="tc_ukregionid" value="6a8d5e09-237e-e711-8108-5065f38a9b51" />
      </record>
      <record id="6c8d5e09-237e-e711-8108-5065f38a9b51">
        <field name="createdby" value="0e601adf-d8d7-e611-80f9-3863bb349770" lookupentity="systemuser" lookupentityname="Brian Edge" />
        <field name="createdon" value="10/08/2017 23:24:31" />
        <field name="importsequencenumber" value="186" />
        <field name="modifiedby" value="0e601adf-d8d7-e611-80f9-3863bb349770" lookupentity="systemuser" lookupentityname="Brian Edge" />
        <field name="modifiedon" value="10/08/2017 23:24:31" />
        <field name="tc_name" value="Birmingham South" />
        <field name="ownerid" value="0e601adf-d8d7-e611-80f9-3863bb349770" lookupentity="systemuser" lookupentityname="Brian Edge" />
        <field name="owningbusinessunit" value="29876693-2ec7-e611-80fe-3863bb34da28" lookupentity="businessunit" />
        <field name="owninguser" value="0e601adf-d8d7-e611-80f9-3863bb349770" lookupentity="systemuser" />
        <field name="statecode" value="0" />
        <field name="statuscode" value="1" />
        <field name="tc_ukregionid" value="6c8d5e09-237e-e711-8108-5065f38a9b51" />
      </record>
      <record id="6e8d5e09-237e-e711-8108-5065f38a9b51">
        <field name="createdby" value="0e601adf-d8d7-e611-80f9-3863bb349770" lookupentity="systemuser" lookupentityname="Brian Edge" />
        <field name="createdon" value="10/08/2017 23:24:31" />
        <field name="importsequencenumber" value="186" />
        <field name="modifiedby" value="0e601adf-d8d7-e611-80f9-3863bb349770" lookupentity="systemuser" lookupentityname="Brian Edge" />
        <field name="modifiedon" value="10/08/2017 23:24:31" />
        <field name="tc_name" value="Bristol and Exeter" />
        <field name="ownerid" value="0e601adf-d8d7-e611-80f9-3863bb349770" lookupentity="systemuser" lookupentityname="Brian Edge" />
        <field name="owningbusinessunit" value="29876693-2ec7-e611-80fe-3863bb34da28" lookupentity="businessunit" />
        <field name="owninguser" value="0e601adf-d8d7-e611-80f9-3863bb349770" lookupentity="systemuser" />
        <field name="statecode" value="0" />
        <field name="statuscode" value="1" />
        <field name="tc_ukregionid" value="6e8d5e09-237e-e711-8108-5065f38a9b51" />
      </record>
      <record id="708d5e09-237e-e711-8108-5065f38a9b51">
        <field name="createdby" value="0e601adf-d8d7-e611-80f9-3863bb349770" lookupentity="systemuser" lookupentityname="Brian Edge" />
        <field name="createdon" value="10/08/2017 23:24:31" />
        <field name="importsequencenumber" value="186" />
        <field name="modifiedby" value="0e601adf-d8d7-e611-80f9-3863bb349770" lookupentity="systemuser" lookupentityname="Brian Edge" />
        <field name="modifiedon" value="10/08/2017 23:24:31" />
        <field name="tc_name" value="Cardiff Central" />
        <field name="ownerid" value="0e601adf-d8d7-e611-80f9-3863bb349770" lookupentity="systemuser" lookupentityname="Brian Edge" />
        <field name="owningbusinessunit" value="29876693-2ec7-e611-80fe-3863bb34da28" lookupentity="businessunit" />
        <field name="owninguser" value="0e601adf-d8d7-e611-80f9-3863bb349770" lookupentity="systemuser" />
        <field name="statecode" value="0" />
        <field name="statuscode" value="1" />
        <field name="tc_ukregionid" value="708d5e09-237e-e711-8108-5065f38a9b51" />
      </record>
      <record id="728d5e09-237e-e711-8108-5065f38a9b51">
        <field name="createdby" value="0e601adf-d8d7-e611-80f9-3863bb349770" lookupentity="systemuser" lookupentityname="Brian Edge" />
        <field name="createdon" value="10/08/2017 23:24:31" />
        <field name="importsequencenumber" value="186" />
        <field name="modifiedby" value="0e601adf-d8d7-e611-80f9-3863bb349770" lookupentity="systemuser" lookupentityname="Brian Edge" />
        <field name="modifiedon" value="10/08/2017 23:24:31" />
        <field name="tc_name" value="Contact Centre" />
        <field name="ownerid" value="0e601adf-d8d7-e611-80f9-3863bb349770" lookupentity="systemuser" lookupentityname="Brian Edge" />
        <field name="owningbusinessunit" value="29876693-2ec7-e611-80fe-3863bb34da28" lookupentity="businessunit" />
        <field name="owninguser" value="0e601adf-d8d7-e611-80f9-3863bb349770" lookupentity="systemuser" />
        <field name="statecode" value="0" />
        <field name="statuscode" value="1" />
        <field name="tc_ukregionid" value="728d5e09-237e-e711-8108-5065f38a9b51" />
      </record>
      <record id="748d5e09-237e-e711-8108-5065f38a9b51">
        <field name="createdby" value="0e601adf-d8d7-e611-80f9-3863bb349770" lookupentity="systemuser" lookupentityname="Brian Edge" />
        <field name="createdon" value="10/08/2017 23:24:31" />
        <field name="importsequencenumber" value="186" />
        <field name="modifiedby" value="0e601adf-d8d7-e611-80f9-3863bb349770" lookupentity="systemuser" lookupentityname="Brian Edge" />
        <field name="modifiedon" value="10/08/2017 23:24:31" />
        <field name="tc_name" value="East Midlands North" />
        <field name="ownerid" value="0e601adf-d8d7-e611-80f9-3863bb349770" lookupentity="systemuser" lookupentityname="Brian Edge" />
        <field name="owningbusinessunit" value="29876693-2ec7-e611-80fe-3863bb34da28" lookupentity="businessunit" />
        <field name="owninguser" value="0e601adf-d8d7-e611-80f9-3863bb349770" lookupentity="systemuser" />
        <field name="statecode" value="0" />
        <field name="statuscode" value="1" />
        <field name="tc_ukregionid" value="748d5e09-237e-e711-8108-5065f38a9b51" />
      </record>
      <record id="768d5e09-237e-e711-8108-5065f38a9b51">
        <field name="createdby" value="0e601adf-d8d7-e611-80f9-3863bb349770" lookupentity="systemuser" lookupentityname="Brian Edge" />
        <field name="createdon" value="10/08/2017 23:24:31" />
        <field name="importsequencenumber" value="186" />
        <field name="modifiedby" value="0e601adf-d8d7-e611-80f9-3863bb349770" lookupentity="systemuser" lookupentityname="Brian Edge" />
        <field name="modifiedon" value="10/08/2017 23:24:31" />
        <field name="tc_name" value="East Mids and Humberside" />
        <field name="ownerid" value="0e601adf-d8d7-e611-80f9-3863bb349770" lookupentity="systemuser" lookupentityname="Brian Edge" />
        <field name="owningbusinessunit" value="29876693-2ec7-e611-80fe-3863bb34da28" lookupentity="businessunit" />
        <field name="owninguser" value="0e601adf-d8d7-e611-80f9-3863bb349770" lookupentity="systemuser" />
        <field name="statecode" value="0" />
        <field name="statuscode" value="1" />
        <field name="tc_ukregionid" value="768d5e09-237e-e711-8108-5065f38a9b51" />
      </record>
      <record id="788d5e09-237e-e711-8108-5065f38a9b51">
        <field name="createdby" value="0e601adf-d8d7-e611-80f9-3863bb349770" lookupentity="systemuser" lookupentityname="Brian Edge" />
        <field name="createdon" value="10/08/2017 23:24:31" />
        <field name="importsequencenumber" value="186" />
        <field name="modifiedby" value="0e601adf-d8d7-e611-80f9-3863bb349770" lookupentity="systemuser" lookupentityname="Brian Edge" />
        <field name="modifiedon" value="10/08/2017 23:24:31" />
        <field name="tc_name" value="Edinburgh and Aberdeen" />
        <field name="ownerid" value="0e601adf-d8d7-e611-80f9-3863bb349770" lookupentity="systemuser" lookupentityname="Brian Edge" />
        <field name="owningbusinessunit" value="29876693-2ec7-e611-80fe-3863bb34da28" lookupentity="businessunit" />
        <field name="owninguser" value="0e601adf-d8d7-e611-80f9-3863bb349770" lookupentity="systemuser" />
        <field name="statecode" value="0" />
        <field name="statuscode" value="1" />
        <field name="tc_ukregionid" value="788d5e09-237e-e711-8108-5065f38a9b51" />
      </record>
      <record id="7a8d5e09-237e-e711-8108-5065f38a9b51">
        <field name="createdby" value="0e601adf-d8d7-e611-80f9-3863bb349770" lookupentity="systemuser" lookupentityname="Brian Edge" />
        <field name="createdon" value="10/08/2017 23:24:31" />
        <field name="importsequencenumber" value="186" />
        <field name="modifiedby" value="0e601adf-d8d7-e611-80f9-3863bb349770" lookupentity="systemuser" lookupentityname="Brian Edge" />
        <field name="modifiedon" value="10/08/2017 23:24:31" />
        <field name="tc_name" value="Gatwick East" />
        <field name="ownerid" value="0e601adf-d8d7-e611-80f9-3863bb349770" lookupentity="systemuser" lookupentityname="Brian Edge" />
        <field name="owningbusinessunit" value="29876693-2ec7-e611-80fe-3863bb34da28" lookupentity="businessunit" />
        <field name="owninguser" value="0e601adf-d8d7-e611-80f9-3863bb349770" lookupentity="systemuser" />
        <field name="statecode" value="0" />
        <field name="statuscode" value="1" />
        <field name="tc_ukregionid" value="7a8d5e09-237e-e711-8108-5065f38a9b51" />
      </record>
      <record id="7c8d5e09-237e-e711-8108-5065f38a9b51">
        <field name="createdby" value="0e601adf-d8d7-e611-80f9-3863bb349770" lookupentity="systemuser" lookupentityname="Brian Edge" />
        <field name="createdon" value="10/08/2017 23:24:31" />
        <field name="importsequencenumber" value="186" />
        <field name="modifiedby" value="0e601adf-d8d7-e611-80f9-3863bb349770" lookupentity="systemuser" lookupentityname="Brian Edge" />
        <field name="modifiedon" value="10/08/2017 23:24:31" />
        <field name="tc_name" value="Gatwick North" />
        <field name="ownerid" value="0e601adf-d8d7-e611-80f9-3863bb349770" lookupentity="systemuser" lookupentityname="Brian Edge" />
        <field name="owningbusinessunit" value="29876693-2ec7-e611-80fe-3863bb34da28" lookupentity="businessunit" />
        <field name="owninguser" value="0e601adf-d8d7-e611-80f9-3863bb349770" lookupentity="systemuser" />
        <field name="statecode" value="0" />
        <field name="statuscode" value="1" />
        <field name="tc_ukregionid" value="7c8d5e09-237e-e711-8108-5065f38a9b51" />
      </record>
      <record id="7e8d5e09-237e-e711-8108-5065f38a9b51">
        <field name="createdby" value="0e601adf-d8d7-e611-80f9-3863bb349770" lookupentity="systemuser" lookupentityname="Brian Edge" />
        <field name="createdon" value="10/08/2017 23:24:31" />
        <field name="importsequencenumber" value="186" />
        <field name="modifiedby" value="0e601adf-d8d7-e611-80f9-3863bb349770" lookupentity="systemuser" lookupentityname="Brian Edge" />
        <field name="modifiedon" value="10/08/2017 23:24:31" />
        <field name="tc_name" value="Gatwick South" />
        <field name="ownerid" value="0e601adf-d8d7-e611-80f9-3863bb349770" lookupentity="systemuser" lookupentityname="Brian Edge" />
        <field name="owningbusinessunit" value="29876693-2ec7-e611-80fe-3863bb34da28" lookupentity="businessunit" />
        <field name="owninguser" value="0e601adf-d8d7-e611-80f9-3863bb349770" lookupentity="systemuser" />
        <field name="statecode" value="0" />
        <field name="statuscode" value="1" />
        <field name="tc_ukregionid" value="7e8d5e09-237e-e711-8108-5065f38a9b51" />
      </record>
      <record id="808d5e09-237e-e711-8108-5065f38a9b51">
        <field name="createdby" value="0e601adf-d8d7-e611-80f9-3863bb349770" lookupentity="systemuser" lookupentityname="Brian Edge" />
        <field name="createdon" value="10/08/2017 23:24:31" />
        <field name="importsequencenumber" value="186" />
        <field name="modifiedby" value="0e601adf-d8d7-e611-80f9-3863bb349770" lookupentity="systemuser" lookupentityname="Brian Edge" />
        <field name="modifiedon" value="10/08/2017 23:24:31" />
        <field name="tc_name" value="Glasgow Central" />
        <field name="ownerid" value="0e601adf-d8d7-e611-80f9-3863bb349770" lookupentity="systemuser" lookupentityname="Brian Edge" />
        <field name="owningbusinessunit" value="29876693-2ec7-e611-80fe-3863bb34da28" lookupentity="businessunit" />
        <field name="owninguser" value="0e601adf-d8d7-e611-80f9-3863bb349770" lookupentity="systemuser" />
        <field name="statecode" value="0" />
        <field name="statuscode" value="1" />
        <field name="tc_ukregionid" value="808d5e09-237e-e711-8108-5065f38a9b51" />
      </record>
      <record id="828d5e09-237e-e711-8108-5065f38a9b51">
        <field name="createdby" value="0e601adf-d8d7-e611-80f9-3863bb349770" lookupentity="systemuser" lookupentityname="Brian Edge" />
        <field name="createdon" value="10/08/2017 23:24:31" />
        <field name="importsequencenumber" value="186" />
        <field name="modifiedby" value="0e601adf-d8d7-e611-80f9-3863bb349770" lookupentity="systemuser" lookupentityname="Brian Edge" />
        <field name="modifiedon" value="10/08/2017 23:24:31" />
        <field name="tc_name" value="Leeds and East Midlands" />
        <field name="ownerid" value="0e601adf-d8d7-e611-80f9-3863bb349770" lookupentity="systemuser" lookupentityname="Brian Edge" />
        <field name="owningbusinessunit" value="29876693-2ec7-e611-80fe-3863bb34da28" lookupentity="businessunit" />
        <field name="owninguser" value="0e601adf-d8d7-e611-80f9-3863bb349770" lookupentity="systemuser" />
        <field name="statecode" value="0" />
        <field name="statuscode" value="1" />
        <field name="tc_ukregionid" value="828d5e09-237e-e711-8108-5065f38a9b51" />
      </record>
      <record id="848d5e09-237e-e711-8108-5065f38a9b51">
        <field name="createdby" value="0e601adf-d8d7-e611-80f9-3863bb349770" lookupentity="systemuser" lookupentityname="Brian Edge" />
        <field name="createdon" value="10/08/2017 23:24:31" />
        <field name="importsequencenumber" value="186" />
        <field name="modifiedby" value="0e601adf-d8d7-e611-80f9-3863bb349770" lookupentity="systemuser" lookupentityname="Brian Edge" />
        <field name="modifiedon" value="10/08/2017 23:24:31" />
        <field name="tc_name" value="Leeds Bradford Central" />
        <field name="ownerid" value="0e601adf-d8d7-e611-80f9-3863bb349770" lookupentity="systemuser" lookupentityname="Brian Edge" />
        <field name="owningbusinessunit" value="29876693-2ec7-e611-80fe-3863bb34da28" lookupentity="businessunit" />
        <field name="owninguser" value="0e601adf-d8d7-e611-80f9-3863bb349770" lookupentity="systemuser" />
        <field name="statecode" value="0" />
        <field name="statuscode" value="1" />
        <field name="tc_ukregionid" value="848d5e09-237e-e711-8108-5065f38a9b51" />
      </record>
      <record id="868d5e09-237e-e711-8108-5065f38a9b51">
        <field name="createdby" value="0e601adf-d8d7-e611-80f9-3863bb349770" lookupentity="systemuser" lookupentityname="Brian Edge" />
        <field name="createdon" value="10/08/2017 23:24:31" />
        <field name="importsequencenumber" value="186" />
        <field name="modifiedby" value="0e601adf-d8d7-e611-80f9-3863bb349770" lookupentity="systemuser" lookupentityname="Brian Edge" />
        <field name="modifiedon" value="10/08/2017 23:24:31" />
        <field name="tc_name" value="Luton Central" />
        <field name="ownerid" value="0e601adf-d8d7-e611-80f9-3863bb349770" lookupentity="systemuser" lookupentityname="Brian Edge" />
        <field name="owningbusinessunit" value="29876693-2ec7-e611-80fe-3863bb34da28" lookupentity="businessunit" />
        <field name="owninguser" value="0e601adf-d8d7-e611-80f9-3863bb349770" lookupentity="systemuser" />
        <field name="statecode" value="0" />
        <field name="statuscode" value="1" />
        <field name="tc_ukregionid" value="868d5e09-237e-e711-8108-5065f38a9b51" />
      </record>
      <record id="888d5e09-237e-e711-8108-5065f38a9b51">
        <field name="createdby" value="0e601adf-d8d7-e611-80f9-3863bb349770" lookupentity="systemuser" lookupentityname="Brian Edge" />
        <field name="createdon" value="10/08/2017 23:24:31" />
        <field name="importsequencenumber" value="186" />
        <field name="modifiedby" value="0e601adf-d8d7-e611-80f9-3863bb349770" lookupentity="systemuser" lookupentityname="Brian Edge" />
        <field name="modifiedon" value="10/08/2017 23:24:31" />
        <field name="tc_name" value="Manchester and Liverpool" />
        <field name="ownerid" value="0e601adf-d8d7-e611-80f9-3863bb349770" lookupentity="systemuser" lookupentityname="Brian Edge" />
        <field name="owningbusinessunit" value="29876693-2ec7-e611-80fe-3863bb34da28" lookupentity="businessunit" />
        <field name="owninguser" value="0e601adf-d8d7-e611-80f9-3863bb349770" lookupentity="systemuser" />
        <field name="statecode" value="0" />
        <field name="statuscode" value="1" />
        <field name="tc_ukregionid" value="888d5e09-237e-e711-8108-5065f38a9b51" />
      </record>
      <record id="8a8d5e09-237e-e711-8108-5065f38a9b51">
        <field name="createdby" value="0e601adf-d8d7-e611-80f9-3863bb349770" lookupentity="systemuser" lookupentityname="Brian Edge" />
        <field name="createdon" value="10/08/2017 23:24:31" />
        <field name="importsequencenumber" value="186" />
        <field name="modifiedby" value="0e601adf-d8d7-e611-80f9-3863bb349770" lookupentity="systemuser" lookupentityname="Brian Edge" />
        <field name="modifiedon" value="10/08/2017 23:24:31" />
        <field name="tc_name" value="Manchester Central" />
        <field name="ownerid" value="0e601adf-d8d7-e611-80f9-3863bb349770" lookupentity="systemuser" lookupentityname="Brian Edge" />
        <field name="owningbusinessunit" value="29876693-2ec7-e611-80fe-3863bb34da28" lookupentity="businessunit" />
        <field name="owninguser" value="0e601adf-d8d7-e611-80f9-3863bb349770" lookupentity="systemuser" />
        <field name="statecode" value="0" />
        <field name="statuscode" value="1" />
        <field name="tc_ukregionid" value="8a8d5e09-237e-e711-8108-5065f38a9b51" />
      </record>
      <record id="8c8d5e09-237e-e711-8108-5065f38a9b51">
        <field name="createdby" value="0e601adf-d8d7-e611-80f9-3863bb349770" lookupentity="systemuser" lookupentityname="Brian Edge" />
        <field name="createdon" value="10/08/2017 23:24:31" />
        <field name="importsequencenumber" value="186" />
        <field name="modifiedby" value="0e601adf-d8d7-e611-80f9-3863bb349770" lookupentity="systemuser" lookupentityname="Brian Edge" />
        <field name="modifiedon" value="10/08/2017 23:24:31" />
        <field name="tc_name" value="Manchester South" />
        <field name="ownerid" value="0e601adf-d8d7-e611-80f9-3863bb349770" lookupentity="systemuser" lookupentityname="Brian Edge" />
        <field name="owningbusinessunit" value="29876693-2ec7-e611-80fe-3863bb34da28" lookupentity="businessunit" />
        <field name="owninguser" value="0e601adf-d8d7-e611-80f9-3863bb349770" lookupentity="systemuser" />
        <field name="statecode" value="0" />
        <field name="statuscode" value="1" />
        <field name="tc_ukregionid" value="8c8d5e09-237e-e711-8108-5065f38a9b51" />
      </record>
      <record id="8e8d5e09-237e-e711-8108-5065f38a9b51">
        <field name="createdby" value="0e601adf-d8d7-e611-80f9-3863bb349770" lookupentity="systemuser" lookupentityname="Brian Edge" />
        <field name="createdon" value="10/08/2017 23:24:31" />
        <field name="importsequencenumber" value="186" />
        <field name="modifiedby" value="0e601adf-d8d7-e611-80f9-3863bb349770" lookupentity="systemuser" lookupentityname="Brian Edge" />
        <field name="modifiedon" value="10/08/2017 23:24:31" />
        <field name="tc_name" value="Manchester West" />
        <field name="ownerid" value="0e601adf-d8d7-e611-80f9-3863bb349770" lookupentity="systemuser" lookupentityname="Brian Edge" />
        <field name="owningbusinessunit" value="29876693-2ec7-e611-80fe-3863bb34da28" lookupentity="businessunit" />
        <field name="owninguser" value="0e601adf-d8d7-e611-80f9-3863bb349770" lookupentity="systemuser" />
        <field name="statecode" value="0" />
        <field name="statuscode" value="1" />
        <field name="tc_ukregionid" value="8e8d5e09-237e-e711-8108-5065f38a9b51" />
      </record>
      <record id="908d5e09-237e-e711-8108-5065f38a9b51">
        <field name="createdby" value="0e601adf-d8d7-e611-80f9-3863bb349770" lookupentity="systemuser" lookupentityname="Brian Edge" />
        <field name="createdon" value="10/08/2017 23:24:31" />
        <field name="importsequencenumber" value="186" />
        <field name="modifiedby" value="0e601adf-d8d7-e611-80f9-3863bb349770" lookupentity="systemuser" lookupentityname="Brian Edge" />
        <field name="modifiedon" value="10/08/2017 23:24:31" />
        <field name="tc_name" value="Newcastle Central" />
        <field name="ownerid" value="0e601adf-d8d7-e611-80f9-3863bb349770" lookupentity="systemuser" lookupentityname="Brian Edge" />
        <field name="owningbusinessunit" value="29876693-2ec7-e611-80fe-3863bb34da28" lookupentity="businessunit" />
        <field name="owninguser" value="0e601adf-d8d7-e611-80f9-3863bb349770" lookupentity="systemuser" />
        <field name="statecode" value="0" />
        <field name="statuscode" value="1" />
        <field name="tc_ukregionid" value="908d5e09-237e-e711-8108-5065f38a9b51" />
      </record>
      <record id="928d5e09-237e-e711-8108-5065f38a9b51">
        <field name="createdby" value="0e601adf-d8d7-e611-80f9-3863bb349770" lookupentity="systemuser" lookupentityname="Brian Edge" />
        <field name="createdon" value="10/08/2017 23:24:31" />
        <field name="importsequencenumber" value="186" />
        <field name="modifiedby" value="0e601adf-d8d7-e611-80f9-3863bb349770" lookupentity="systemuser" lookupentityname="Brian Edge" />
        <field name="modifiedon" value="10/08/2017 23:24:31" />
        <field name="tc_name" value="South Glasgow and Manchester" />
        <field name="ownerid" value="0e601adf-d8d7-e611-80f9-3863bb349770" lookupentity="systemuser" lookupentityname="Brian Edge" />
        <field name="owningbusinessunit" value="29876693-2ec7-e611-80fe-3863bb34da28" lookupentity="businessunit" />
        <field name="owninguser" value="0e601adf-d8d7-e611-80f9-3863bb349770" lookupentity="systemuser" />
        <field name="statecode" value="0" />
        <field name="statuscode" value="1" />
        <field name="tc_ukregionid" value="928d5e09-237e-e711-8108-5065f38a9b51" />
      </record>
      <record id="948d5e09-237e-e711-8108-5065f38a9b51">
        <field name="createdby" value="0e601adf-d8d7-e611-80f9-3863bb349770" lookupentity="systemuser" lookupentityname="Brian Edge" />
        <field name="createdon" value="10/08/2017 23:24:31" />
        <field name="importsequencenumber" value="186" />
        <field name="modifiedby" value="0e601adf-d8d7-e611-80f9-3863bb349770" lookupentity="systemuser" lookupentityname="Brian Edge" />
        <field name="modifiedon" value="10/08/2017 23:24:31" />
        <field name="tc_name" value="Stansted and Luton" />
        <field name="ownerid" value="0e601adf-d8d7-e611-80f9-3863bb349770" lookupentity="systemuser" lookupentityname="Brian Edge" />
        <field name="owningbusinessunit" value="29876693-2ec7-e611-80fe-3863bb34da28" lookupentity="businessunit" />
        <field name="owninguser" value="0e601adf-d8d7-e611-80f9-3863bb349770" lookupentity="systemuser" />
        <field name="statecode" value="0" />
        <field name="statuscode" value="1" />
        <field name="tc_ukregionid" value="948d5e09-237e-e711-8108-5065f38a9b51" />
      </record>
      <record id="968d5e09-237e-e711-8108-5065f38a9b51">
        <field name="createdby" value="0e601adf-d8d7-e611-80f9-3863bb349770" lookupentity="systemuser" lookupentityname="Brian Edge" />
        <field name="createdon" value="10/08/2017 23:24:31" />
        <field name="importsequencenumber" value="186" />
        <field name="modifiedby" value="0e601adf-d8d7-e611-80f9-3863bb349770" lookupentity="systemuser" lookupentityname="Brian Edge" />
        <field name="modifiedon" value="10/08/2017 23:24:31" />
        <field name="tc_name" value="Stansted and Norwich" />
        <field name="ownerid" value="0e601adf-d8d7-e611-80f9-3863bb349770" lookupentity="systemuser" lookupentityname="Brian Edge" />
        <field name="owningbusinessunit" value="29876693-2ec7-e611-80fe-3863bb34da28" lookupentity="businessunit" />
        <field name="owninguser" value="0e601adf-d8d7-e611-80f9-3863bb349770" lookupentity="systemuser" />
        <field name="statecode" value="0" />
        <field name="statuscode" value="1" />
        <field name="tc_ukregionid" value="968d5e09-237e-e711-8108-5065f38a9b51" />
      </record>
    </records>
    <m2mrelationships />
  </entity>
</entities>