<entities xmlns:xsd="http://www.w3.org/2001/XMLSchema" xmlns:xsi="http://www.w3.org/2001/XMLSchema-instance">
  <entity name="annotation" displayname="Note">
  <records>
<record id="cf04bc42-1679-e711-8102-5065f38bd561">
        <field name="notetext" value="Tc.Usd.HostedControls.zip&#xD;&#xA;https://thomascook.sharepoint.com/sites/group_dynamics_crm_dev/incident/TcUsdCustomizationCustomHostedControls/TcUsdHostedControls_8e56bcb018fc49899bc8e05790c4173b.zip" />
        <field name="filesize" value="0" />
        <field name="isdocument" value="False" />
        <field name="mimetype" value="application/x-zip-compressed" />
        <field name="annotationid" value="cf04bc42-1679-e711-8102-5065f38bd561" />
        <field name="objecttypecode" value="msdyusd_customizationfiles" />
        <field name="objectid" value="5ee7f26e-1976-e711-8100-5065f38b74a1" lookupentity="msdyusd_customizationfiles" />
        <field name="subject" value="/Activities/Attachment/download.aspx?AttachmentType=5&amp;amp;AttachmentId=&amp;amp;IsNotesTabAttachment=0&amp;amp;CRMWRPCToken=Tl7pkXGZEeeBAVBl84vFQbybrTi6ympBHhtpRtqYAs4KRnJw%2fNXhlXu9XgTZCbd5&amp;amp;CRMWRPCTokenTimeStamp=636374490134573789" />
      </record>
	  </records>
<m2mrelationships />
  </entity>
</entities>