
<entities xmlns:xsd="http://www.w3.org/2001/XMLSchema" xmlns:xsi="http://www.w3.org/2001/XMLSchema-instance">
  <entity name="tc_accounttype" displayname="Account Type">
    <records>
      <record id="8b5fe884-3a0a-e711-810a-3863bb340dd8">
        <field name="tc_accounttypeid" value="8b5fe884-3a0a-e711-810a-3863bb340dd8" />
        <field name="tc_name" value="Supplier" />
      </record>
      <record id="abd4335e-3b0a-e711-810a-3863bb340dd8">
        <field name="tc_accounttypeid" value="abd4335e-3b0a-e711-810a-3863bb340dd8" />
        <field name="tc_name" value="3rd Party Shop" />
      </record>
    </records>
    <m2mrelationships />
  </entity>
</entities>