<ImportExportXml version="8.2.0000.0781" SolutionPackageVersion="8.2" languagecode="1033" generatedBy="CrmLive" xmlns:xsi="http://www.w3.org/2001/XMLSchema-instance">
  <SolutionManifest>
    <UniqueName>ThomasCook</UniqueName>
    <LocalizedNames>
      <LocalizedName description="Thomas Cook" languagecode="1033" />
    </LocalizedNames>
    <Descriptions>
      <Description description="Version control&#xA;&#xA;1.0.0.x" languagecode="1033" />
    </Descriptions>
    <Version>1.0.0.9</Version>
    <Managed>0</Managed>
    <Publisher>
      <UniqueName>thomascook</UniqueName>
      <LocalizedNames>
        <LocalizedName description="Thomas Cook" languagecode="1033" />
      </LocalizedNames>
      <Descriptions />
      <EMailAddress xsi:nil="true"></EMailAddress>
      <SupportingWebsiteUrl xsi:nil="true"></SupportingWebsiteUrl>
      <CustomizationPrefix>tc</CustomizationPrefix>
      <CustomizationOptionValuePrefix>95000</CustomizationOptionValuePrefix>
      <Addresses>
        <Address>
          <AddressNumber>1</AddressNumber>
          <AddressTypeCode>1</AddressTypeCode>
          <City>Egham</City>
          <County xsi:nil="true"></County>
          <Country>United Kingdom</Country>
          <Fax xsi:nil="true"></Fax>
          <FreightTermsCode xsi:nil="true"></FreightTermsCode>
          <ImportSequenceNumber xsi:nil="true"></ImportSequenceNumber>
          <Latitude xsi:nil="true"></Latitude>
          <Line1>Axon House</Line1>
          <Line2 xsi:nil="true"></Line2>
          <Line3 xsi:nil="true"></Line3>
          <Longitude xsi:nil="true"></Longitude>
          <Name xsi:nil="true"></Name>
          <PostalCode>TW20</PostalCode>
          <PostOfficeBox xsi:nil="true"></PostOfficeBox>
          <PrimaryContactName xsi:nil="true"></PrimaryContactName>
          <ShippingMethodCode>1</ShippingMethodCode>
          <StateOrProvince>Surrey</StateOrProvince>
          <Telephone1 xsi:nil="true"></Telephone1>
          <Telephone2 xsi:nil="true"></Telephone2>
          <Telephone3 xsi:nil="true"></Telephone3>
          <TimeZoneRuleVersionNumber xsi:nil="true"></TimeZoneRuleVersionNumber>
          <UPSZone xsi:nil="true"></UPSZone>
          <UTCOffset xsi:nil="true"></UTCOffset>
          <UTCConversionTimeZoneCode xsi:nil="true"></UTCConversionTimeZoneCode>
        </Address>
        <Address>
          <AddressNumber>2</AddressNumber>
          <AddressTypeCode>1</AddressTypeCode>
          <City xsi:nil="true"></City>
          <County xsi:nil="true"></County>
          <Country xsi:nil="true"></Country>
          <Fax xsi:nil="true"></Fax>
          <FreightTermsCode xsi:nil="true"></FreightTermsCode>
          <ImportSequenceNumber xsi:nil="true"></ImportSequenceNumber>
          <Latitude xsi:nil="true"></Latitude>
          <Line1 xsi:nil="true"></Line1>
          <Line2 xsi:nil="true"></Line2>
          <Line3 xsi:nil="true"></Line3>
          <Longitude xsi:nil="true"></Longitude>
          <Name xsi:nil="true"></Name>
          <PostalCode xsi:nil="true"></PostalCode>
          <PostOfficeBox xsi:nil="true"></PostOfficeBox>
          <PrimaryContactName xsi:nil="true"></PrimaryContactName>
          <ShippingMethodCode>1</ShippingMethodCode>
          <StateOrProvince xsi:nil="true"></StateOrProvince>
          <Telephone1 xsi:nil="true"></Telephone1>
          <Telephone2 xsi:nil="true"></Telephone2>
          <Telephone3 xsi:nil="true"></Telephone3>
          <TimeZoneRuleVersionNumber xsi:nil="true"></TimeZoneRuleVersionNumber>
          <UPSZone xsi:nil="true"></UPSZone>
          <UTCOffset xsi:nil="true"></UTCOffset>
          <UTCConversionTimeZoneCode xsi:nil="true"></UTCConversionTimeZoneCode>
        </Address>
      </Addresses>
    </Publisher>
    <RootComponents>
      <RootComponent type="1" schemaName="account" behavior="0" />
      <RootComponent type="1" schemaName="category" behavior="1" />
      <RootComponent type="1" schemaName="competitor" behavior="1" />
      <RootComponent type="1" schemaName="contact" behavior="0" />
      <RootComponent type="1" schemaName="incident" behavior="0" />
      <RootComponent type="1" schemaName="invoice" behavior="1" />
      <RootComponent type="1" schemaName="lead" behavior="1" />
      <RootComponent type="1" schemaName="opportunity" behavior="1" />
      <RootComponent type="1" schemaName="product" behavior="1" />
      <RootComponent type="1" schemaName="quote" behavior="1" />
      <RootComponent type="1" schemaName="salesorder" behavior="1" />
      <RootComponent type="1" schemaName="socialprofile" behavior="0" />
      <RootComponent type="1" schemaName="systemuser" behavior="0" />
      <RootComponent type="1" schemaName="tc_booking" behavior="0" />
      <RootComponent type="1" schemaName="tc_bookingaccommodation" behavior="0" />
      <RootComponent type="1" schemaName="tc_bookingtransport" behavior="0" />
      <RootComponent type="1" schemaName="tc_brand" behavior="0" />
      <RootComponent type="1" schemaName="tc_casecategory" behavior="0" />
      <RootComponent type="1" schemaName="tc_casetype" behavior="0" />
      <RootComponent type="1" schemaName="tc_country" behavior="0" />
      <RootComponent type="1" schemaName="tc_customerbookingrole" behavior="0" />
      <RootComponent type="1" schemaName="tc_gateway" behavior="0" />
      <RootComponent type="1" schemaName="tc_hotel" behavior="0" />
      <RootComponent type="1" schemaName="tc_hotelpromises" behavior="0" />
      <RootComponent type="1" schemaName="tc_location" behavior="0" />
      <RootComponent type="1" schemaName="tc_locationoffice" behavior="0" />
      <RootComponent type="1" schemaName="tc_region" behavior="0" />
      <RootComponent type="1" schemaName="tc_remark" behavior="0" />
      <RootComponent type="1" schemaName="tc_touroperator" behavior="0" />
      <RootComponent type="1" schemaName="team" behavior="1" />
      <RootComponent type="1" schemaName="transactioncurrency" behavior="1" />
      <RootComponent type="9" schemaName="tc_boardtype" behavior="0" />
      <RootComponent type="9" schemaName="tc_casetype" behavior="0" />
      <RootComponent type="9" schemaName="tc_countries" behavior="0" />
      <RootComponent type="9" schemaName="tc_customerbookingrole" behavior="0" />
      <RootComponent type="9" schemaName="tc_customersegment" behavior="0" />
      <RootComponent type="9" schemaName="tc_emailaddresstype" behavior="0" />
      <RootComponent type="9" schemaName="tc_externalservicecode" behavior="0" />
      <RootComponent type="9" schemaName="tc_gender" behavior="0" />
      <RootComponent type="9" schemaName="tc_hotelcategory" behavior="0" />
      <RootComponent type="9" schemaName="tc_hotelpromisetype" behavior="0" />
      <RootComponent type="9" schemaName="tc_languages" behavior="0" />
      <RootComponent type="9" schemaName="tc_methodofcommunication" behavior="0" />
      <RootComponent type="9" schemaName="tc_remarktype" behavior="0" />
      <RootComponent type="9" schemaName="tc_salutation" behavior="0" />
      <RootComponent type="9" schemaName="tc_servicetype" behavior="0" />
      <RootComponent type="9" schemaName="tc_telephonetype" behavior="0" />
      <RootComponent type="9" schemaName="tc_transferservicelevel" behavior="0" />
      <RootComponent type="9" schemaName="tc_transfertype" behavior="0" />
      <RootComponent type="20" id="{1d3e2e7d-b0ef-e611-8106-3863bb340dd8}" behavior="0" />
      <RootComponent type="20" id="{8985993c-4eed-e611-8106-3863bb340dd8}" behavior="0" />
      <RootComponent type="20" id="{94a0c1d8-5aed-e611-8106-3863bb340dd8}" behavior="0" />
      <RootComponent type="29" id="{23fc4d98-82e4-e611-8109-1458d041f8e8}" behavior="0" />
      <RootComponent type="29" id="{6a7ac9d1-9778-4067-8754-5f66b0f29bf7}" behavior="0" />
      <RootComponent type="29" id="{7b10c326-807c-4f01-a3d0-4264dec1f418}" behavior="0" />
      <RootComponent type="29" id="{7e843499-eba8-468b-8114-ee87f2c3db4c}" behavior="0" />
      <RootComponent type="29" id="{cfcf0010-9151-4a67-9a7d-56eca531cd3a}" behavior="0" />
      <RootComponent type="29" id="{ddbbc1b9-2203-4cc1-a65e-f48c7a57120f}" behavior="0" />
      <RootComponent type="60" id="{0619ad6c-95d6-462f-ac3d-d27eac8a4840}" behavior="0" />
      <RootComponent type="60" id="{0ea91742-bb28-430a-b92e-076f181381b7}" behavior="0" />
      <RootComponent type="60" id="{15915835-b87c-49ec-9ffc-bfac3ac44ef1}" behavior="0" />
      <RootComponent type="60" id="{187197f1-ab1d-44e2-a2bb-e93bef4aed66}" behavior="0" />
      <RootComponent type="60" id="{1c5b35af-5f0d-4e31-a5cd-25c149792427}" behavior="0" />
      <RootComponent type="60" id="{1fed44d1-ae68-4a41-bd2b-f13acac4acfa}" behavior="0" />
      <RootComponent type="60" id="{238fe671-b59d-4fcc-84fd-6949db6c2dfa}" behavior="0" />
      <RootComponent type="60" id="{2852c805-2e64-49d7-ab12-52333121efe4}" behavior="0" />
      <RootComponent type="60" id="{3a0b2969-21c0-49c7-8590-43bd0688145d}" behavior="0" />
      <RootComponent type="60" id="{47795f41-6ce9-49e0-8a7c-59b0d0e3b80c}" behavior="0" />
      <RootComponent type="60" id="{4a63c8d1-6c1e-48ec-9db4-3e6c7155334c}" behavior="0" />
      <RootComponent type="60" id="{4a7b0d08-760e-4b3c-999e-9b7bae357d70}" behavior="0" />
      <RootComponent type="60" id="{4ed5377d-04f0-4ea9-8a33-d479f6ac795a}" behavior="0" />
      <RootComponent type="60" id="{4f469c79-25cb-41e6-8cf3-6c4d65800986}" behavior="0" />
      <RootComponent type="60" id="{5f79e89a-ba4c-4b24-b4b5-4349f414faf9}" behavior="0" />
      <RootComponent type="60" id="{61a21ee4-7943-4d00-8a41-42097c88e110}" behavior="0" />
      <RootComponent type="60" id="{661157fe-2fc9-4eaa-835f-5bfa2f7b64f7}" behavior="0" />
      <RootComponent type="60" id="{707fc57b-c5e6-471b-a180-e37ed28a38e2}" behavior="0" />
      <RootComponent type="60" id="{70ad8b15-e3f3-4d7d-9e4b-16cb4e51b484}" behavior="0" />
      <RootComponent type="60" id="{72b3222f-1cc4-4cd0-8855-079161cc5340}" behavior="0" />
      <RootComponent type="60" id="{81497873-7e70-4d2e-81fd-7a99b4a791bb}" behavior="0" />
      <RootComponent type="60" id="{814ce71e-6be2-4470-99bd-399aca0c5994}" behavior="0" />
      <RootComponent type="60" id="{8448b78f-8f42-454e-8e2a-f8196b0419af}" behavior="0" />
      <RootComponent type="60" id="{84de63cd-e724-483d-be24-57064d3d1e89}" behavior="0" />
      <RootComponent type="60" id="{88599263-c11e-4c33-bf9d-a46fcee7595b}" behavior="0" />
      <RootComponent type="60" id="{8a500bd5-5230-48f1-af4e-7e72f77a7fa0}" behavior="0" />
      <RootComponent type="60" id="{9aca58e8-6630-461f-8d7d-6bf1d43d6676}" behavior="0" />
      <RootComponent type="60" id="{b028db32-3619-48a5-ac51-cf3f947b0ef3}" behavior="0" />
      <RootComponent type="60" id="{c49ccb7d-ed78-401c-8797-d8719e678f49}" behavior="0" />
      <RootComponent type="60" id="{c4bc3e8c-71a3-41f6-9a2a-5a4f147d92e8}" behavior="0" />
      <RootComponent type="60" id="{c555bc66-715c-483d-a0dd-ef3806dcbc06}" behavior="0" />
      <RootComponent type="60" id="{c6615f56-67b7-413b-b238-2a7005cea726}" behavior="0" />
      <RootComponent type="60" id="{d1e9fb5f-c4b3-4cd5-bda3-16f664c7b4e7}" behavior="0" />
      <RootComponent type="60" id="{d4b6ee17-768c-4e93-8276-eef3140a8d02}" behavior="0" />
      <RootComponent type="60" id="{de9e32bd-1a1d-48e6-9c18-0fb705453a13}" behavior="0" />
      <RootComponent type="60" id="{eb3748b8-5f90-4050-a039-8b7d279ad8fe}" behavior="0" />
      <RootComponent type="60" id="{ec641943-514b-4cd4-b965-cb4c61c6d40c}" behavior="0" />
      <RootComponent type="60" id="{ed92b7e8-4e36-458a-9a89-273ddf68f03e}" behavior="0" />
      <RootComponent type="60" id="{efd07c8e-c7b7-44d2-885c-7862747ff7b0}" behavior="0" />
      <RootComponent type="60" id="{ff46e7c1-edf6-4368-9e77-c121bd15f2b2}" behavior="0" />
      <RootComponent type="61" schemaName="tc_BookingAccommodationIcon16" behavior="0" />
      <RootComponent type="61" schemaName="tc_BookingAccommodationIcon32" behavior="0" />
      <RootComponent type="61" schemaName="tc_BookingIcon16" behavior="0" />
      <RootComponent type="61" schemaName="tc_BookingIcon32" behavior="0" />
      <RootComponent type="61" schemaName="tc_BookingTransportAeroplaneIcon16" behavior="0" />
      <RootComponent type="61" schemaName="tc_BookingTransportAeroplaneIcon32" behavior="0" />
      <RootComponent type="61" schemaName="tc_BrandIcon16" behavior="0" />
      <RootComponent type="61" schemaName="tc_BrandIcon32" behavior="0" />
      <RootComponent type="61" schemaName="tc_CaseCategoryIcon16" behavior="0" />
      <RootComponent type="61" schemaName="tc_CaseCategoryIcon32" behavior="0" />
      <RootComponent type="61" schemaName="tc_CaseTypes16" behavior="0" />
      <RootComponent type="61" schemaName="tc_CaseTypes32" behavior="0" />
      <RootComponent type="61" schemaName="tc_ConnectedAppIcon" behavior="0" />
      <RootComponent type="61" schemaName="tc_CountryWorldIcon16" behavior="0" />
      <RootComponent type="61" schemaName="tc_CountryWorldIcon32" behavior="0" />
      <RootComponent type="61" schemaName="tc_CustomerBookingRole16" behavior="0" />
      <RootComponent type="61" schemaName="tc_CustomerBookingRole32" behavior="0" />
      <RootComponent type="61" schemaName="tc_CustomerKPIChartIcon16" behavior="0" />
      <RootComponent type="61" schemaName="tc_CustomerKPIChartIcon32" behavior="0" />
      <RootComponent type="61" schemaName="tc_GatewayGateIcon16" behavior="0" />
      <RootComponent type="61" schemaName="tc_GatewayGateIcon32" behavior="0" />
      <RootComponent type="61" schemaName="tc_HotelIcon16" behavior="0" />
      <RootComponent type="61" schemaName="tc_HotelIcon32" behavior="0" />
      <RootComponent type="61" schemaName="tc_HotelPromiseIcon16" behavior="0" />
      <RootComponent type="61" schemaName="tc_HotelPromiseIcon32" behavior="0" />
      <RootComponent type="61" schemaName="tc_LocationOfficeIcon16" behavior="0" />
      <RootComponent type="61" schemaName="tc_LocationOfficeIcon32" behavior="0" />
      <RootComponent type="61" schemaName="tc_LocationPyramidIcon16" behavior="0" />
      <RootComponent type="61" schemaName="tc_LocationPyramidIcon32" behavior="0" />
      <RootComponent type="61" schemaName="tc_ParticipantIcon16" behavior="0" />
      <RootComponent type="61" schemaName="tc_ParticipantIcon32" behavior="0" />
      <RootComponent type="61" schemaName="tc_RegionIcon16" behavior="0" />
      <RootComponent type="61" schemaName="tc_RegionIcon32" behavior="0" />
      <RootComponent type="61" schemaName="tc_Remark16" behavior="0" />
      <RootComponent type="61" schemaName="tc_Remark32" behavior="0" />
      <RootComponent type="61" schemaName="tc_SiteMapDataArea32x32" behavior="0" />
      <RootComponent type="61" schemaName="tc_TourOperatorIcon16" behavior="0" />
      <RootComponent type="61" schemaName="tc_TourOperatorIcon32" behavior="0" />
      <RootComponent type="62" behavior="0" />
      <RootComponent type="91" schemaName="Tc.Crm.CustomWorkflowSteps, Version=1.0.0.0, Culture=neutral, PublicKeyToken=3101817c1108e849" behavior="0" />
      <RootComponent type="152" id="{fab1fba3-d8e6-e611-8105-3863bb340dd8}" behavior="0" />
    </RootComponents>
    <MissingDependencies>
      <MissingDependency>
        <Required key="0" type="1" schemaName="msdyn_wallsavedqueryusersettings" displayName="Filter" solution="ActivityFeedsCore (8.2.0.0)" />
        <Dependent key="1" type="1" schemaName="systemuser" displayName="User" />
      </MissingDependency>
      <MissingDependency>
        <Required key="2" type="1" schemaName="msdyn_postconfig" displayName="Post Configuration" solution="ActivityFeedsCore (8.2.0.0)" />
        <Dependent key="3" type="62" />
      </MissingDependency>
      <MissingDependency>
        <Required key="4" type="1" schemaName="msdyn_postruleconfig" displayName="Post Rule Configuration" solution="ActivityFeedsCore (8.2.0.0)" />
        <Dependent key="3" type="62" />
      </MissingDependency>
      <MissingDependency>
        <Required key="5" type="61" schemaName="msdyn_/PersonalWall.htm" displayName="msdyn_/PersonalWall.htm" solution="ActivityFeedsCore (8.2.0.0)" />
        <Dependent key="3" type="62" />
      </MissingDependency>
      <MissingDependency>
        <Required key="6" type="61" schemaName="msdyn_/Images/Wall_16.png" displayName="msdyn_/Images/Wall_16.png" solution="ActivityFeedsCore (8.2.0.0)" />
        <Dependent key="3" type="62" />
      </MissingDependency>
    </MissingDependencies>
  </SolutionManifest>
</ImportExportXml>