<entities xmlns:xsi="http://www.w3.org/2001/XMLSchema-instance">
  <entity name="tc_casetype" displayname="Case Type" etc="10036" primaryidfield="tc_casetypeid" primarynamefield="tc_name" disableplugins="false">
    <fields>
      <field updateCompare="true" displayname="Case Type" name="tc_casetypeid" type="guid" primaryKey="true" />
      <field displayname="Name" name="tc_name" type="string" customfield="true" />
    </fields>
  </entity>
  <entity name="tc_casecategory" displayname="Case Category" etc="10037" primaryidfield="tc_casecategoryid" primarynamefield="tc_name" disableplugins="false">
    <fields>
      <field updateCompare="true" displayname="Case Category" name="tc_casecategoryid" type="guid" primaryKey="true" />
      <field displayname="Case Type" name="tc_casetypeid" type="entityreference" lookupType="tc_casetype" customfield="true" />
      <field displayname="Name" name="tc_name" type="string" customfield="true" />
    </fields>
    <relationships>
      <relationship name="tc_tc_casecategory_tc_casecategory" manyToMany="true" isreflexive="true" relatedEntityName="tc_tc_casecategory_tc_casecategory" m2mTargetEntity="tc_casecategory" m2mTargetEntityPrimaryKey="tc_casecategoryid" />
    </relationships>
  </entity>
  <entity name="tc_country" displayname="Country" etc="10031" primaryidfield="tc_countryid" primarynamefield="tc_iso_code" disableplugins="false">
    <fields>
      <field updateCompare="true" displayname="Country" name="tc_countryid" type="guid" primaryKey="true" />
      <field displayname="Country" name="tc_iso_code" type="string" customfield="true" />
      <field displayname="Country Name" name="tc_countryname" type="optionsetvalue" customfield="true" />
      <field displayname="ISO 2 Code" name="tc_iso2code" type="string" customfield="true" />
    </fields>
  </entity>
  <entity name="tc_gateway" displayname="Gateway" etc="10032" primaryidfield="tc_gatewayid" primarynamefield="tc_iata" disableplugins="false">
    <fields>
      <field displayname="Country" name="tc_countryid" type="entityreference" lookupType="tc_country" customfield="true" />
      <field updateCompare="true" displayname="Gateway" name="tc_gatewayid" type="guid" primaryKey="true" />
      <field displayname="Gateway Name" name="tc_gateway" type="string" customfield="true" />
      <field displayname="IATA" name="tc_iata" type="string" customfield="true" />
    </fields>
    <relationships>
      <relationship name="tc_gateway_tc_locationoffice" manyToMany="true" isreflexive="false" relatedEntityName="tc_gateway_tc_locationoffice" m2mTargetEntity="tc_locationoffice" m2mTargetEntityPrimaryKey="tc_locationofficeid" />
      <relationship name="tc_gateway_tc_otherlocations" manyToMany="true" isreflexive="false" relatedEntityName="tc_gateway_tc_otherlocations" m2mTargetEntity="tc_location" m2mTargetEntityPrimaryKey="tc_locationid" />
    </relationships>
  </entity>
  <entity name="tc_region" displayname="Region" etc="10033" primaryidfield="tc_regionid" primarynamefield="tc_name" disableplugins="false">
    <fields>
      <field displayname="Region Code" name="tc_regioncode" type="string" customfield="true" />
      <field updateCompare="true" displayname="Region" name="tc_regionid" type="guid" primaryKey="true" />
      <field displayname="Country" name="tc_countryid" type="entityreference" lookupType="tc_country" customfield="true" />
      <field displayname="Name" name="tc_name" type="string" customfield="true" />
    </fields>
  </entity>
  <entity name="tc_location" displayname="Location" etc="10008" primaryidfield="tc_locationid" primarynamefield="tc_name" disableplugins="false">
    <fields>
      <field updateCompare="true" displayname="Location" name="tc_locationid" type="guid" primaryKey="true" />
      <field displayname="Location Code" name="tc_locationcode" type="string" customfield="true" />
      <field displayname="Name" name="tc_name" type="string" customfield="true" />
      <field displayname="Primary Location" name="tc_primarylocationid" type="entityreference" lookupType="tc_gateway" customfield="true" />
      <field displayname="Region" name="tc_regionid" type="entityreference" lookupType="tc_region" customfield="true" />
    </fields>
  </entity>
  <entity name="tc_locationoffice" displayname="Location Office" etc="10007" primaryidfield="tc_locationofficeid" primarynamefield="tc_name" disableplugins="false">
    <fields>
      <field displayname="Name" name="tc_name" type="string" customfield="true" />
      <field updateCompare="true" displayname="Location Office" name="tc_locationofficeid" type="guid" primaryKey="true" />
    </fields>
  </entity>
  <entity name="tc_brand" displayname="Brand" etc="10035" primaryidfield="tc_brandid" primarynamefield="tc_name" disableplugins="false">
    <fields>
      <field displayname="Brand Code" name="tc_brandcode" type="string" customfield="true" />
      <field updateCompare="true" displayname="Brand" name="tc_brandid" type="guid" primaryKey="true" />
      <field displayname="Name" name="tc_name" type="string" customfield="true" />
      <field displayname="Source Market" name="tc_countryid" type="entityreference" lookupType="tc_country" customfield="true" />
    </fields>
  </entity>
  <entity name="tc_touroperator" displayname="Tour Operator" etc="10041" primaryidfield="tc_touroperatorid" primarynamefield="tc_name" disableplugins="false">
    <fields>
      <field displayname="Name" name="tc_name" type="string" customfield="true" />
      <field displayname="Source Market" name="tc_countryid" type="entityreference" lookupType="tc_country" customfield="true" />
      <field updateCompare="true" displayname="Tour Operator" name="tc_touroperatorid" type="guid" primaryKey="true" />
      <field displayname="Tour Operator Code" name="tc_touroperatorcode" type="string" customfield="true" />
    </fields>
    <relationships>
      <relationship name="tc_touroperator_tc_brand" manyToMany="true" isreflexive="false" relatedEntityName="tc_touroperator_tc_brand" m2mTargetEntity="tc_brand" m2mTargetEntityPrimaryKey="tc_brandid" />
    </relationships>
  </entity>
  <entity name="tc_hotel" displayname="Hotel" etc="10044" primaryidfield="tc_hotelid" primarynamefield="tc_name" disableplugins="false">
    <fields>
      <field displayname="Address" name="tc_address" type="string" customfield="true" />
      <field displayname="Category" name="tc_category" type="optionsetvalue" customfield="true" />
      <field displayname="Complex Type" name="tc_complextype" type="optionsetvalue" customfield="true" />
      <field displayname="Complex Type Description" name="tc_complextypedescription" type="string" customfield="true" />
      <field updateCompare="true" displayname="Hotel" name="tc_hotelid" type="guid" primaryKey="true" />
      <field displayname="Location" name="tc_locationid" type="entityreference" lookupType="tc_location" customfield="true" />
      <field displayname="Master Hotel ID" name="tc_masterhotelid" type="string" customfield="true" />
      <field displayname="Name" name="tc_name" type="string" customfield="true" />
    </fields>
  </entity>
  <entity name="tc_hotelpromises" displayname="Hotel Promises" etc="10012" primaryidfield="tc_hotelpromisesid" primarynamefield="tc_name" disableplugins="false">
    <fields>
      <field displayname="Brand" name="tc_brandid" type="entityreference" lookupType="tc_brand" customfield="true" />
      <field displayname="Hotel" name="tc_hotelid" type="entityreference" lookupType="tc_hotel" customfield="true" />
      <field updateCompare="true" displayname="Hotel Promises" name="tc_hotelpromisesid" type="guid" primaryKey="true" />
      <field displayname="Name" name="tc_name" type="string" customfield="true" />
      <field displayname="Promise Type" name="tc_promisetype" type="optionsetvalue" customfield="true" />
    </fields>
    <relationships />
  </entity>
</entities>