<entities xmlns:xsi="http://www.w3.org/2001/XMLSchema-instance">
  <entity name="tc_store" displayname="Store" etc="10177" primaryidfield="tc_storeid" primarynamefield="tc_name" disableplugins="false">
    <fields>
      <field displayname="ABTA" name="tc_abta" type="string" customfield="true" />
      <field displayname="Additional Information" name="tc_additionalinformation" type="string" customfield="true" />
      <field displayname="Budget Centre" name="tc_budgetcentre" type="string" customfield="true" />
      <field displayname="Building or House No." name="tc_buildingorhouseno" type="string" customfield="true" />
      <field displayname="Cluster" name="tc_clusterid" type="entityreference" lookupType="tc_cluster" customfield="true" />
      <field displayname="Country" name="tc_country" type="string" customfield="true" />
      <field displayname="County" name="tc_county" type="string" customfield="true" />
      <field displayname="Created By" name="createdby" type="entityreference" lookupType="systemuser" />
      <field displayname="Created By (Delegate)" name="createdonbehalfby" type="entityreference" lookupType="systemuser" />
      <field displayname="Created On" name="createdon" type="datetime" />
      <field displayname="Flat or Unit Number" name="tc_flatorunitnumber" type="string" customfield="true" />
      <field displayname="Import Sequence Number" name="importsequencenumber" type="number" />
      <field displayname="Modified By" name="modifiedby" type="entityreference" lookupType="systemuser" />
      <field displayname="Modified By (Delegate)" name="modifiedonbehalfby" type="entityreference" lookupType="systemuser" />
      <field displayname="Modified On" name="modifiedon" type="datetime" />
      <field displayname="Name" name="tc_name" type="string" customfield="true" />
      <field displayname="Owner" name="ownerid" type="owner" />
      <field displayname="Owning Business Unit" name="owningbusinessunit" type="entityreference" lookupType="businessunit" />
      <field displayname="Owning Team" name="owningteam" type="entityreference" lookupType="team" />
      <field displayname="Owning User" name="owninguser" type="entityreference" lookupType="systemuser" />
      <field displayname="Post Code" name="tc_postcode" type="string" customfield="true" />
      <field displayname="Record Created On" name="overriddencreatedon" type="datetime" />
      <field displayname="Status" name="statecode" type="state" />
      <field displayname="Status Reason" name="statuscode" type="status" />
      <field displayname="Store" name="tc_storeid" type="guid" primaryKey="true" />
      <field displayname="Store Email Address" name="emailaddress" type="string" />
      <field displayname="Store Phone Number" name="tc_storephonenumber" type="string" customfield="true" />
      <field displayname="Street" name="tc_street" type="string" customfield="true" />
      <field displayname="Territory" name="tc_territory" type="optionsetvalue" customfield="true" />
      <field displayname="Time Zone Rule Version Number" name="timezoneruleversionnumber" type="number" />
      <field displayname="Town" name="tc_town" type="string" customfield="true" />
      <field displayname="UK Region" name="tc_ukregionid" type="entityreference" lookupType="tc_ukregion" customfield="true" />
      <field displayname="UTC Conversion Time Zone Code" name="utcconversiontimezonecode" type="number" />
      <field displayname="Version Number" name="versionnumber" type="bigint" />
    </fields>
  </entity>
</entities>