
<entities xmlns:xsd="http://www.w3.org/2001/XMLSchema" xmlns:xsi="http://www.w3.org/2001/XMLSchema-instance">
  <entity name="tc_extra" displayname="Extra">
    <records>
      <record id="9c97be1c-2399-e711-8106-5065f38bb571">
        <field name="tc_label" value="Insurance" />
        <field name="tc_order" value="100" />
        <field name="tc_responsedatatype" value="950000001" />
        <field name="tc_extrascategoryid" value="e361219b-2299-e711-8106-5065f38bb571" lookupentity="tc_extrascategory" lookupentityname="Essentials" />
        <field name="tc_extraid" value="9c97be1c-2399-e711-8106-5065f38bb571" />
      </record>
      <record id="a9672c35-2399-e711-8106-5065f38bb571">
        <field name="tc_label" value="Direct Debit" />
        <field name="tc_order" value="200" />
        <field name="tc_responsedatatype" value="950000001" />
        <field name="tc_extrascategoryid" value="e361219b-2299-e711-8106-5065f38bb571" lookupentity="tc_extrascategory" lookupentityname="Essentials" />
        <field name="tc_extraid" value="a9672c35-2399-e711-8106-5065f38bb571" />
      </record>
      <record id="9d94c151-2399-e711-8106-5065f38bb571">
        <field name="tc_label" value="Travel Money" />
        <field name="tc_order" value="300" />
        <field name="tc_responsedatatype" value="950000001" />
        <field name="tc_extrascategoryid" value="e361219b-2299-e711-8106-5065f38bb571" lookupentity="tc_extrascategory" lookupentityname="Essentials" />
        <field name="tc_extraid" value="9d94c151-2399-e711-8106-5065f38bb571" />
      </record>
      <record id="405c0d60-2399-e711-8106-5065f38bb571">
        <field name="tc_label" value="MCP" />
        <field name="tc_order" value="400" />
        <field name="tc_responsedatatype" value="950000001" />
        <field name="tc_extrascategoryid" value="e361219b-2299-e711-8106-5065f38bb571" lookupentity="tc_extrascategory" lookupentityname="Essentials" />
        <field name="tc_extraid" value="405c0d60-2399-e711-8106-5065f38bb571" />
      </record>
      <record id="d0252d82-2399-e711-8106-5065f38bb571">
        <field name="tc_order" value="500" />
        <field name="tc_responsedatatype" value="950000000" />
        <field name="tc_extrascategoryid" value="e361219b-2299-e711-8106-5065f38bb571" lookupentity="tc_extrascategory" lookupentityname="Essentials" />
        <field name="tc_extraid" value="d0252d82-2399-e711-8106-5065f38bb571" />
      </record>
      <record id="71e7d892-2399-e711-8106-5065f38bb571">
        <field name="tc_label" value="Car parking" />
        <field name="tc_order" value="100" />
        <field name="tc_responsedatatype" value="950000001" />
        <field name="tc_extrascategoryid" value="aa112da6-2299-e711-8106-5065f38bb571" lookupentity="tc_extrascategory" lookupentityname="Before you go" />
        <field name="tc_extraid" value="71e7d892-2399-e711-8106-5065f38bb571" />
      </record>
      <record id="f96a70a7-2399-e711-8106-5065f38bb571">
        <field name="tc_label" value="Overnight hotel" />
        <field name="tc_order" value="200" />
        <field name="tc_responsedatatype" value="950000001" />
        <field name="tc_extrascategoryid" value="aa112da6-2299-e711-8106-5065f38bb571" lookupentity="tc_extrascategory" lookupentityname="Before you go" />
        <field name="tc_extraid" value="f96a70a7-2399-e711-8106-5065f38bb571" />
      </record>
      <record id="8c7079b5-2399-e711-8106-5065f38bb571">
        <field name="tc_label" value="Airport lounge" />
        <field name="tc_order" value="300" />
        <field name="tc_responsedatatype" value="950000001" />
        <field name="tc_extrascategoryid" value="aa112da6-2299-e711-8106-5065f38bb571" lookupentity="tc_extrascategory" lookupentityname="Before you go" />
        <field name="tc_extraid" value="8c7079b5-2399-e711-8106-5065f38bb571" />
      </record>
      <record id="0fe1e6c0-2399-e711-8106-5065f38bb571">
        <field name="tc_label" value="Fast track" />
        <field name="tc_order" value="400" />
        <field name="tc_responsedatatype" value="950000001" />
        <field name="tc_extrascategoryid" value="aa112da6-2299-e711-8106-5065f38bb571" lookupentity="tc_extrascategory" lookupentityname="Before you go" />
        <field name="tc_extraid" value="0fe1e6c0-2399-e711-8106-5065f38bb571" />
      </record>
      <record id="55ea52db-2399-e711-8106-5065f38bb571">
        <field name="tc_order" value="500" />
        <field name="tc_responsedatatype" value="950000000" />
        <field name="tc_extrascategoryid" value="aa112da6-2299-e711-8106-5065f38bb571" lookupentity="tc_extrascategory" lookupentityname="Before you go" />
        <field name="tc_extraid" value="55ea52db-2399-e711-8106-5065f38bb571" />
      </record>
      <record id="9dfcd83b-2499-e711-8106-5065f38bb571">
        <field name="tc_label" value="3 for 2 bundle" />
        <field name="tc_order" value="100" />
        <field name="tc_responsedatatype" value="950000001" />
        <field name="tc_extrascategoryid" value="88c335af-2299-e711-8106-5065f38bb571" lookupentity="tc_extrascategory" lookupentityname="Inflight" />
        <field name="tc_extraid" value="9dfcd83b-2499-e711-8106-5065f38bb571" />
      </record>
      <record id="3da95d45-2499-e711-8106-5065f38bb571">
        <field name="tc_label" value="Meals" />
        <field name="tc_order" value="200" />
        <field name="tc_responsedatatype" value="950000001" />
        <field name="tc_extrascategoryid" value="88c335af-2299-e711-8106-5065f38bb571" lookupentity="tc_extrascategory" lookupentityname="Inflight" />
        <field name="tc_extraid" value="3da95d45-2499-e711-8106-5065f38bb571" />
      </record>
      <record id="09200766-2499-e711-8106-5065f38bb571">
        <field name="tc_label" value="Extra Luggage" />
        <field name="tc_order" value="300" />
        <field name="tc_responsedatatype" value="950000001" />
        <field name="tc_extrascategoryid" value="88c335af-2299-e711-8106-5065f38bb571" lookupentity="tc_extrascategory" lookupentityname="Inflight" />
        <field name="tc_extraid" value="09200766-2499-e711-8106-5065f38bb571" />
      </record>
      <record id="cabd3278-2499-e711-8106-5065f38bb571">
        <field name="tc_label" value="Premium seats / Economy plus" />
        <field name="tc_order" value="400" />
        <field name="tc_responsedatatype" value="950000001" />
        <field name="tc_extrascategoryid" value="88c335af-2299-e711-8106-5065f38bb571" lookupentity="tc_extrascategory" lookupentityname="Inflight" />
        <field name="tc_extraid" value="cabd3278-2499-e711-8106-5065f38bb571" />
      </record>
      <record id="3f377086-2499-e711-8106-5065f38bb571">
        <field name="tc_label" value="Choose your seat" />
        <field name="tc_order" value="500" />
        <field name="tc_responsedatatype" value="950000001" />
        <field name="tc_extrascategoryid" value="88c335af-2299-e711-8106-5065f38bb571" lookupentity="tc_extrascategory" lookupentityname="Inflight" />
        <field name="tc_extraid" value="3f377086-2499-e711-8106-5065f38bb571" />
      </record>
      <record id="dead9498-2499-e711-8106-5065f38bb571">
        <field name="tc_order" value="600" />
        <field name="tc_responsedatatype" value="950000000" />
        <field name="tc_extrascategoryid" value="88c335af-2299-e711-8106-5065f38bb571" lookupentity="tc_extrascategory" lookupentityname="Inflight" />
        <field name="tc_extraid" value="dead9498-2499-e711-8106-5065f38bb571" />
      </record>
      <record id="81282a1f-2699-e711-8106-5065f38bb571">
        <field name="tc_label" value="Rep service / Connected" />
        <field name="tc_order" value="100" />
        <field name="tc_responsedatatype" value="950000001" />
        <field name="tc_extrascategoryid" value="ec4f9dc6-2299-e711-8106-5065f38bb571" lookupentity="tc_extrascategory" lookupentityname="While you're there" />
        <field name="tc_extraid" value="81282a1f-2699-e711-8106-5065f38bb571" />
      </record>
      <record id="14419d29-2699-e711-8106-5065f38bb571">
        <field name="tc_label" value="Transfers" />
        <field name="tc_order" value="200" />
        <field name="tc_responsedatatype" value="950000001" />
        <field name="tc_extrascategoryid" value="ec4f9dc6-2299-e711-8106-5065f38bb571" lookupentity="tc_extrascategory" lookupentityname="While you're there" />
        <field name="tc_extraid" value="14419d29-2699-e711-8106-5065f38bb571" />
      </record>
      <record id="907a203a-2699-e711-8106-5065f38bb571">
        <field name="tc_label" value="Car hire" />
        <field name="tc_order" value="300" />
        <field name="tc_responsedatatype" value="950000001" />
        <field name="tc_extrascategoryid" value="ec4f9dc6-2299-e711-8106-5065f38bb571" lookupentity="tc_extrascategory" lookupentityname="While you're there" />
        <field name="tc_extraid" value="907a203a-2699-e711-8106-5065f38bb571" />
      </record>
      <record id="dd2f1e4a-2699-e711-8106-5065f38bb571">
        <field name="tc_label" value="Excursions" />
        <field name="tc_order" value="400" />
        <field name="tc_responsedatatype" value="950000001" />
        <field name="tc_extrascategoryid" value="ec4f9dc6-2299-e711-8106-5065f38bb571" lookupentity="tc_extrascategory" lookupentityname="While you're there" />
        <field name="tc_extraid" value="dd2f1e4a-2699-e711-8106-5065f38bb571" />
      </record>
      <record id="054c9d64-2699-e711-8106-5065f38bb571">
        <field name="tc_label" value="Attraction tickets" />
        <field name="tc_order" value="500" />
        <field name="tc_responsedatatype" value="950000001" />
        <field name="tc_extrascategoryid" value="ec4f9dc6-2299-e711-8106-5065f38bb571" lookupentity="tc_extrascategory" lookupentityname="While you're there" />
        <field name="tc_extraid" value="054c9d64-2699-e711-8106-5065f38bb571" />
      </record>
      <record id="02ed4f78-2699-e711-8106-5065f38bb571">
        <field name="tc_order" value="600" />
        <field name="tc_responsedatatype" value="950000000" />
        <field name="tc_extrascategoryid" value="ec4f9dc6-2299-e711-8106-5065f38bb571" lookupentity="tc_extrascategory" lookupentityname="While you're there" />
        <field name="tc_extraid" value="02ed4f78-2699-e711-8106-5065f38bb571" />
      </record>
      <record id="5b5080f7-039f-e711-8106-5065f38bb571">
        <field name="tc_label" value="Passport" />
        <field name="tc_order" value="100" />
        <field name="tc_responsedatatype" value="950000001" />
        <field name="tc_extrascategoryid" value="d6371fce-039f-e711-8106-5065f38bb571" lookupentity="tc_extrascategory" lookupentityname="Have you spoke about" />
        <field name="tc_extraid" value="5b5080f7-039f-e711-8106-5065f38bb571" />
      </record>
      <record id="d26e3c03-049f-e711-8106-5065f38bb571">
        <field name="tc_label" value="Health" />
        <field name="tc_order" value="200" />
        <field name="tc_responsedatatype" value="950000001" />
        <field name="tc_extrascategoryid" value="d6371fce-039f-e711-8106-5065f38bb571" lookupentity="tc_extrascategory" lookupentityname="Have you spoke about" />
        <field name="tc_extraid" value="d26e3c03-049f-e711-8106-5065f38bb571" />
      </record>
      <record id="035a430e-049f-e711-8106-5065f38bb571">
        <field name="tc_label" value="Visas" />
        <field name="tc_responsedatatype" value="950000001" />
        <field name="tc_extrascategoryid" value="d6371fce-039f-e711-8106-5065f38bb571" lookupentity="tc_extrascategory" lookupentityname="Have you spoke about" />
        <field name="tc_extraid" value="035a430e-049f-e711-8106-5065f38bb571" />
      </record>
      <record id="f4794e1f-049f-e711-8106-5065f38bb571">
        <field name="tc_label" value="API" />
        <field name="tc_order" value="400" />
        <field name="tc_responsedatatype" value="950000001" />
        <field name="tc_extrascategoryid" value="d6371fce-039f-e711-8106-5065f38bb571" lookupentity="tc_extrascategory" lookupentityname="Have you spoke about" />
        <field name="tc_extraid" value="f4794e1f-049f-e711-8106-5065f38bb571" />
      </record>
      <record id="87828732-049f-e711-8106-5065f38bb571">
        <field name="tc_order" value="500" />
        <field name="tc_responsedatatype" value="950000000" />
        <field name="tc_extrascategoryid" value="d6371fce-039f-e711-8106-5065f38bb571" lookupentity="tc_extrascategory" lookupentityname="Have you spoke about" />
        <field name="tc_extraid" value="87828732-049f-e711-8106-5065f38bb571" />
      </record>
    </records>
    <m2mrelationships />
  </entity>
  <entity name="tc_extrascategory" displayname="Extras Category">
    <records>
      <record id="e361219b-2299-e711-8106-5065f38bb571">
        <field name="tc_extrascategoryid" value="e361219b-2299-e711-8106-5065f38bb571" />
        <field name="tc_label" value="Essentials" />
        <field name="tc_name" value="Essentials" />
        <field name="tc_order" value="100" />
      </record>
      <record id="aa112da6-2299-e711-8106-5065f38bb571">
        <field name="tc_extrascategoryid" value="aa112da6-2299-e711-8106-5065f38bb571" />
        <field name="tc_label" value="Before you go" />
        <field name="tc_name" value="Before you go" />
        <field name="tc_order" value="200" />
      </record>
      <record id="88c335af-2299-e711-8106-5065f38bb571">
        <field name="tc_extrascategoryid" value="88c335af-2299-e711-8106-5065f38bb571" />
        <field name="tc_label" value="Inflight" />
        <field name="tc_name" value="Inflight" />
        <field name="tc_order" value="300" />
      </record>
      <record id="ec4f9dc6-2299-e711-8106-5065f38bb571">
        <field name="tc_extrascategoryid" value="ec4f9dc6-2299-e711-8106-5065f38bb571" />
        <field name="tc_label" value="While you&amp;#39;re there" />
        <field name="tc_name" value="While you&amp;#39;re there" />
        <field name="tc_order" value="400" />
      </record>
      <record id="d6371fce-039f-e711-8106-5065f38bb571">
        <field name="tc_extrascategoryid" value="d6371fce-039f-e711-8106-5065f38bb571" />
        <field name="tc_label" value="Have you spoke about" />
        <field name="tc_name" value="Have you spoke about" />
        <field name="tc_order" value="500" />
      </record>
    </records>
    <m2mrelationships />
  </entity>
  <entity name="tc_extrasresponse" displayname="Extras Response">
    <records>
      <record id="d390c306-32a4-e711-8106-5065f38b74a1">
        <field name="tc_extraid" value="dead9498-2499-e711-8106-5065f38bb571" lookupentity="tc_extra" lookupentityname="Comments" />
        <field name="tc_extrasresponseid" value="d390c306-32a4-e711-8106-5065f38b74a1" />
        <field name="tc_name" value="546" />
        <field name="tc_travelplannerid" value="d7527235-3263-e711-8132-e0071b65cea1" lookupentity="opportunity" />
      </record>
      <record id="d490c306-32a4-e711-8106-5065f38b74a1">
        <field name="tc_extraid" value="cabd3278-2499-e711-8106-5065f38bb571" lookupentity="tc_extra" lookupentityname="Premium seats / Economy plus" />
        <field name="tc_extrasresponseid" value="d490c306-32a4-e711-8106-5065f38b74a1" />
        <field name="tc_name" value="true" />
        <field name="tc_travelplannerid" value="d7527235-3263-e711-8132-e0071b65cea1" lookupentity="opportunity" />
      </record>
      <record id="d590c306-32a4-e711-8106-5065f38b74a1">
        <field name="tc_extraid" value="3f377086-2499-e711-8106-5065f38bb571" lookupentity="tc_extra" lookupentityname="Choose your seat" />
        <field name="tc_extrasresponseid" value="d590c306-32a4-e711-8106-5065f38b74a1" />
        <field name="tc_name" value="true" />
        <field name="tc_travelplannerid" value="d7527235-3263-e711-8132-e0071b65cea1" lookupentity="opportunity" />
      </record>
      <record id="d690c306-32a4-e711-8106-5065f38b74a1">
        <field name="tc_extraid" value="9dfcd83b-2499-e711-8106-5065f38bb571" lookupentity="tc_extra" lookupentityname="3 for 2 bundle" />
        <field name="tc_extrasresponseid" value="d690c306-32a4-e711-8106-5065f38b74a1" />
        <field name="tc_name" value="true" />
        <field name="tc_travelplannerid" value="d7527235-3263-e711-8132-e0071b65cea1" lookupentity="opportunity" />
      </record>
      <record id="d790c306-32a4-e711-8106-5065f38b74a1">
        <field name="tc_extraid" value="3da95d45-2499-e711-8106-5065f38bb571" lookupentity="tc_extra" lookupentityname="Meals" />
        <field name="tc_extrasresponseid" value="d790c306-32a4-e711-8106-5065f38b74a1" />
        <field name="tc_name" value="true" />
        <field name="tc_travelplannerid" value="d7527235-3263-e711-8132-e0071b65cea1" lookupentity="opportunity" />
      </record>
      <record id="d890c306-32a4-e711-8106-5065f38b74a1">
        <field name="tc_extraid" value="09200766-2499-e711-8106-5065f38bb571" lookupentity="tc_extra" lookupentityname="Extra Luggage" />
        <field name="tc_extrasresponseid" value="d890c306-32a4-e711-8106-5065f38b74a1" />
        <field name="tc_name" value="true" />
        <field name="tc_travelplannerid" value="d7527235-3263-e711-8132-e0071b65cea1" lookupentity="opportunity" />
      </record>
      <record id="d990c306-32a4-e711-8106-5065f38b74a1">
        <field name="tc_extraid" value="71e7d892-2399-e711-8106-5065f38bb571" lookupentity="tc_extra" lookupentityname="Car parking" />
        <field name="tc_extrasresponseid" value="d990c306-32a4-e711-8106-5065f38b74a1" />
        <field name="tc_name" value="false" />
        <field name="tc_travelplannerid" value="d7527235-3263-e711-8132-e0071b65cea1" lookupentity="opportunity" />
      </record>
      <record id="da90c306-32a4-e711-8106-5065f38b74a1">
        <field name="tc_extraid" value="f96a70a7-2399-e711-8106-5065f38bb571" lookupentity="tc_extra" lookupentityname="Overnight hotel" />
        <field name="tc_extrasresponseid" value="da90c306-32a4-e711-8106-5065f38b74a1" />
        <field name="tc_name" value="false" />
        <field name="tc_travelplannerid" value="d7527235-3263-e711-8132-e0071b65cea1" lookupentity="opportunity" />
      </record>
      <record id="db90c306-32a4-e711-8106-5065f38b74a1">
        <field name="tc_extraid" value="8c7079b5-2399-e711-8106-5065f38bb571" lookupentity="tc_extra" lookupentityname="Airport lounge" />
        <field name="tc_extrasresponseid" value="db90c306-32a4-e711-8106-5065f38b74a1" />
        <field name="tc_name" value="false" />
        <field name="tc_travelplannerid" value="d7527235-3263-e711-8132-e0071b65cea1" lookupentity="opportunity" />
      </record>
      <record id="dc90c306-32a4-e711-8106-5065f38b74a1">
        <field name="tc_extraid" value="0fe1e6c0-2399-e711-8106-5065f38bb571" lookupentity="tc_extra" lookupentityname="Fast track" />
        <field name="tc_extrasresponseid" value="dc90c306-32a4-e711-8106-5065f38b74a1" />
        <field name="tc_name" value="false" />
        <field name="tc_travelplannerid" value="d7527235-3263-e711-8132-e0071b65cea1" lookupentity="opportunity" />
      </record>
      <record id="dd90c306-32a4-e711-8106-5065f38b74a1">
        <field name="tc_extraid" value="55ea52db-2399-e711-8106-5065f38bb571" lookupentity="tc_extra" lookupentityname="Comments" />
        <field name="tc_extrasresponseid" value="dd90c306-32a4-e711-8106-5065f38b74a1" />
        <field name="tc_travelplannerid" value="d7527235-3263-e711-8132-e0071b65cea1" lookupentity="opportunity" />
      </record>
      <record id="de90c306-32a4-e711-8106-5065f38b74a1">
        <field name="tc_extraid" value="9c97be1c-2399-e711-8106-5065f38bb571" lookupentity="tc_extra" lookupentityname="Insurance" />
        <field name="tc_extrasresponseid" value="de90c306-32a4-e711-8106-5065f38b74a1" />
        <field name="tc_name" value="false" />
        <field name="tc_travelplannerid" value="d7527235-3263-e711-8132-e0071b65cea1" lookupentity="opportunity" />
      </record>
      <record id="df90c306-32a4-e711-8106-5065f38b74a1">
        <field name="tc_extraid" value="a9672c35-2399-e711-8106-5065f38bb571" lookupentity="tc_extra" lookupentityname="Direct Debit" />
        <field name="tc_extrasresponseid" value="df90c306-32a4-e711-8106-5065f38b74a1" />
        <field name="tc_name" value="false" />
        <field name="tc_travelplannerid" value="d7527235-3263-e711-8132-e0071b65cea1" lookupentity="opportunity" />
      </record>
      <record id="e090c306-32a4-e711-8106-5065f38b74a1">
        <field name="tc_extraid" value="9d94c151-2399-e711-8106-5065f38bb571" lookupentity="tc_extra" lookupentityname="Travel Money" />
        <field name="tc_extrasresponseid" value="e090c306-32a4-e711-8106-5065f38b74a1" />
        <field name="tc_name" value="false" />
        <field name="tc_travelplannerid" value="d7527235-3263-e711-8132-e0071b65cea1" lookupentity="opportunity" />
      </record>
      <record id="e190c306-32a4-e711-8106-5065f38b74a1">
        <field name="tc_extraid" value="405c0d60-2399-e711-8106-5065f38bb571" lookupentity="tc_extra" lookupentityname="MCP" />
        <field name="tc_extrasresponseid" value="e190c306-32a4-e711-8106-5065f38b74a1" />
        <field name="tc_name" value="false" />
        <field name="tc_travelplannerid" value="d7527235-3263-e711-8132-e0071b65cea1" lookupentity="opportunity" />
      </record>
      <record id="e290c306-32a4-e711-8106-5065f38b74a1">
        <field name="tc_extraid" value="035a430e-049f-e711-8106-5065f38bb571" lookupentity="tc_extra" lookupentityname="Visas" />
        <field name="tc_extrasresponseid" value="e290c306-32a4-e711-8106-5065f38b74a1" />
        <field name="tc_name" value="false" />
        <field name="tc_travelplannerid" value="d7527235-3263-e711-8132-e0071b65cea1" lookupentity="opportunity" />
      </record>
      <record id="e390c306-32a4-e711-8106-5065f38b74a1">
        <field name="tc_extraid" value="5b5080f7-039f-e711-8106-5065f38bb571" lookupentity="tc_extra" lookupentityname="Passport" />
        <field name="tc_extrasresponseid" value="e390c306-32a4-e711-8106-5065f38b74a1" />
        <field name="tc_name" value="false" />
        <field name="tc_travelplannerid" value="d7527235-3263-e711-8132-e0071b65cea1" lookupentity="opportunity" />
      </record>
      <record id="e490c306-32a4-e711-8106-5065f38b74a1">
        <field name="tc_extraid" value="d0252d82-2399-e711-8106-5065f38bb571" lookupentity="tc_extra" lookupentityname="Comments" />
        <field name="tc_extrasresponseid" value="e490c306-32a4-e711-8106-5065f38b74a1" />
        <field name="tc_name" value="фвфффф" />
        <field name="tc_travelplannerid" value="d7527235-3263-e711-8132-e0071b65cea1" lookupentity="opportunity" />
      </record>
      <record id="e590c306-32a4-e711-8106-5065f38b74a1">
        <field name="tc_extraid" value="d26e3c03-049f-e711-8106-5065f38bb571" lookupentity="tc_extra" lookupentityname="Health" />
        <field name="tc_extrasresponseid" value="e590c306-32a4-e711-8106-5065f38b74a1" />
        <field name="tc_name" value="false" />
        <field name="tc_travelplannerid" value="d7527235-3263-e711-8132-e0071b65cea1" lookupentity="opportunity" />
      </record>
      <record id="e690c306-32a4-e711-8106-5065f38b74a1">
        <field name="tc_extraid" value="f4794e1f-049f-e711-8106-5065f38bb571" lookupentity="tc_extra" lookupentityname="API" />
        <field name="tc_extrasresponseid" value="e690c306-32a4-e711-8106-5065f38b74a1" />
        <field name="tc_name" value="false" />
        <field name="tc_travelplannerid" value="d7527235-3263-e711-8132-e0071b65cea1" lookupentity="opportunity" />
      </record>
      <record id="e790c306-32a4-e711-8106-5065f38b74a1">
        <field name="tc_extraid" value="87828732-049f-e711-8106-5065f38bb571" lookupentity="tc_extra" lookupentityname="Comments" />
        <field name="tc_extrasresponseid" value="e790c306-32a4-e711-8106-5065f38b74a1" />
        <field name="tc_name" value="sdfdf" />
        <field name="tc_travelplannerid" value="d7527235-3263-e711-8132-e0071b65cea1" lookupentity="opportunity" />
      </record>
      <record id="e890c306-32a4-e711-8106-5065f38b74a1">
        <field name="tc_extraid" value="81282a1f-2699-e711-8106-5065f38bb571" lookupentity="tc_extra" lookupentityname="Rep service / Connected" />
        <field name="tc_extrasresponseid" value="e890c306-32a4-e711-8106-5065f38b74a1" />
        <field name="tc_name" value="false" />
        <field name="tc_travelplannerid" value="d7527235-3263-e711-8132-e0071b65cea1" lookupentity="opportunity" />
      </record>
      <record id="e990c306-32a4-e711-8106-5065f38b74a1">
        <field name="tc_extraid" value="14419d29-2699-e711-8106-5065f38bb571" lookupentity="tc_extra" lookupentityname="Transfers" />
        <field name="tc_extrasresponseid" value="e990c306-32a4-e711-8106-5065f38b74a1" />
        <field name="tc_name" value="false" />
        <field name="tc_travelplannerid" value="d7527235-3263-e711-8132-e0071b65cea1" lookupentity="opportunity" />
      </record>
      <record id="ea90c306-32a4-e711-8106-5065f38b74a1">
        <field name="tc_extraid" value="907a203a-2699-e711-8106-5065f38bb571" lookupentity="tc_extra" lookupentityname="Car hire" />
        <field name="tc_extrasresponseid" value="ea90c306-32a4-e711-8106-5065f38b74a1" />
        <field name="tc_name" value="false" />
        <field name="tc_travelplannerid" value="d7527235-3263-e711-8132-e0071b65cea1" lookupentity="opportunity" />
      </record>
      <record id="eb90c306-32a4-e711-8106-5065f38b74a1">
        <field name="tc_extraid" value="dd2f1e4a-2699-e711-8106-5065f38bb571" lookupentity="tc_extra" lookupentityname="Excursions" />
        <field name="tc_extrasresponseid" value="eb90c306-32a4-e711-8106-5065f38b74a1" />
        <field name="tc_name" value="false" />
        <field name="tc_travelplannerid" value="d7527235-3263-e711-8132-e0071b65cea1" lookupentity="opportunity" />
      </record>
      <record id="ec90c306-32a4-e711-8106-5065f38b74a1">
        <field name="tc_extraid" value="054c9d64-2699-e711-8106-5065f38bb571" lookupentity="tc_extra" lookupentityname="Attraction tickets" />
        <field name="tc_extrasresponseid" value="ec90c306-32a4-e711-8106-5065f38b74a1" />
        <field name="tc_name" value="false" />
        <field name="tc_travelplannerid" value="d7527235-3263-e711-8132-e0071b65cea1" lookupentity="opportunity" />
      </record>
      <record id="ed90c306-32a4-e711-8106-5065f38b74a1">
        <field name="tc_extraid" value="02ed4f78-2699-e711-8106-5065f38bb571" lookupentity="tc_extra" lookupentityname="Comments" />
        <field name="tc_extrasresponseid" value="ed90c306-32a4-e711-8106-5065f38b74a1" />
        <field name="tc_name" value="AAAAAAAAAAAAAAAAAAAAAAAAAAAAAAAA" />
        <field name="tc_travelplannerid" value="d7527235-3263-e711-8132-e0071b65cea1" lookupentity="opportunity" />
      </record>
      <record id="43be4a91-35a4-e711-8106-5065f38b74a1">
        <field name="tc_extrasresponseid" value="43be4a91-35a4-e711-8106-5065f38b74a1" />
        <field name="tc_name" value="true" />
        <field name="tc_travelplannerid" value="d7527235-3263-e711-8132-e0071b65cea1" lookupentity="opportunity" />
      </record>
      <record id="b73c58f5-35a4-e711-8106-5065f38b74a1">
        <field name="tc_extraid" value="0fe1e6c0-2399-e711-8106-5065f38bb571" lookupentity="tc_extra" lookupentityname="Fast track" />
        <field name="tc_extrasresponseid" value="b73c58f5-35a4-e711-8106-5065f38b74a1" />
        <field name="tc_name" value="false" />
        <field name="tc_travelplannerid" value="7d21e5e2-35a4-e711-8106-5065f38b74a1" lookupentity="opportunity" lookupentityname="20345500000066 " />
      </record>
      <record id="b83c58f5-35a4-e711-8106-5065f38b74a1">
        <field name="tc_extraid" value="55ea52db-2399-e711-8106-5065f38bb571" lookupentity="tc_extra" lookupentityname="Comments" />
        <field name="tc_extrasresponseid" value="b83c58f5-35a4-e711-8106-5065f38b74a1" />
        <field name="tc_travelplannerid" value="7d21e5e2-35a4-e711-8106-5065f38b74a1" lookupentity="opportunity" lookupentityname="20345500000066 " />
      </record>
      <record id="b93c58f5-35a4-e711-8106-5065f38b74a1">
        <field name="tc_extraid" value="71e7d892-2399-e711-8106-5065f38bb571" lookupentity="tc_extra" lookupentityname="Car parking" />
        <field name="tc_extrasresponseid" value="b93c58f5-35a4-e711-8106-5065f38b74a1" />
        <field name="tc_name" value="false" />
        <field name="tc_travelplannerid" value="7d21e5e2-35a4-e711-8106-5065f38b74a1" lookupentity="opportunity" lookupentityname="20345500000066 " />
      </record>
      <record id="ba3c58f5-35a4-e711-8106-5065f38b74a1">
        <field name="tc_extraid" value="9c97be1c-2399-e711-8106-5065f38bb571" lookupentity="tc_extra" lookupentityname="Insurance" />
        <field name="tc_extrasresponseid" value="ba3c58f5-35a4-e711-8106-5065f38b74a1" />
        <field name="tc_name" value="false" />
        <field name="tc_travelplannerid" value="7d21e5e2-35a4-e711-8106-5065f38b74a1" lookupentity="opportunity" lookupentityname="20345500000066 " />
      </record>
      <record id="bb3c58f5-35a4-e711-8106-5065f38b74a1">
        <field name="tc_extraid" value="8c7079b5-2399-e711-8106-5065f38bb571" lookupentity="tc_extra" lookupentityname="Airport lounge" />
        <field name="tc_extrasresponseid" value="bb3c58f5-35a4-e711-8106-5065f38b74a1" />
        <field name="tc_name" value="false" />
        <field name="tc_travelplannerid" value="7d21e5e2-35a4-e711-8106-5065f38b74a1" lookupentity="opportunity" lookupentityname="20345500000066 " />
      </record>
      <record id="bc3c58f5-35a4-e711-8106-5065f38b74a1">
        <field name="tc_extraid" value="f96a70a7-2399-e711-8106-5065f38bb571" lookupentity="tc_extra" lookupentityname="Overnight hotel" />
        <field name="tc_extrasresponseid" value="bc3c58f5-35a4-e711-8106-5065f38b74a1" />
        <field name="tc_name" value="false" />
        <field name="tc_travelplannerid" value="7d21e5e2-35a4-e711-8106-5065f38b74a1" lookupentity="opportunity" lookupentityname="20345500000066 " />
      </record>
      <record id="bd3c58f5-35a4-e711-8106-5065f38b74a1">
        <field name="tc_extraid" value="a9672c35-2399-e711-8106-5065f38bb571" lookupentity="tc_extra" lookupentityname="Direct Debit" />
        <field name="tc_extrasresponseid" value="bd3c58f5-35a4-e711-8106-5065f38b74a1" />
        <field name="tc_name" value="false" />
        <field name="tc_travelplannerid" value="7d21e5e2-35a4-e711-8106-5065f38b74a1" lookupentity="opportunity" lookupentityname="20345500000066 " />
      </record>
      <record id="be3c58f5-35a4-e711-8106-5065f38b74a1">
        <field name="tc_extraid" value="9d94c151-2399-e711-8106-5065f38bb571" lookupentity="tc_extra" lookupentityname="Travel Money" />
        <field name="tc_extrasresponseid" value="be3c58f5-35a4-e711-8106-5065f38b74a1" />
        <field name="tc_name" value="false" />
        <field name="tc_travelplannerid" value="7d21e5e2-35a4-e711-8106-5065f38b74a1" lookupentity="opportunity" lookupentityname="20345500000066 " />
      </record>
      <record id="bf3c58f5-35a4-e711-8106-5065f38b74a1">
        <field name="tc_extraid" value="405c0d60-2399-e711-8106-5065f38bb571" lookupentity="tc_extra" lookupentityname="MCP" />
        <field name="tc_extrasresponseid" value="bf3c58f5-35a4-e711-8106-5065f38b74a1" />
        <field name="tc_name" value="false" />
        <field name="tc_travelplannerid" value="7d21e5e2-35a4-e711-8106-5065f38b74a1" lookupentity="opportunity" lookupentityname="20345500000066 " />
      </record>
      <record id="c03c58f5-35a4-e711-8106-5065f38b74a1">
        <field name="tc_extraid" value="035a430e-049f-e711-8106-5065f38bb571" lookupentity="tc_extra" lookupentityname="Visas" />
        <field name="tc_extrasresponseid" value="c03c58f5-35a4-e711-8106-5065f38b74a1" />
        <field name="tc_name" value="false" />
        <field name="tc_travelplannerid" value="7d21e5e2-35a4-e711-8106-5065f38b74a1" lookupentity="opportunity" lookupentityname="20345500000066 " />
      </record>
      <record id="c13c58f5-35a4-e711-8106-5065f38b74a1">
        <field name="tc_extraid" value="d0252d82-2399-e711-8106-5065f38bb571" lookupentity="tc_extra" lookupentityname="Comments" />
        <field name="tc_extrasresponseid" value="c13c58f5-35a4-e711-8106-5065f38b74a1" />
        <field name="tc_travelplannerid" value="7d21e5e2-35a4-e711-8106-5065f38b74a1" lookupentity="opportunity" lookupentityname="20345500000066 " />
      </record>
      <record id="c23c58f5-35a4-e711-8106-5065f38b74a1">
        <field name="tc_extraid" value="5b5080f7-039f-e711-8106-5065f38bb571" lookupentity="tc_extra" lookupentityname="Passport" />
        <field name="tc_extrasresponseid" value="c23c58f5-35a4-e711-8106-5065f38b74a1" />
        <field name="tc_name" value="false" />
        <field name="tc_travelplannerid" value="7d21e5e2-35a4-e711-8106-5065f38b74a1" lookupentity="opportunity" lookupentityname="20345500000066 " />
      </record>
      <record id="c33c58f5-35a4-e711-8106-5065f38b74a1">
        <field name="tc_extraid" value="f4794e1f-049f-e711-8106-5065f38bb571" lookupentity="tc_extra" lookupentityname="API" />
        <field name="tc_extrasresponseid" value="c33c58f5-35a4-e711-8106-5065f38b74a1" />
        <field name="tc_name" value="false" />
        <field name="tc_travelplannerid" value="7d21e5e2-35a4-e711-8106-5065f38b74a1" lookupentity="opportunity" lookupentityname="20345500000066 " />
      </record>
      <record id="c43c58f5-35a4-e711-8106-5065f38b74a1">
        <field name="tc_extraid" value="d26e3c03-049f-e711-8106-5065f38bb571" lookupentity="tc_extra" lookupentityname="Health" />
        <field name="tc_extrasresponseid" value="c43c58f5-35a4-e711-8106-5065f38b74a1" />
        <field name="tc_name" value="false" />
        <field name="tc_travelplannerid" value="7d21e5e2-35a4-e711-8106-5065f38b74a1" lookupentity="opportunity" lookupentityname="20345500000066 " />
      </record>
      <record id="c53c58f5-35a4-e711-8106-5065f38b74a1">
        <field name="tc_extraid" value="87828732-049f-e711-8106-5065f38bb571" lookupentity="tc_extra" lookupentityname="Comments" />
        <field name="tc_extrasresponseid" value="c53c58f5-35a4-e711-8106-5065f38b74a1" />
        <field name="tc_name" value="Hello" />
        <field name="tc_travelplannerid" value="7d21e5e2-35a4-e711-8106-5065f38b74a1" lookupentity="opportunity" lookupentityname="20345500000066 " />
      </record>
      <record id="c63c58f5-35a4-e711-8106-5065f38b74a1">
        <field name="tc_extraid" value="9dfcd83b-2499-e711-8106-5065f38bb571" lookupentity="tc_extra" lookupentityname="3 for 2 bundle" />
        <field name="tc_extrasresponseid" value="c63c58f5-35a4-e711-8106-5065f38b74a1" />
        <field name="tc_name" value="false" />
        <field name="tc_travelplannerid" value="7d21e5e2-35a4-e711-8106-5065f38b74a1" lookupentity="opportunity" lookupentityname="20345500000066 " />
      </record>
      <record id="c73c58f5-35a4-e711-8106-5065f38b74a1">
        <field name="tc_extraid" value="3da95d45-2499-e711-8106-5065f38bb571" lookupentity="tc_extra" lookupentityname="Meals" />
        <field name="tc_extrasresponseid" value="c73c58f5-35a4-e711-8106-5065f38b74a1" />
        <field name="tc_name" value="false" />
        <field name="tc_travelplannerid" value="7d21e5e2-35a4-e711-8106-5065f38b74a1" lookupentity="opportunity" lookupentityname="20345500000066 " />
      </record>
      <record id="c83c58f5-35a4-e711-8106-5065f38b74a1">
        <field name="tc_extraid" value="09200766-2499-e711-8106-5065f38bb571" lookupentity="tc_extra" lookupentityname="Extra Luggage" />
        <field name="tc_extrasresponseid" value="c83c58f5-35a4-e711-8106-5065f38b74a1" />
        <field name="tc_name" value="false" />
        <field name="tc_travelplannerid" value="7d21e5e2-35a4-e711-8106-5065f38b74a1" lookupentity="opportunity" lookupentityname="20345500000066 " />
      </record>
      <record id="c93c58f5-35a4-e711-8106-5065f38b74a1">
        <field name="tc_extraid" value="cabd3278-2499-e711-8106-5065f38bb571" lookupentity="tc_extra" lookupentityname="Premium seats / Economy plus" />
        <field name="tc_extrasresponseid" value="c93c58f5-35a4-e711-8106-5065f38b74a1" />
        <field name="tc_name" value="false" />
        <field name="tc_travelplannerid" value="7d21e5e2-35a4-e711-8106-5065f38b74a1" lookupentity="opportunity" lookupentityname="20345500000066 " />
      </record>
      <record id="ca3c58f5-35a4-e711-8106-5065f38b74a1">
        <field name="tc_extraid" value="3f377086-2499-e711-8106-5065f38bb571" lookupentity="tc_extra" lookupentityname="Choose your seat" />
        <field name="tc_extrasresponseid" value="ca3c58f5-35a4-e711-8106-5065f38b74a1" />
        <field name="tc_name" value="false" />
        <field name="tc_travelplannerid" value="7d21e5e2-35a4-e711-8106-5065f38b74a1" lookupentity="opportunity" lookupentityname="20345500000066 " />
      </record>
      <record id="cb3c58f5-35a4-e711-8106-5065f38b74a1">
        <field name="tc_extraid" value="dead9498-2499-e711-8106-5065f38bb571" lookupentity="tc_extra" lookupentityname="Comments" />
        <field name="tc_extrasresponseid" value="cb3c58f5-35a4-e711-8106-5065f38b74a1" />
        <field name="tc_travelplannerid" value="7d21e5e2-35a4-e711-8106-5065f38b74a1" lookupentity="opportunity" lookupentityname="20345500000066 " />
      </record>
      <record id="cc3c58f5-35a4-e711-8106-5065f38b74a1">
        <field name="tc_extraid" value="81282a1f-2699-e711-8106-5065f38bb571" lookupentity="tc_extra" lookupentityname="Rep service / Connected" />
        <field name="tc_extrasresponseid" value="cc3c58f5-35a4-e711-8106-5065f38b74a1" />
        <field name="tc_name" value="true" />
        <field name="tc_travelplannerid" value="7d21e5e2-35a4-e711-8106-5065f38b74a1" lookupentity="opportunity" lookupentityname="20345500000066 " />
      </record>
      <record id="cd3c58f5-35a4-e711-8106-5065f38b74a1">
        <field name="tc_extraid" value="14419d29-2699-e711-8106-5065f38bb571" lookupentity="tc_extra" lookupentityname="Transfers" />
        <field name="tc_extrasresponseid" value="cd3c58f5-35a4-e711-8106-5065f38b74a1" />
        <field name="tc_name" value="false" />
        <field name="tc_travelplannerid" value="7d21e5e2-35a4-e711-8106-5065f38b74a1" lookupentity="opportunity" lookupentityname="20345500000066 " />
      </record>
      <record id="ce3c58f5-35a4-e711-8106-5065f38b74a1">
        <field name="tc_extraid" value="907a203a-2699-e711-8106-5065f38bb571" lookupentity="tc_extra" lookupentityname="Car hire" />
        <field name="tc_extrasresponseid" value="ce3c58f5-35a4-e711-8106-5065f38b74a1" />
        <field name="tc_name" value="true" />
        <field name="tc_travelplannerid" value="7d21e5e2-35a4-e711-8106-5065f38b74a1" lookupentity="opportunity" lookupentityname="20345500000066 " />
      </record>
      <record id="cf3c58f5-35a4-e711-8106-5065f38b74a1">
        <field name="tc_extraid" value="dd2f1e4a-2699-e711-8106-5065f38bb571" lookupentity="tc_extra" lookupentityname="Excursions" />
        <field name="tc_extrasresponseid" value="cf3c58f5-35a4-e711-8106-5065f38b74a1" />
        <field name="tc_name" value="true" />
        <field name="tc_travelplannerid" value="7d21e5e2-35a4-e711-8106-5065f38b74a1" lookupentity="opportunity" lookupentityname="20345500000066 " />
      </record>
      <record id="d03c58f5-35a4-e711-8106-5065f38b74a1">
        <field name="tc_extraid" value="02ed4f78-2699-e711-8106-5065f38bb571" lookupentity="tc_extra" lookupentityname="Comments" />
        <field name="tc_extrasresponseid" value="d03c58f5-35a4-e711-8106-5065f38b74a1" />
        <field name="tc_travelplannerid" value="7d21e5e2-35a4-e711-8106-5065f38b74a1" lookupentity="opportunity" lookupentityname="20345500000066 " />
      </record>
      <record id="d13c58f5-35a4-e711-8106-5065f38b74a1">
        <field name="tc_extraid" value="054c9d64-2699-e711-8106-5065f38bb571" lookupentity="tc_extra" lookupentityname="Attraction tickets" />
        <field name="tc_extrasresponseid" value="d13c58f5-35a4-e711-8106-5065f38b74a1" />
        <field name="tc_name" value="false" />
        <field name="tc_travelplannerid" value="7d21e5e2-35a4-e711-8106-5065f38b74a1" lookupentity="opportunity" lookupentityname="20345500000066 " />
      </record>
      <record id="a3e96b05-39a4-e711-8106-5065f38b74a1">
        <field name="tc_extraid" value="a9672c35-2399-e711-8106-5065f38bb571" lookupentity="tc_extra" lookupentityname="Direct Debit" />
        <field name="tc_extrasresponseid" value="a3e96b05-39a4-e711-8106-5065f38b74a1" />
        <field name="tc_name" value="false" />
        <field name="tc_travelplannerid" value="abae04e1-9d9f-e711-8106-5065f38bc531" lookupentity="opportunity" lookupentityname="20345500000049 " />
      </record>
      <record id="a4e96b05-39a4-e711-8106-5065f38b74a1">
        <field name="tc_extraid" value="9c97be1c-2399-e711-8106-5065f38bb571" lookupentity="tc_extra" lookupentityname="Insurance" />
        <field name="tc_extrasresponseid" value="a4e96b05-39a4-e711-8106-5065f38b74a1" />
        <field name="tc_name" value="false" />
        <field name="tc_travelplannerid" value="abae04e1-9d9f-e711-8106-5065f38bc531" lookupentity="opportunity" lookupentityname="20345500000049 " />
      </record>
      <record id="a5e96b05-39a4-e711-8106-5065f38b74a1">
        <field name="tc_extraid" value="9d94c151-2399-e711-8106-5065f38bb571" lookupentity="tc_extra" lookupentityname="Travel Money" />
        <field name="tc_extrasresponseid" value="a5e96b05-39a4-e711-8106-5065f38b74a1" />
        <field name="tc_name" value="false" />
        <field name="tc_travelplannerid" value="abae04e1-9d9f-e711-8106-5065f38bc531" lookupentity="opportunity" lookupentityname="20345500000049 " />
      </record>
      <record id="a6e96b05-39a4-e711-8106-5065f38b74a1">
        <field name="tc_extraid" value="d0252d82-2399-e711-8106-5065f38bb571" lookupentity="tc_extra" lookupentityname="Comments" />
        <field name="tc_extrasresponseid" value="a6e96b05-39a4-e711-8106-5065f38b74a1" />
        <field name="tc_name" value="Рш" />
        <field name="tc_travelplannerid" value="abae04e1-9d9f-e711-8106-5065f38bc531" lookupentity="opportunity" lookupentityname="20345500000049 " />
      </record>
      <record id="a7e96b05-39a4-e711-8106-5065f38b74a1">
        <field name="tc_extraid" value="9dfcd83b-2499-e711-8106-5065f38bb571" lookupentity="tc_extra" lookupentityname="3 for 2 bundle" />
        <field name="tc_extrasresponseid" value="a7e96b05-39a4-e711-8106-5065f38b74a1" />
        <field name="tc_name" value="false" />
        <field name="tc_travelplannerid" value="abae04e1-9d9f-e711-8106-5065f38bc531" lookupentity="opportunity" lookupentityname="20345500000049 " />
      </record>
      <record id="a8e96b05-39a4-e711-8106-5065f38b74a1">
        <field name="tc_extraid" value="405c0d60-2399-e711-8106-5065f38bb571" lookupentity="tc_extra" lookupentityname="MCP" />
        <field name="tc_extrasresponseid" value="a8e96b05-39a4-e711-8106-5065f38b74a1" />
        <field name="tc_name" value="false" />
        <field name="tc_travelplannerid" value="abae04e1-9d9f-e711-8106-5065f38bc531" lookupentity="opportunity" lookupentityname="20345500000049 " />
      </record>
      <record id="a9e96b05-39a4-e711-8106-5065f38b74a1">
        <field name="tc_extraid" value="3da95d45-2499-e711-8106-5065f38bb571" lookupentity="tc_extra" lookupentityname="Meals" />
        <field name="tc_extrasresponseid" value="a9e96b05-39a4-e711-8106-5065f38b74a1" />
        <field name="tc_name" value="false" />
        <field name="tc_travelplannerid" value="abae04e1-9d9f-e711-8106-5065f38bc531" lookupentity="opportunity" lookupentityname="20345500000049 " />
      </record>
      <record id="aae96b05-39a4-e711-8106-5065f38b74a1">
        <field name="tc_extraid" value="09200766-2499-e711-8106-5065f38bb571" lookupentity="tc_extra" lookupentityname="Extra Luggage" />
        <field name="tc_extrasresponseid" value="aae96b05-39a4-e711-8106-5065f38b74a1" />
        <field name="tc_name" value="false" />
        <field name="tc_travelplannerid" value="abae04e1-9d9f-e711-8106-5065f38bc531" lookupentity="opportunity" lookupentityname="20345500000049 " />
      </record>
      <record id="abe96b05-39a4-e711-8106-5065f38b74a1">
        <field name="tc_extraid" value="cabd3278-2499-e711-8106-5065f38bb571" lookupentity="tc_extra" lookupentityname="Premium seats / Economy plus" />
        <field name="tc_extrasresponseid" value="abe96b05-39a4-e711-8106-5065f38b74a1" />
        <field name="tc_name" value="false" />
        <field name="tc_travelplannerid" value="abae04e1-9d9f-e711-8106-5065f38bc531" lookupentity="opportunity" lookupentityname="20345500000049 " />
      </record>
      <record id="ace96b05-39a4-e711-8106-5065f38b74a1">
        <field name="tc_extraid" value="3f377086-2499-e711-8106-5065f38bb571" lookupentity="tc_extra" lookupentityname="Choose your seat" />
        <field name="tc_extrasresponseid" value="ace96b05-39a4-e711-8106-5065f38b74a1" />
        <field name="tc_name" value="false" />
        <field name="tc_travelplannerid" value="abae04e1-9d9f-e711-8106-5065f38bc531" lookupentity="opportunity" lookupentityname="20345500000049 " />
      </record>
      <record id="ade96b05-39a4-e711-8106-5065f38b74a1">
        <field name="tc_extraid" value="dead9498-2499-e711-8106-5065f38bb571" lookupentity="tc_extra" lookupentityname="Comments" />
        <field name="tc_extrasresponseid" value="ade96b05-39a4-e711-8106-5065f38b74a1" />
        <field name="tc_travelplannerid" value="abae04e1-9d9f-e711-8106-5065f38bc531" lookupentity="opportunity" lookupentityname="20345500000049 " />
      </record>
      <record id="aee96b05-39a4-e711-8106-5065f38b74a1">
        <field name="tc_extraid" value="71e7d892-2399-e711-8106-5065f38bb571" lookupentity="tc_extra" lookupentityname="Car parking" />
        <field name="tc_extrasresponseid" value="aee96b05-39a4-e711-8106-5065f38b74a1" />
        <field name="tc_name" value="false" />
        <field name="tc_travelplannerid" value="abae04e1-9d9f-e711-8106-5065f38bc531" lookupentity="opportunity" lookupentityname="20345500000049 " />
      </record>
      <record id="afe96b05-39a4-e711-8106-5065f38b74a1">
        <field name="tc_extraid" value="f96a70a7-2399-e711-8106-5065f38bb571" lookupentity="tc_extra" lookupentityname="Overnight hotel" />
        <field name="tc_extrasresponseid" value="afe96b05-39a4-e711-8106-5065f38b74a1" />
        <field name="tc_name" value="false" />
        <field name="tc_travelplannerid" value="abae04e1-9d9f-e711-8106-5065f38bc531" lookupentity="opportunity" lookupentityname="20345500000049 " />
      </record>
      <record id="b0e96b05-39a4-e711-8106-5065f38b74a1">
        <field name="tc_extraid" value="8c7079b5-2399-e711-8106-5065f38bb571" lookupentity="tc_extra" lookupentityname="Airport lounge" />
        <field name="tc_extrasresponseid" value="b0e96b05-39a4-e711-8106-5065f38b74a1" />
        <field name="tc_name" value="false" />
        <field name="tc_travelplannerid" value="abae04e1-9d9f-e711-8106-5065f38bc531" lookupentity="opportunity" lookupentityname="20345500000049 " />
      </record>
      <record id="b1e96b05-39a4-e711-8106-5065f38b74a1">
        <field name="tc_extraid" value="0fe1e6c0-2399-e711-8106-5065f38bb571" lookupentity="tc_extra" lookupentityname="Fast track" />
        <field name="tc_extrasresponseid" value="b1e96b05-39a4-e711-8106-5065f38b74a1" />
        <field name="tc_name" value="false" />
        <field name="tc_travelplannerid" value="abae04e1-9d9f-e711-8106-5065f38bc531" lookupentity="opportunity" lookupentityname="20345500000049 " />
      </record>
      <record id="b2e96b05-39a4-e711-8106-5065f38b74a1">
        <field name="tc_extraid" value="55ea52db-2399-e711-8106-5065f38bb571" lookupentity="tc_extra" lookupentityname="Comments" />
        <field name="tc_extrasresponseid" value="b2e96b05-39a4-e711-8106-5065f38b74a1" />
        <field name="tc_travelplannerid" value="abae04e1-9d9f-e711-8106-5065f38bc531" lookupentity="opportunity" lookupentityname="20345500000049 " />
      </record>
      <record id="b3e96b05-39a4-e711-8106-5065f38b74a1">
        <field name="tc_extraid" value="81282a1f-2699-e711-8106-5065f38bb571" lookupentity="tc_extra" lookupentityname="Rep service / Connected" />
        <field name="tc_extrasresponseid" value="b3e96b05-39a4-e711-8106-5065f38b74a1" />
        <field name="tc_name" value="false" />
        <field name="tc_travelplannerid" value="abae04e1-9d9f-e711-8106-5065f38bc531" lookupentity="opportunity" lookupentityname="20345500000049 " />
      </record>
      <record id="b4e96b05-39a4-e711-8106-5065f38b74a1">
        <field name="tc_extraid" value="14419d29-2699-e711-8106-5065f38bb571" lookupentity="tc_extra" lookupentityname="Transfers" />
        <field name="tc_extrasresponseid" value="b4e96b05-39a4-e711-8106-5065f38b74a1" />
        <field name="tc_name" value="false" />
        <field name="tc_travelplannerid" value="abae04e1-9d9f-e711-8106-5065f38bc531" lookupentity="opportunity" lookupentityname="20345500000049 " />
      </record>
      <record id="b5e96b05-39a4-e711-8106-5065f38b74a1">
        <field name="tc_extraid" value="907a203a-2699-e711-8106-5065f38bb571" lookupentity="tc_extra" lookupentityname="Car hire" />
        <field name="tc_extrasresponseid" value="b5e96b05-39a4-e711-8106-5065f38b74a1" />
        <field name="tc_name" value="false" />
        <field name="tc_travelplannerid" value="abae04e1-9d9f-e711-8106-5065f38bc531" lookupentity="opportunity" lookupentityname="20345500000049 " />
      </record>
      <record id="b6e96b05-39a4-e711-8106-5065f38b74a1">
        <field name="tc_extraid" value="054c9d64-2699-e711-8106-5065f38bb571" lookupentity="tc_extra" lookupentityname="Attraction tickets" />
        <field name="tc_extrasresponseid" value="b6e96b05-39a4-e711-8106-5065f38b74a1" />
        <field name="tc_name" value="false" />
        <field name="tc_travelplannerid" value="abae04e1-9d9f-e711-8106-5065f38bc531" lookupentity="opportunity" lookupentityname="20345500000049 " />
      </record>
      <record id="b7e96b05-39a4-e711-8106-5065f38b74a1">
        <field name="tc_extraid" value="dd2f1e4a-2699-e711-8106-5065f38bb571" lookupentity="tc_extra" lookupentityname="Excursions" />
        <field name="tc_extrasresponseid" value="b7e96b05-39a4-e711-8106-5065f38b74a1" />
        <field name="tc_name" value="false" />
        <field name="tc_travelplannerid" value="abae04e1-9d9f-e711-8106-5065f38bc531" lookupentity="opportunity" lookupentityname="20345500000049 " />
      </record>
      <record id="b8e96b05-39a4-e711-8106-5065f38b74a1">
        <field name="tc_extraid" value="02ed4f78-2699-e711-8106-5065f38bb571" lookupentity="tc_extra" lookupentityname="Comments" />
        <field name="tc_extrasresponseid" value="b8e96b05-39a4-e711-8106-5065f38b74a1" />
        <field name="tc_travelplannerid" value="abae04e1-9d9f-e711-8106-5065f38bc531" lookupentity="opportunity" lookupentityname="20345500000049 " />
      </record>
      <record id="b9e96b05-39a4-e711-8106-5065f38b74a1">
        <field name="tc_extraid" value="035a430e-049f-e711-8106-5065f38bb571" lookupentity="tc_extra" lookupentityname="Visas" />
        <field name="tc_extrasresponseid" value="b9e96b05-39a4-e711-8106-5065f38b74a1" />
        <field name="tc_name" value="false" />
        <field name="tc_travelplannerid" value="abae04e1-9d9f-e711-8106-5065f38bc531" lookupentity="opportunity" lookupentityname="20345500000049 " />
      </record>
      <record id="bae96b05-39a4-e711-8106-5065f38b74a1">
        <field name="tc_extraid" value="5b5080f7-039f-e711-8106-5065f38bb571" lookupentity="tc_extra" lookupentityname="Passport" />
        <field name="tc_extrasresponseid" value="bae96b05-39a4-e711-8106-5065f38b74a1" />
        <field name="tc_name" value="false" />
        <field name="tc_travelplannerid" value="abae04e1-9d9f-e711-8106-5065f38bc531" lookupentity="opportunity" lookupentityname="20345500000049 " />
      </record>
      <record id="bbe96b05-39a4-e711-8106-5065f38b74a1">
        <field name="tc_extraid" value="d26e3c03-049f-e711-8106-5065f38bb571" lookupentity="tc_extra" lookupentityname="Health" />
        <field name="tc_extrasresponseid" value="bbe96b05-39a4-e711-8106-5065f38b74a1" />
        <field name="tc_name" value="false" />
        <field name="tc_travelplannerid" value="abae04e1-9d9f-e711-8106-5065f38bc531" lookupentity="opportunity" lookupentityname="20345500000049 " />
      </record>
      <record id="bce96b05-39a4-e711-8106-5065f38b74a1">
        <field name="tc_extraid" value="f4794e1f-049f-e711-8106-5065f38bb571" lookupentity="tc_extra" lookupentityname="API" />
        <field name="tc_extrasresponseid" value="bce96b05-39a4-e711-8106-5065f38b74a1" />
        <field name="tc_name" value="false" />
        <field name="tc_travelplannerid" value="abae04e1-9d9f-e711-8106-5065f38bc531" lookupentity="opportunity" lookupentityname="20345500000049 " />
      </record>
      <record id="bde96b05-39a4-e711-8106-5065f38b74a1">
        <field name="tc_extraid" value="87828732-049f-e711-8106-5065f38bb571" lookupentity="tc_extra" lookupentityname="Comments" />
        <field name="tc_extrasresponseid" value="bde96b05-39a4-e711-8106-5065f38b74a1" />
        <field name="tc_travelplannerid" value="abae04e1-9d9f-e711-8106-5065f38bc531" lookupentity="opportunity" lookupentityname="20345500000049 " />
      </record>
    </records>
    <m2mrelationships />
  </entity>
</entities>