
<entities xmlns:xsd="http://www.w3.org/2001/XMLSchema" xmlns:xsi="http://www.w3.org/2001/XMLSchema-instance">
  <entity name="tc_extra" displayname="Extra">
    <records>
      <record id="9c97be1c-2399-e711-8106-5065f38bb571">
        <field name="tc_extraid" value="9c97be1c-2399-e711-8106-5065f38bb571" />
        <field name="tc_extrascategoryid" value="e361219b-2299-e711-8106-5065f38bb571" lookupentity="tc_extrascategory" lookupentityname="Essentials" />
        <field name="tc_name" value="Insurance" />
        <field name="tc_order" value="100" />
        <field name="tc_responsedatatype" value="950000001" />
      </record>
      <record id="a9672c35-2399-e711-8106-5065f38bb571">
        <field name="tc_extraid" value="a9672c35-2399-e711-8106-5065f38bb571" />
        <field name="tc_extrascategoryid" value="e361219b-2299-e711-8106-5065f38bb571" lookupentity="tc_extrascategory" lookupentityname="Essentials" />
        <field name="tc_name" value="Direct Debit" />
        <field name="tc_order" value="200" />
        <field name="tc_responsedatatype" value="950000001" />
      </record>
      <record id="9d94c151-2399-e711-8106-5065f38bb571">
        <field name="tc_extraid" value="9d94c151-2399-e711-8106-5065f38bb571" />
        <field name="tc_extrascategoryid" value="e361219b-2299-e711-8106-5065f38bb571" lookupentity="tc_extrascategory" lookupentityname="Essentials" />
        <field name="tc_name" value="Travel Money" />
        <field name="tc_order" value="300" />
        <field name="tc_responsedatatype" value="950000001" />
      </record>
      <record id="405c0d60-2399-e711-8106-5065f38bb571">
        <field name="tc_extraid" value="405c0d60-2399-e711-8106-5065f38bb571" />
        <field name="tc_extrascategoryid" value="e361219b-2299-e711-8106-5065f38bb571" lookupentity="tc_extrascategory" lookupentityname="Essentials" />
        <field name="tc_name" value="MCP" />
        <field name="tc_order" value="400" />
        <field name="tc_responsedatatype" value="950000001" />
      </record>
      <record id="d0252d82-2399-e711-8106-5065f38bb571">
        <field name="tc_extraid" value="d0252d82-2399-e711-8106-5065f38bb571" />
        <field name="tc_extrascategoryid" value="e361219b-2299-e711-8106-5065f38bb571" lookupentity="tc_extrascategory" lookupentityname="Essentials" />
        <field name="tc_name" value="Comment" />
        <field name="tc_order" value="500" />
        <field name="tc_placeholder" value="Add comments box in this section" />
        <field name="tc_responsedatatype" value="950000000" />
      </record>
      <record id="71e7d892-2399-e711-8106-5065f38bb571">
        <field name="tc_extraid" value="71e7d892-2399-e711-8106-5065f38bb571" />
        <field name="tc_extrascategoryid" value="aa112da6-2299-e711-8106-5065f38bb571" lookupentity="tc_extrascategory" lookupentityname="Before you go" />
        <field name="tc_name" value="Car parking" />
        <field name="tc_order" value="100" />
        <field name="tc_responsedatatype" value="950000001" />
      </record>
      <record id="f96a70a7-2399-e711-8106-5065f38bb571">
        <field name="tc_extraid" value="f96a70a7-2399-e711-8106-5065f38bb571" />
        <field name="tc_extrascategoryid" value="aa112da6-2299-e711-8106-5065f38bb571" lookupentity="tc_extrascategory" lookupentityname="Before you go" />
        <field name="tc_name" value="Overnight hotel" />
        <field name="tc_order" value="200" />
        <field name="tc_responsedatatype" value="950000001" />
      </record>
      <record id="8c7079b5-2399-e711-8106-5065f38bb571">
        <field name="tc_extraid" value="8c7079b5-2399-e711-8106-5065f38bb571" />
        <field name="tc_extrascategoryid" value="aa112da6-2299-e711-8106-5065f38bb571" lookupentity="tc_extrascategory" lookupentityname="Before you go" />
        <field name="tc_name" value="Airport lounge" />
        <field name="tc_order" value="300" />
        <field name="tc_responsedatatype" value="950000001" />
      </record>
      <record id="0fe1e6c0-2399-e711-8106-5065f38bb571">
        <field name="tc_extraid" value="0fe1e6c0-2399-e711-8106-5065f38bb571" />
        <field name="tc_extrascategoryid" value="aa112da6-2299-e711-8106-5065f38bb571" lookupentity="tc_extrascategory" lookupentityname="Before you go" />
        <field name="tc_name" value="Fast track" />
        <field name="tc_order" value="400" />
        <field name="tc_responsedatatype" value="950000001" />
      </record>
      <record id="55ea52db-2399-e711-8106-5065f38bb571">
        <field name="tc_extraid" value="55ea52db-2399-e711-8106-5065f38bb571" />
        <field name="tc_extrascategoryid" value="aa112da6-2299-e711-8106-5065f38bb571" lookupentity="tc_extrascategory" lookupentityname="Before you go" />
        <field name="tc_name" value="Comments" />
        <field name="tc_order" value="500" />
        <field name="tc_placeholder" value="Add cooments" />
        <field name="tc_responsedatatype" value="950000000" />
      </record>
      <record id="9dfcd83b-2499-e711-8106-5065f38bb571">
        <field name="tc_extraid" value="9dfcd83b-2499-e711-8106-5065f38bb571" />
        <field name="tc_extrascategoryid" value="88c335af-2299-e711-8106-5065f38bb571" lookupentity="tc_extrascategory" lookupentityname="Inflight" />
        <field name="tc_name" value="3 for 2 bundle" />
        <field name="tc_order" value="100" />
        <field name="tc_responsedatatype" value="950000001" />
      </record>
      <record id="3da95d45-2499-e711-8106-5065f38bb571">
        <field name="tc_extraid" value="3da95d45-2499-e711-8106-5065f38bb571" />
        <field name="tc_extrascategoryid" value="88c335af-2299-e711-8106-5065f38bb571" lookupentity="tc_extrascategory" lookupentityname="Inflight" />
        <field name="tc_name" value="Meals" />
        <field name="tc_order" value="200" />
        <field name="tc_responsedatatype" value="950000001" />
      </record>
      <record id="09200766-2499-e711-8106-5065f38bb571">
        <field name="tc_extraid" value="09200766-2499-e711-8106-5065f38bb571" />
        <field name="tc_extrascategoryid" value="88c335af-2299-e711-8106-5065f38bb571" lookupentity="tc_extrascategory" lookupentityname="Inflight" />
        <field name="tc_name" value="Extra Luggage" />
        <field name="tc_order" value="300" />
        <field name="tc_responsedatatype" value="950000001" />
      </record>
      <record id="cabd3278-2499-e711-8106-5065f38bb571">
        <field name="tc_extraid" value="cabd3278-2499-e711-8106-5065f38bb571" />
        <field name="tc_extrascategoryid" value="88c335af-2299-e711-8106-5065f38bb571" lookupentity="tc_extrascategory" lookupentityname="Inflight" />
        <field name="tc_name" value="Premium seats / Economy plus" />
        <field name="tc_order" value="400" />
        <field name="tc_responsedatatype" value="950000001" />
      </record>
      <record id="3f377086-2499-e711-8106-5065f38bb571">
        <field name="tc_extraid" value="3f377086-2499-e711-8106-5065f38bb571" />
        <field name="tc_extrascategoryid" value="88c335af-2299-e711-8106-5065f38bb571" lookupentity="tc_extrascategory" lookupentityname="Inflight" />
        <field name="tc_name" value="Choose your seat" />
        <field name="tc_order" value="500" />
        <field name="tc_responsedatatype" value="950000001" />
      </record>
      <record id="dead9498-2499-e711-8106-5065f38bb571">
        <field name="tc_extraid" value="dead9498-2499-e711-8106-5065f38bb571" />
        <field name="tc_extrascategoryid" value="88c335af-2299-e711-8106-5065f38bb571" lookupentity="tc_extrascategory" lookupentityname="Inflight" />
        <field name="tc_name" value="Comments" />
        <field name="tc_order" value="600" />
        <field name="tc_placeholder" value="Add comments" />
        <field name="tc_responsedatatype" value="950000000" />
      </record>
      <record id="81282a1f-2699-e711-8106-5065f38bb571">
        <field name="tc_extraid" value="81282a1f-2699-e711-8106-5065f38bb571" />
        <field name="tc_extrascategoryid" value="ec4f9dc6-2299-e711-8106-5065f38bb571" lookupentity="tc_extrascategory" lookupentityname="While you're there" />
        <field name="tc_name" value="Rep service / Connected" />
        <field name="tc_order" value="100" />
        <field name="tc_responsedatatype" value="950000001" />
      </record>
      <record id="14419d29-2699-e711-8106-5065f38bb571">
        <field name="tc_extraid" value="14419d29-2699-e711-8106-5065f38bb571" />
        <field name="tc_extrascategoryid" value="ec4f9dc6-2299-e711-8106-5065f38bb571" lookupentity="tc_extrascategory" lookupentityname="While you're there" />
        <field name="tc_name" value="Transfers" />
        <field name="tc_order" value="200" />
        <field name="tc_responsedatatype" value="950000001" />
      </record>
      <record id="907a203a-2699-e711-8106-5065f38bb571">
        <field name="tc_extraid" value="907a203a-2699-e711-8106-5065f38bb571" />
        <field name="tc_extrascategoryid" value="ec4f9dc6-2299-e711-8106-5065f38bb571" lookupentity="tc_extrascategory" lookupentityname="While you're there" />
        <field name="tc_name" value="Car hire" />
        <field name="tc_order" value="300" />
        <field name="tc_responsedatatype" value="950000001" />
      </record>
      <record id="dd2f1e4a-2699-e711-8106-5065f38bb571">
        <field name="tc_extraid" value="dd2f1e4a-2699-e711-8106-5065f38bb571" />
        <field name="tc_extrascategoryid" value="ec4f9dc6-2299-e711-8106-5065f38bb571" lookupentity="tc_extrascategory" lookupentityname="While you're there" />
        <field name="tc_name" value="Excursions" />
        <field name="tc_order" value="400" />
        <field name="tc_responsedatatype" value="950000001" />
      </record>
      <record id="054c9d64-2699-e711-8106-5065f38bb571">
        <field name="tc_extraid" value="054c9d64-2699-e711-8106-5065f38bb571" />
        <field name="tc_extrascategoryid" value="ec4f9dc6-2299-e711-8106-5065f38bb571" lookupentity="tc_extrascategory" lookupentityname="While you're there" />
        <field name="tc_name" value="Attraction tickets" />
        <field name="tc_order" value="500" />
        <field name="tc_responsedatatype" value="950000001" />
      </record>
      <record id="02ed4f78-2699-e711-8106-5065f38bb571">
        <field name="tc_extraid" value="02ed4f78-2699-e711-8106-5065f38bb571" />
        <field name="tc_extrascategoryid" value="ec4f9dc6-2299-e711-8106-5065f38bb571" lookupentity="tc_extrascategory" lookupentityname="While you're there" />
        <field name="tc_name" value="Comments" />
        <field name="tc_order" value="600" />
        <field name="tc_placeholder" value="Add comments" />
        <field name="tc_responsedatatype" value="950000000" />
      </record>
      <record id="5b5080f7-039f-e711-8106-5065f38bb571">
        <field name="tc_extraid" value="5b5080f7-039f-e711-8106-5065f38bb571" />
        <field name="tc_extrascategoryid" value="d6371fce-039f-e711-8106-5065f38bb571" lookupentity="tc_extrascategory" lookupentityname="Have you spoke about" />
        <field name="tc_name" value="Passport" />
        <field name="tc_order" value="100" />
        <field name="tc_responsedatatype" value="950000001" />
      </record>
      <record id="d26e3c03-049f-e711-8106-5065f38bb571">
        <field name="tc_extraid" value="d26e3c03-049f-e711-8106-5065f38bb571" />
        <field name="tc_extrascategoryid" value="d6371fce-039f-e711-8106-5065f38bb571" lookupentity="tc_extrascategory" lookupentityname="Have you spoke about" />
        <field name="tc_name" value="Health" />
        <field name="tc_order" value="200" />
        <field name="tc_responsedatatype" value="950000001" />
      </record>
      <record id="035a430e-049f-e711-8106-5065f38bb571">
        <field name="tc_extraid" value="035a430e-049f-e711-8106-5065f38bb571" />
        <field name="tc_extrascategoryid" value="d6371fce-039f-e711-8106-5065f38bb571" lookupentity="tc_extrascategory" lookupentityname="Have you spoke about" />
        <field name="tc_name" value="Visas" />
        <field name="tc_responsedatatype" value="950000001" />
      </record>
      <record id="f4794e1f-049f-e711-8106-5065f38bb571">
        <field name="tc_extraid" value="f4794e1f-049f-e711-8106-5065f38bb571" />
        <field name="tc_extrascategoryid" value="d6371fce-039f-e711-8106-5065f38bb571" lookupentity="tc_extrascategory" lookupentityname="Have you spoke about" />
        <field name="tc_name" value="API" />
        <field name="tc_order" value="400" />
        <field name="tc_responsedatatype" value="950000001" />
      </record>
      <record id="87828732-049f-e711-8106-5065f38bb571">
        <field name="tc_extraid" value="87828732-049f-e711-8106-5065f38bb571" />
        <field name="tc_extrascategoryid" value="d6371fce-039f-e711-8106-5065f38bb571" lookupentity="tc_extrascategory" lookupentityname="Have you spoke about" />
        <field name="tc_name" value="Comments" />
        <field name="tc_order" value="500" />
        <field name="tc_responsedatatype" value="950000000" />
      </record>
    </records>
    <m2mrelationships />
  </entity>
  <entity name="tc_extrascategory" displayname="Extras Category">
    <records>
      <record id="e361219b-2299-e711-8106-5065f38bb571">
        <field name="tc_entity" value="opportunity" />
        <field name="tc_extrascategoryid" value="e361219b-2299-e711-8106-5065f38bb571" />
        <field name="tc_label" value="Essentials" />
        <field name="tc_name" value="Essentials" />
        <field name="tc_order" value="100" />
      </record>
      <record id="aa112da6-2299-e711-8106-5065f38bb571">
        <field name="tc_entity" value="opportunity" />
        <field name="tc_extrascategoryid" value="aa112da6-2299-e711-8106-5065f38bb571" />
        <field name="tc_label" value="Before you go" />
        <field name="tc_name" value="Before you go" />
        <field name="tc_order" value="200" />
      </record>
      <record id="88c335af-2299-e711-8106-5065f38bb571">
        <field name="tc_entity" value="opportunity" />
        <field name="tc_extrascategoryid" value="88c335af-2299-e711-8106-5065f38bb571" />
        <field name="tc_label" value="Inflight" />
        <field name="tc_name" value="Inflight" />
        <field name="tc_order" value="300" />
      </record>
      <record id="ec4f9dc6-2299-e711-8106-5065f38bb571">
        <field name="tc_entity" value="opportunity" />
        <field name="tc_extrascategoryid" value="ec4f9dc6-2299-e711-8106-5065f38bb571" />
        <field name="tc_label" value="While you&amp;#39;re there" />
        <field name="tc_name" value="While you&amp;#39;re there" />
        <field name="tc_order" value="400" />
      </record>
      <record id="d6371fce-039f-e711-8106-5065f38bb571">
        <field name="tc_entity" value="opportunity" />
        <field name="tc_extrascategoryid" value="d6371fce-039f-e711-8106-5065f38bb571" />
        <field name="tc_label" value="Have you spoke about" />
        <field name="tc_name" value="Have you spoke about" />
        <field name="tc_order" value="500" />
      </record>
    </records>
    <m2mrelationships />
  </entity>
</entities>